tree
version=v4
num_class=1
num_tree_per_iteration=1
label_index=0
max_feature_idx=59
objective=regression
feature_names=ats_margin_avg3_away diff_adj_def_epa_std diff_adj_off_epa_std diff_away_def_epa_roll6 diff_away_def_epa_std diff_away_off_epa_roll3 diff_away_off_epa_roll6 diff_def_explosive_rush_rate_roll3 diff_def_explosive_rush_rate_roll6 diff_def_injury_impact_std diff_def_penalties_std diff_def_penalty_yards_drawn_roll6 diff_def_penalty_yards_std diff_def_rz_epa_roll3 diff_def_rz_epa_roll6 diff_def_rz_pass_rate_std diff_def_sack_rate_roll3 diff_def_sack_rate_roll6 diff_def_success_rate_roll3 diff_def_success_rate_roll6 diff_def_three_and_out_rate_std diff_div_def_epa_roll3 diff_div_def_epa_roll6 diff_fourth_down_success_rate_roll6 diff_fourth_down_success_rate_std diff_home_def_epa_std diff_ko_return_avg_std diff_ko_touchback_rate_std diff_leading_def_epa_std diff_leading_off_epa_roll3 diff_leading_off_epa_roll6 diff_leading_off_epa_std diff_nondiv_def_epa_roll3 diff_nondiv_def_epa_roll6 diff_nondiv_off_epa_roll3 diff_off_cpoe_roll6 diff_off_explosive_pass_rate_roll3 diff_off_penalty_yards_drawn_roll3 diff_off_penalty_yards_std diff_off_rz_epa_roll3 diff_off_rz_success_rate_std diff_off_sack_rate_roll3 diff_off_sack_rate_roll6 diff_off_success_rate_roll3 diff_off_success_rate_roll6 diff_off_three_and_out_rate_roll6 diff_opening_spread diff_opp_fumble_recovery_rate_std_roll6 diff_own_fumble_recovery_rate_std_std diff_pace_roll3 diff_punt_return_avg_roll3 diff_rb_weighted_epa_roll3 diff_rb_weighted_epa_std diff_skill_injury_impact_roll3 diff_skill_injury_impact_roll6 diff_trailing_off_epa_roll6 opening_total_away ref_penalties_per_game_away travel_miles_away wins_home
feature_infos=[-38:39] [-0.71541596949100494:0.88652980327606201] [-0.89615999162197113:0.75189545750617981] [-0.76172319302956271:0.81195994466543198] [-0.76172319302956271:0.81195994466543198] [-0.95676788687705994:0.98236359283328056] [-0.73939523100852966:0.84628571569919586] [-0.2424242424242424:0.23763515067862895] [-0.2424242424242424:0.20042417815482502] [-4.1500000000000004:3] [-5:7] [-69:77] [-94:80] [-2.8487167047957578:2.7074642988542714] [-2.2391043901443481:2.4243320624033609] [-0.8333333283662796:0.90909093618392944] [-0.16011972352862358:0.1666666716337204] [-0.14705882966518402:0.1666666716337204] [-0.24968472123146057:0.30359803140163422] [-0.24968472123146057:0.30359803140163422] [-0.46153846153846156:0.40909090909090906] [-0.77946552634239197:0.84154427051544189] [-0.86481103301048279:0.78134894371032715] [-1:1] [-1:1] [-0.80247220396995544:0.88652980327606201] [-48.5:47.125] [-1:1] [-5.3859257698059082:5.3745922148227692] [-8.9221019198497142:8.8304748088121414] [-8.3892935514450073:5.439639899879694] [-4.8015694357454777:5.439639899879694] [-0.73443540185689926:0.88652980327606201] [-0.65543012320995331:0.88652980327606201] [-0.74516201019287109:0.97462587058544159] [-30.688534736633301:38.514461517333984] [-0.18837018837018837:0.2857142857142857] [-77:94] [-75:50] [-3.2184919714927673:2.6077703610062599] [-0.73333331942558289:0.84615384042263031] [-0.1803727789471547:0.16151407609383264] [-0.16287340596318245:0.14610389992594719] [-0.38152013719081879:0.27322402596473694] [-0.38152013719081879:0.27322402596473694] [-0.4116161616161616:0.57575757575757569] [-33:43] [-1:1] [-1:1] [-34:32] [-26.999999523162842:45.416667938232422] [-8.528332817309348:10.559087289124728] [-7.6779916545954237:10.559087289124728] [-2.9489422087868058:2.8925925925374032] [-2.4974933153018357:2.3574074074074076] [-2.5981578990817069:2.2618493437767029] [10.5:63.5] [4:26] [0:5266.8000000000002] [0:14]
tree_sizes=1369 1424 1431 1352 1488 1437 1341 1346 1332 1346 1439 1355 1413 1365 1528 1444 1514 1441 1534 1428 1428 1527 1530 1442 1430 1364 1447 1439 1425 1351 1365 1267 1348 1357 1519 1346 1447 1280 1346 1349 1348 1524 1439 1274 1257 1012 1357 1429 1450 925 1519 1360 1010 1334 1515 1364 1020 1441 1338 1328 1272 1438 1018 1019 1365 1446 764 1014 1358 1105 1021 1186 766 1435 1016 1099 915 1182 748 924 925 930 1010 1012 1272 1353 1020 1183 1444 1025 1016 1018 1275 1515 926 770 1094 921 1530

Tree=0
num_leaves=15
num_cat=0
split_feature=46 46 46 43 38 9 14 51 47 22 11 30 30 34
split_gain=49490.6 9129.8 7775.18 2715.45 2604.64 2789.5 2572.48 1973.49 1507.46 1802.7 1455.03 1291.74 1275.22 995.963
threshold=5.5000000000000009 -8.4999999999999982 16.500000000000004 0.042181059718132026 -14.58333333333333 -0.49285714285714294 0.28735823649913078 -0.97486253065004969 -0.38187500000000002 -0.10846356488764285 8.0000000000000036 -0.13427832866242775 0.30432641413062816 -0.2671195243795712
decision_type=10 8 10 10 8 10 10 8 10 8 8 8 8 10
left_child=1 8 4 10 12 -6 7 -4 13 -10 -3 -5 -2 -1
right_child=2 3 6 11 5 -7 -8 -9 9 -11 -12 -13 -14 -15
leaf_value=1.3287814133937896 1.2723269699296975 1.5703387906067099 1.9189489637728769 1.4966825785519307 1.7562465588588829 1.9635707148195927 1.7693854425630593 2.3155028447783295 1.5258441964988609 1.0935786633298743 1.410337926933692 1.8780128563486524 1.7570313351504596 1.7149304593265984
leaf_weight=46 21 461 47 25 255 460 35 183 34 180 215 83 26 24
leaf_count=46 21 461 47 25 255 460 35 183 34 180 215 83 26 24
internal_value=1.70263 1.46486 1.94983 1.55466 1.86668 1.89059 2.18129 2.24101 1.22398 1.15642 1.51761 1.78409 1.52087 1.45384
internal_weight=2095 1068 1027 784 762 715 265 230 284 214 676 108 47 70
internal_count=2095 1068 1027 784 762 715 265 230 284 214 676 108 47 70
is_linear=0
shrinkage=1


Tree=1
num_leaves=15
num_cat=0
split_feature=46 46 46 44 58 38 9 14 35 42 25 44 30 44
split_gain=44780.1 8284.29 7057.78 2530.9 2558.05 2376.59 2519.42 2325.05 1444.9 1317.65 1210.47 1175.3 1174.11 648.224
threshold=5.5000000000000009 -8.4999999999999982 16.500000000000004 0.040328693886597967 1849.7500000000002 -14.58333333333333 -0.49285714285714294 0.28735823649913078 -1.6741788635651267 -0.016739877251287297 -0.099638180807232843 0.0091845517357190837 0.30432641413062816 -0.05010806520779925
decision_type=10 8 10 10 10 8 10 10 8 10 10 8 8 8
left_child=1 8 5 4 -3 12 -7 11 10 -5 -1 -4 -2 -10
right_child=2 3 7 9 -6 6 -8 -9 13 -11 -12 -13 -14 -15
leaf_value=-0.21937389816892777 -0.412920907827524 -0.13058545992014703 0.23801617172299602 0.33885804575842782 -0.39940168718311275 0.050991756385908686 0.24803843414911661 0.063839384466409688 -0.03984887307060176 -0.041854587832435231 -0.60390138142531924 0.5690619286481311 0.052124495059251791 -0.34699653381618062
leaf_weight=33 21 594 44 32 102 255 460 35 24 56 150 186 26 77
leaf_count=33 21 594 44 32 102 255 460 35 24 56 150 186 26 77
internal_value=-6.64134e-05 -0.226256 0.235061 -0.140712 -0.17262 0.155835 0.178675 0.455582 -0.45571 0.106824 -0.542505 0.512356 -0.174425 -0.279805
internal_weight=2095 1068 1027 784 696 762 715 265 284 88 183 230 47 101
internal_count=2095 1068 1027 784 696 762 715 265 284 88 183 230 47 101
is_linear=0
shrinkage=0.05


Tree=2
num_leaves=15
num_cat=0
split_feature=46 46 46 45 43 46 26 35 45 35 54 30 36 20
split_gain=40516.2 7526.34 6407.49 2417.19 2309.29 2275.08 1777.47 1535.33 1499.36 1606.09 1421.78 1159.64 1018.86 965.293
threshold=5.5000000000000009 -8.4999999999999982 12.500000000000002 0.066618566618566605 0.042181059718132026 20.500000000000004 -3.0119047846112923 8.1131840795278567 -0.080837773337773269 -1.6741788635651267 -1.3330959564632912 -0.13427832866242775 0.0077585171824458227 -0.014784620141762987
decision_type=10 8 10 10 10 10 8 10 8 8 8 8 10 10
left_child=1 8 3 6 10 7 -2 -4 -1 -10 -3 -6 -7 -5
right_child=2 4 5 13 11 12 -8 -9 9 -11 -12 -13 -14 -15
leaf_value=-0.010960002422332764 0.33093728058249039 0.20212079745072586 0.21956056758302123 -0.33877118085369923 -0.19459355990091962 0.71549499161275376 0.09335459135026633 0.49524345549120419 -0.55440127293049302 -0.26564133616905383 -0.18131740846868719 0.16670982278883459 0.38404447224979499 -0.011318561721306582
leaf_weight=20 102 21 287 28 25 51 329 64 176 88 655 83 93 73
leaf_count=20 102 21 287 28 25 51 329 64 176 88 655 83 93 73
internal_value=-0.000138561 -0.215291 0.223514 0.10145 -0.133754 0.352275 0.152846 0.276218 -0.433997 -0.465061 -0.167936 0.0777226 0.521839 -0.114267
internal_weight=2095 1068 1027 532 784 495 431 351 284 264 676 108 144 101
internal_count=2095 1068 1027 532 784 495 431 351 284 264 676 108 144 101
is_linear=0
shrinkage=0.05


Tree=3
num_leaves=14
num_cat=0
split_feature=46 46 46 58 0 16 14 44 52 41 36 22 56
split_gain=36682.6 6862.65 5870.08 2340.16 2265.46 2163.73 2099.71 1769.99 1745.42 1540.28 1489.82 1376.63 897.832
threshold=5.5000000000000009 -6.4999999999999991 16.500000000000004 1849.7500000000002 -8.2083333333333304 0.036168903733293227 0.28735823649913078 -0.029803708195686337 1.5441658762121124 -0.052779662733276674 0.0077585171824458227 0.030575517409791548 44.250000000000007
decision_type=10 8 10 10 10 8 10 10 10 8 10 8 10
left_child=1 8 4 9 12 -6 10 -5 11 -3 -4 -1 -2
right_child=2 3 6 7 5 -7 -8 -9 -10 -11 -12 -13 -14
leaf_value=-0.23421893494354712 0.11719155980356258 0.1977378922861581 0.63332305007075007 -0.51716397441923623 0.13019681252727022 0.35576986353521028 0.044289770349860196 -0.096697759841169628 -0.040312554462011471 -0.090466883330416858 0.34288045798139327 -0.46976137779301075 -0.11648293515273299
leaf_weight=106 63 46 90 51 461 139 35 51 38 527 140 249 99
leaf_count=106 63 46 90 51 461 139 35 51 38 527 140 249 99
internal_value=-4.19778e-06 -0.204726 0.212803 -0.106574 0.140557 0.185046 0.413907 -0.321741 -0.369726 -0.0657331 0.467802 -0.403799 -0.0245222
internal_weight=2095 1068 1027 675 762 600 265 102 393 573 230 355 162
internal_count=2095 1068 1027 675 762 600 265 102 393 573 230 355 162
is_linear=0
shrinkage=0.05


Tree=4
num_leaves=16
num_cat=0
split_feature=46 46 46 45 44 58 46 26 47 30 3 47 36 1 37
split_gain=33218.9 6301.03 5485.64 2198.56 2082.18 2159.47 1946.28 1612.32 1335.21 1254.03 1235.97 1234.38 951.682 947.574 910.873
threshold=5.5000000000000009 -8.4999999999999982 12.500000000000002 0.066618566618566605 0.040328693886597967 1849.7500000000002 20.500000000000004 -3.0119047846112923 -0.38187500000000002 0.23789853067137304 0.0092276181094348448 -0.43081128747795405 -0.047353968952171761 0.058023466056005828 -20.166666666666661
decision_type=10 8 10 10 10 10 10 8 10 10 10 10 10 10 10
left_child=1 8 3 7 5 -3 10 -2 12 -10 -4 -6 -1 -8 -5
right_child=2 4 6 14 11 -7 13 -9 9 -11 -12 -13 -14 -15 -16
leaf_value=-0.35627130319674816 0.30818984812108158 -0.11065261440984407 0.31229216165180168 0.15760000681877137 -0.19041817602184086 -0.35732575976681491 0.5430046648532153 0.082176934816445155 -0.49986683371739515 -0.091847891643129551 0.10063212004574862 0.20943126968094999 0 0.17838743624880035 -0.18925009818617688
leaf_weight=34 102 594 246 20 22 102 115 329 190 24 105 66 36 29 81
leaf_count=34 102 594 246 20 22 102 115 329 190 24 105 66 36 29 81
internal_value=0 -0.194791 0.202537 0.0896423 -0.120198 -0.149165 0.321661 0.1387 -0.394892 -0.457478 0.251418 0.104068 -0.18515 0.478361 -0.115901
internal_weight=2095 1068 1027 532 784 696 495 431 284 214 351 88 70 144 101
internal_count=2095 1068 1027 532 784 696 495 431 284 214 351 88 70 144 101
is_linear=0
shrinkage=0.05


Tree=5
num_leaves=15
num_cat=0
split_feature=46 46 46 50 24 46 48 42 31 51 35 45 47 32
split_gain=30232.7 6745.83 4394.18 2418.46 2076.01 2008.36 1977.63 1790.65 1678.34 1569.77 1515.75 1302.08 1186.36 958.018
threshold=2.5000000000000004 11.500000000000002 -8.4999999999999982 -1.2444445192813871 -0.083041954030106932 20.500000000000004 0.27827026643990938 -0.023008184973150485 -0.51669935101332753 0.82571454029689406 8.1131840795278567 -0.099678677803677812 -0.38187500000000002 0.025187650695443157
decision_type=10 10 8 8 8 10 8 10 10 10 10 10 10 10
left_child=2 3 11 9 7 10 -5 -4 -6 -2 -3 -1 -13 -7
right_child=1 5 4 6 8 13 -8 -9 -10 -11 -12 12 -14 -15
leaf_value=-0.084171186493975786 -0.21607984753605805 0.18445361778486979 0.061097649950235602 0.20506336315279705 -0.20950060636945525 0.52912794463990032 -0.0078567792064859528 -0.32416782413614309 -0.00079911962359935265 0.084177329330446415 0.44438245512851299 -0.15932124888896942 -0.46887919676044715 0.18810521487146617
leaf_weight=37 108 344 34 254 142 109 187 182 281 67 68 45 202 35
leaf_count=37 108 344 34 254 142 109 187 182 281 67 68 45 202 35
internal_value=0 0.168272 -0.213385 0.0534568 -0.138683 0.293777 0.115589 -0.263288 -0.0726055 -0.101701 0.232288 -0.375984 -0.416961 0.45567
internal_weight=2095 1172 923 616 639 556 441 216 423 175 412 284 247 144
internal_count=2095 1172 923 616 639 556 441 216 423 175 412 284 247 144
is_linear=0
shrinkage=0.05


Tree=6
num_leaves=14
num_cat=0
split_feature=46 46 46 6 50 48 58 46 52 31 25 9 51
split_gain=27396.5 5270.14 4493.49 2502.73 2347.9 2309.85 1926 1717.12 1476.66 1630.97 1435.63 1249.69 931.652
threshold=5.5000000000000009 -6.4999999999999991 11.500000000000002 -0.1278540374478325 -1.6666666766007741 0.28487207237207252 1849.7500000000002 25.500000000000004 1.5441658762121124 -0.6977451667189597 -0.22770116107227897 -0.059232954545454568 0.82571454029689406
decision_type=10 8 10 8 8 8 10 10 10 8 8 10 10
left_child=1 8 4 -4 12 -6 10 -5 9 -1 -3 -8 -2
right_child=2 6 3 7 5 -7 11 -9 -10 -11 -12 -13 -14
leaf_value=-0.72802649100621553 -0.23532490817376892 -0.32868588905442847 -0.099759948530862508 0.26298410658135402 0.24000049298058285 -0.012918649261325963 -0.44133543016041737 0.51984228884410544 -0.02076861130636792 -0.31373642689478931 -0.030838176000220548 -0.085144078450382882 0.055324224091094477
leaf_weight=25 69 39 38 436 203 158 54 82 38 330 534 48 41
leaf_count=25 69 39 38 436 203 158 54 82 38 330 534 48 41
internal_value=1.75693e-05 -0.17686 0.183971 0.279702 0.0691076 0.130504 -0.0908609 0.308322 -0.321446 -0.352757 -0.053865 -0.285995 -0.128862
internal_weight=2095 1068 1027 556 471 361 675 518 393 355 573 102 110
internal_count=2095 1068 1027 556 471 361 675 518 393 355 573 102 110
is_linear=0
shrinkage=0.05


Tree=7
num_leaves=14
num_cat=0
split_feature=46 46 46 6 50 59 11 42 46 53 45 35 45
split_gain=24930.3 5501.47 3662.23 2270.76 2024.55 2034.58 1921.55 1569.16 1567.79 1414.67 1207.77 1422.03 1172.34
threshold=2.5000000000000004 11.500000000000002 -8.4999999999999982 -0.1278540374478325 -1.2444445192813871 3.5000000000000004 8.0000000000000036 -0.042003954605509826 25.500000000000004 -0.2702483315659942 -0.080837773337773269 -1.6741788635651267 -0.0033670033670033929
decision_type=10 10 8 8 8 2 10 8 10 10 8 8 10
left_child=2 4 10 -3 12 -6 7 -4 -5 -8 -1 -12 -2
right_child=1 3 6 8 5 -7 9 -9 -10 -11 11 -13 -14
leaf_value=0.024363593578338626 0.03246478470924654 -0.095351948155913246 0.25891142493928782 0.24998398702380475 0.0025245874027042827 0.21652398537757789 -0.085468380979516298 -0.10347919680320582 0.49534397422410975 -0.44076534094413122 -0.45272479066367971 -0.18926277246967119 -0.22077441876961124
leaf_weight=20 90 38 27 436 231 210 50 492 82 70 176 88 85
leaf_count=20 90 38 27 436 231 210 50 492 82 70 176 88 85
internal_value=-8.90692e-05 0.152677 -0.193898 0.266021 0.0489741 0.105826 -0.125702 -0.0822404 0.293285 -0.302465 -0.342337 -0.37024 -0.0929752
internal_weight=2095 1172 923 556 616 441 639 519 518 120 284 264 175
internal_count=2095 1172 923 556 616 441 639 519 518 120 284 264 175
is_linear=0
shrinkage=0.05


Tree=8
num_leaves=14
num_cat=0
split_feature=46 46 46 14 41 51 45 9 58 45 31 20 34
split_gain=22565.8 4362.1 3753.98 1862.11 1854.22 1775.93 1697.47 2527.46 1654.68 1542.35 1355.29 1343.03 614.294
threshold=5.5000000000000009 -6.4999999999999991 16.500000000000004 0.28735823649913078 -0.052779662733276674 -0.97486253065004969 0.068423012173012179 -0.44833333333333319 1849.7500000000002 0.10889989639989638 -0.6977451667189597 0.06164775480251674 0.012449072673916818
decision_type=10 8 10 10 8 8 8 10 10 8 8 10 10
left_child=1 10 6 5 12 -4 7 -2 -6 -8 -1 -12 -3
right_child=2 4 3 -5 8 -7 9 -9 -10 -11 11 -13 -14
leaf_value=-0.62080828673206279 -0.0097468374865854572 0 0.090914136572526061 -0.0098780387639999384 -0.069575144016688087 0.4474316276847683 -0.23426116281434109 0.22471918496506765 -0.29027756371544405 0.066489795280190611 -0.3004124849453379 -0.032504273157927303 0.33893168400973084
leaf_weight=27 162 23 47 35 527 183 52 384 98 164 309 57 27
leaf_count=27 162 23 47 35 527 183 52 384 98 164 309 57 27
internal_value=-0.000120057 -0.160693 0.166784 0.327591 -0.0824455 0.378275 0.109025 0.155604 -0.10629 -0.00934892 -0.292238 -0.259824 0.197266
internal_weight=2095 1068 1027 265 675 230 762 546 625 216 393 366 50
internal_count=2095 1068 1027 265 675 230 762 546 625 216 393 366 50
is_linear=0
shrinkage=0.05


Tree=9
num_leaves=14
num_cat=0
split_feature=46 46 46 12 23 6 50 59 44 33 1 22 47
split_gain=20493.6 4609.35 3062.88 2111.1 2020.91 1995.32 1819.03 1824.06 1494.04 1442.42 1168.29 1157.15 1477.45
threshold=2.5000000000000004 11.500000000000002 -8.4999999999999982 8.9404761904761916 -0.05000000000000001 -0.1278540374478325 -1.2222222288449602 3.5000000000000004 0.020590374867121373 0.027092071676937241 0.034813428038199042 -0.10846356488764285 -0.38187500000000002
decision_type=10 10 8 10 8 8 8 2 10 10 10 8 10
left_child=2 6 11 4 -4 -3 8 -8 -2 -7 -5 -1 -13
right_child=1 5 3 10 -6 9 7 -9 -10 -11 -12 12 -14
leaf_value=-0.0351372823305428 -0.217188293165436 -0.095997161435526474 -0.2841446265162248 -0.044351788637149767 -0.079139864609050606 0.32003369285114885 0.0003250616451359203 0.20407926506134422 0.065101462289352305 0.12772354629162133 0.26649859741640591 -0.1376022495695931 -0.42363583644096919
leaf_weight=35 97 38 192 78 326 372 229 207 83 146 43 69 180
leaf_count=35 97 38 192 78 326 372 229 207 83 146 43 69 180
internal_value=-0.000163842 0.138341 -0.175885 -0.113526 -0.157212 0.242087 0.0434245 0.098392 -0.0885096 0.267665 0.0719106 -0.311629 -0.348839
internal_weight=2095 1172 923 639 518 556 616 436 180 518 121 284 249
internal_count=2095 1172 923 639 518 556 616 436 180 518 121 284 249
is_linear=0
shrinkage=0.05


Tree=10
num_leaves=15
num_cat=0
split_feature=44 33 52 44 58 56 32 35 33 41 53 59 50 20
split_gain=10545.3 3674.62 2473.19 2351.12 2473.08 2076.68 2323.37 1988.4 1854.76 1671.76 1477.18 1425.51 1267.1 690.247
threshold=0.020590374867121373 0.017694394368057451 -1.3972857755089387 -0.022692906359831507 2145.5500000000006 42.250000000000007 0.13258107821457091 -4.7282006760438273 -1.0000000180025095e-35 -0.020281899099548657 0.53495137572799834 5.5000000000000009 1.44444440305233 -0.00093087468087468806
decision_type=10 10 10 10 10 8 10 10 8 10 10 2 10 10
left_child=1 3 12 4 -1 6 -3 -7 11 -10 -5 -4 13 -2
right_child=2 5 8 10 -6 7 -8 -9 9 -11 -12 -13 -14 -15
leaf_value=-0.04304384522186433 -0.4571737387289222 -0.22265499697614199 0.17066328152088647 0.15997639786610804 -0.39191214975767902 -0.40956408065976579 0.22682997140118144 -0.16027139367873544 0.22773880818068531 0.015064122758532337 -0.11608234643936158 0.40634336293667794 0.15625640887301417 -0.053817608150152067
leaf_weight=577 21 52 156 215 51 123 53 250 160 213 58 124 21 21
leaf_count=577 21 52 156 215 51 123 53 250 160 213 58 124 21 21
internal_value=-0.000196537 -0.0809939 0.154831 -0.0211556 -0.0743264 -0.192295 0.00377094 -0.24694 0.183748 0.10823 0.100114 0.280509 -0.135634 -0.28374
internal_weight=2095 1379 716 901 628 478 105 373 653 373 273 280 63 42
internal_count=2095 1379 716 901 628 478 105 373 653 373 273 280 63 42
is_linear=0
shrinkage=0.05


Tree=11
num_leaves=14
num_cat=0
split_feature=46 46 46 0 13 11 53 9 31 23 36 29 15
split_gain=17691.7 3486.7 3028.43 1653.42 1911.14 1634.09 1380.21 1291.44 1253.28 1227.67 1118.08 1150.92 1055.7
threshold=5.5000000000000009 -6.4999999999999991 20.500000000000004 -8.2083333333333304 0.33447793871164327 8.0000000000000036 0.10953583501811541 0.16250000000000001 -0.6977451667189597 -0.049722222238779083 -1.0000000180025095e-35 0.034567589638754732 -0.054754781379149457
decision_type=10 8 10 10 10 8 10 8 8 8 10 8 8
left_child=1 8 3 7 -5 9 -7 -2 -1 -3 -4 -12 -10
right_child=2 5 10 4 -6 6 -8 -9 12 -11 11 -13 -14
leaf_value=-0.57366929827257995 -0.18131692155362353 -0.11118080782369502 0.57796883649296227 0.19236108196215979 -0.001845564158523784 -0.10869601910193283 -0.4075338507485059 0.082096775922303411 -0.32637415385191759 0.051016336186446222 -0.059847093318347581 0.33113803933749253 -0.14862934585555262
leaf_weight=27 71 201 40 532 165 161 49 115 159 264 22 82 207
leaf_count=27 71 201 40 532 165 161 49 115 159 264 22 82 207
internal_value=-0.000245239 -0.142425 0.147536 0.111493 0.14663 -0.0724709 -0.186513 -0.0203061 -0.260031 -0.0194252 0.357059 0.24902 -0.229339
internal_weight=2095 1068 1027 883 697 675 210 186 393 465 144 104 366
internal_count=2095 1068 1027 883 697 675 210 186 393 465 144 104 366
is_linear=0
shrinkage=0.05


Tree=12
num_leaves=15
num_cat=0
split_feature=46 46 42 35 6 26 3 32 9 20 52 45 7 28
split_gain=16130.4 3724.14 2884.63 2127.67 1728.72 1665.97 1656.39 1494.1 1461.71 1276.66 1208.62 1132.97 1132.4 896.198
threshold=2.5000000000000004 11.500000000000002 -0.017177434482922152 -3.814660874505837 -0.1278540374478325 -5.680681744488802 0.12223473268871508 0.083356944785919054 -0.74749999999999983 -0.062928837035979859 0.90257499805462083 0.052687127687127709 -0.017001787246885284 -0.036536466050893064
decision_type=10 10 8 8 8 8 10 10 8 10 10 10 10 10
left_child=2 5 9 12 -3 11 -5 -6 -7 13 -11 -2 -4 -1
right_child=1 4 3 6 7 8 -8 -9 -10 10 -12 -13 -14 -15
leaf_value=-0.0023976970996175493 0.36486180770700266 -0.098052527718679172 -0.14574777427214114 -0.074368473716309766 0.28602066479771221 -0.17162283462643321 -0.2792485383477934 0.080154836225509646 0.041852350575139835 -0.14807066914347031 0.19530527244721141 0 -0.38219984233259197 0.40687778967042121
leaf_weight=23 54 38 83 352 398 93 136 120 436 92 30 33 181 26
leaf_count=23 54 38 83 352 398 93 136 120 436 92 30 33 181 26
internal_value=-0.000318038 0.122559 -0.156217 -0.198135 0.21581 0.0372502 -0.133821 0.239648 0.0029735 0.0282324 -0.0588754 0.233636 -0.312137 0.231409
internal_weight=2095 1172 923 752 556 616 488 518 529 171 122 87 264 49
internal_count=2095 1172 923 752 556 616 488 518 529 171 122 87 264 49
is_linear=0
shrinkage=0.05


Tree=13
num_leaves=14
num_cat=0
split_feature=44 45 5 32 16 23 40 15 38 6 20 34 44
split_gain=8352.55 3768.32 2055.12 1945.41 1847.59 1786.65 1632.07 1370.86 1357.33 1227.15 1360.95 1100.86 918.175
threshold=0.032073008517424263 0.058606902356902406 0.35090633435174828 0.083356944785919054 0.027090727972487613 -0.16666666616996126 0.021074730406204892 0.0049239422771192318 -15.899038461538462 -0.10490756264577307 -0.07398125023125024 0.096400395967066302 0.059051436682542181
decision_type=10 10 8 8 10 10 10 8 10 8 10 8 10
left_child=1 4 6 9 7 -6 -3 -1 -5 -2 -11 -4 -10
right_child=3 2 11 8 5 -7 -8 -9 12 10 -12 -13 -14
leaf_value=-0.11563559614567789 -0.10627977366630847 -0.2913688300245435 0.22755468282434677 -0.29666884618997574 -0.06520182157430468 0.23807367717541528 -0.077888475746324626 0.013849493458597428 -0.027245004017754357 -0.0074564920569008047 0.30641390930741791 -0.13370207130908968 0.17046260161132648
leaf_weight=348 21 269 40 20 74 126 141 482 96 39 264 35 140
leaf_count=348 21 269 40 20 74 126 141 482 96 39 264 35 140
internal_value=-0.000295362 -0.0621071 -0.176255 0.160227 -0.00771783 0.126764 -0.219896 -0.0407481 0.0553587 0.240833 0.266387 0.0605235 0.090935
internal_weight=2095 1515 485 580 1030 200 410 830 256 324 303 75 236
internal_count=2095 1515 485 580 1030 200 410 830 256 324 303 75 236
is_linear=0
shrinkage=0.05


Tree=14
num_leaves=16
num_cat=0
split_feature=46 46 46 11 54 51 29 41 23 51 32 53 44 24 30
split_gain=13892.1 3187.21 2301.95 1966.86 1844.01 1509.17 1481.24 1359.53 1319.28 1218.62 1211.67 1189.85 1117.44 889.891 826.247
threshold=2.5000000000000004 12.500000000000002 -10.499999999999998 8.0000000000000036 0.021419101790303301 0.73818061220406028 -0.183182917535305 0.059425053497155517 -0.05000000000000001 0.50495723725069386 0.083356944785919054 1.0000000180025095e-35 -0.064317710449298196 -0.29166666343808167 0.08766555599868299
decision_type=10 10 8 8 10 10 10 8 8 10 10 8 10 10 8
left_child=2 5 7 8 -5 9 -7 12 -4 -2 11 -3 -1 -12 -9
right_child=1 10 3 4 -6 6 -8 14 -10 -11 13 -13 -14 -15 -16
leaf_value=-0.48900488694993466 0.0080101410415519686 0.33947610021093672 -0.13444124715099501 -0.1279738946310893 -0.46499398138563514 0.0037701421492808574 0.254990870074222 0.17505833974480631 0.030478947371992162 -0.35109962660074234 -0.2043534984955421 0.15733916616420551 -0.21751416291479231 0.12845126789477138 -0.19388529089016793
leaf_weight=77 423 191 210 153 54 106 128 20 274 20 21 198 101 85 34
leaf_count=77 423 191 210 153 54 106 128 20 274 20 21 198 101 85 34
internal_value=-0.00030382 0.113728 -0.144985 -0.0978531 -0.225021 0.0425706 0.143859 -0.280126 -0.0416181 -0.0118285 0.209549 0.250069 -0.345382 0.0558326 -0.0531367
internal_weight=2095 1172 923 691 207 677 234 232 484 443 495 389 178 106 54
internal_count=2095 1172 923 691 207 677 234 232 484 443 495 389 178 106 54
is_linear=0
shrinkage=0.05


Tree=15
num_leaves=15
num_cat=0
split_feature=44 45 52 42 5 4 14 16 22 32 13 55 59 28
split_gain=7028.29 2639.09 2017.54 2089.28 1998.61 1667.81 1838.99 1529.54 1358.72 1283.15 1266.75 1047.72 1034.11 708.542
threshold=0.020590374867121373 0.058606902356902406 -1.3972857755089387 -0.011847319702307386 0.40070917201228445 0.03476345834011834 -0.07146233087405561 0.024078110232949264 -0.17319319940482572 -0.26181817101314658 0.58675157775481557 0.016876988112926487 1.0000000180025095e-35 -0.22339605637604279
decision_type=10 10 10 10 8 10 10 10 8 8 10 8 2 10
left_child=1 5 11 10 8 7 -7 -1 -3 -5 -4 -2 -6 -13
right_child=2 4 3 9 12 6 -8 -9 -10 -11 -12 13 -14 -15
leaf_value=-0.012074683489204915 0.13116808201257998 -0.027520366878952308 0.27221576301593348 0.37722421075616563 -0.13805491048278232 0.08608241373742069 -0.19746110232390943 0.1761251265278263 -0.25297200582342733 0.021356607201627235 -0.00048158484752531411 -0.040818398044659546 0.23038152433607892 -0.44510714480510122
leaf_weight=505 21 87 302 23 28 76 198 132 312 279 49 21 41 21
leaf_count=505 21 87 302 23 28 76 198 132 312 279 49 21 41 21
internal_value=-0.000416687 -0.0663823 0.126142 0.152313 -0.162225 -0.0164748 -0.118502 0.0279144 -0.204886 0.0543243 0.234534 -0.135643 0.0809694 -0.269874
internal_weight=2095 1379 716 653 468 911 274 637 399 302 351 63 69 42
internal_count=2095 1379 716 653 468 911 274 637 399 302 351 63 69 42
is_linear=0
shrinkage=0.05


Tree=16
num_leaves=16
num_cat=0
split_feature=46 46 46 25 38 51 0 25 12 36 30 41 47 2 39
split_gain=12098.1 2545.5 2216.67 1540.14 1538.59 1431.13 1342.17 1264.36 1163.2 1125.9 1102.36 1217.77 1033.9 911.954 187.897
threshold=5.5000000000000009 -6.4999999999999991 20.500000000000004 0.051312551556509885 -14.58333333333333 -2.9549948540178419 -8.7083333333333304 -0.21861413971055296 0.59999999999999976 0.0077585171824458227 0.08766555599868299 0.059425053497155517 -0.076322751322751334 -0.0079446058720350245 0.19354615019013488
decision_type=10 8 10 10 8 8 10 10 10 10 10 10 10 10 10
left_child=1 10 4 5 7 -3 -6 -2 -5 14 11 -1 -11 -12 -4
right_child=2 3 9 8 6 -7 -8 -9 -10 12 13 -13 -14 -15 -16
leaf_value=-0.29905431827293205 0.12386992825911597 0.10039133977364093 0.58270342303173883 0.14432929391888055 -0.022853919970055606 -0.15053840303120247 0.13846036442778703 -0.33841488287607963 -0.07287958979221254 0.38090984187065025 0.13237246764823793 -0.013018411259185902 0.043609321571420882 -0.18980371600435098 0.25626535530273736
leaf_weight=270 21 63 30 127 157 374 673 32 111 34 35 44 59 44 21
leaf_count=270 21 63 30 127 157 374 673 32 111 34 35 44 59 44 21
internal_value=-0.000374416 -0.117953 0.121829 -0.0582059 0.091017 -0.113524 0.107933 -0.159495 0.0434051 0.301034 -0.218425 -0.259962 0.180576 -0.0470891 0.484063
internal_weight=2095 1068 1027 675 883 437 830 53 238 144 393 314 93 79 51
internal_count=2095 1068 1027 675 883 437 830 53 238 144 393 314 93 79 51
is_linear=0
shrinkage=0.05


Tree=17
num_leaves=15
num_cat=0
split_feature=46 46 46 11 58 52 38 40 25 36 29 25 49 19
split_gain=10954.3 2347.1 2045.24 1504.56 1668.03 1508.17 1398.85 1453.01 1159.64 1050.9 1020.22 991.642 1438.11 974.952
threshold=5.5000000000000009 -8.4999999999999982 20.500000000000004 8.0000000000000036 1321.0000000000002 -0.33096055138816366 -14.58333333333333 0.077401722160478456 -0.21861413971055296 -1.0000000180025095e-35 0.034567589638754732 -0.099638180807232843 -6.5833333333333313 -0.06972584376732506
decision_type=10 8 10 8 10 10 8 10 10 10 8 10 10 10
left_child=1 11 6 5 -5 -3 8 -8 -2 -4 -11 13 -13 -1
right_child=2 3 9 4 -6 -7 7 -9 -10 10 -12 12 -14 -15
leaf_value=-0.23403465340777144 0.11886749284771772 -0.10816296970752215 0.49774176248245772 -0.081365527915345001 -0.37098801811799814 0.057050979237474909 0.061172052162745211 0.20990892164409161 -0.32378073076944092 -0.096183866014083241 0.26589949530945428 -0.091971969705075041 -0.37641073125162844 0.11392421917989851
leaf_weight=36 21 254 40 171 68 291 605 225 32 22 82 70 143 35
leaf_count=36 21 254 40 171 68 291 605 225 32 22 82 70 143 35
internal_value=-0.000254939 -0.112139 0.116026 -0.0666408 -0.169887 -0.0201402 0.0864354 0.102568 -0.152402 0.288152 0.187948 -0.234239 -0.287416 -0.0656375
internal_weight=2095 1068 1027 784 239 545 883 830 53 144 104 284 213 71
internal_count=2095 1068 1027 784 239 545 883 830 53 144 104 284 213 71
is_linear=0
shrinkage=0.05


Tree=18
num_leaves=16
num_cat=0
split_feature=45 41 8 52 11 55 1 17 35 42 42 37 49 18 23
split_gain=5184.38 3205.46 1863.07 1801.47 2199.12 1693.76 1658.68 1616.64 1838.25 1616.02 1485.63 1340.52 1077.77 869.964 561.95
threshold=0.044926184926184963 -0.02273635814587275 0.0094823214860400244 1.3439182777600855 9.9166666666666679 0.21877496563829485 0.053937411867082126 -0.0090826847590506059 -5.3127492147808271 -0.0060630810136596365 -0.024128039057056103 -27.499999999999996 -8.3333333333333375 0.0653213163216909 -0.020000001788139345
decision_type=10 8 10 10 10 10 10 10 10 10 10 10 10 10 8
left_child=1 5 10 4 -3 13 -7 12 -9 -5 14 -12 -4 -1 -2
right_child=2 3 7 9 -6 6 -8 8 -10 -11 11 -13 -14 -15 -16
leaf_value=0.13587624379748631 0.37673679120265524 0.0027567484842871554 -0.029538263618946077 0.32693065356256235 -0.23680861086669291 0.39727911412715916 0.025611302066356579 -0.2988565204999386 0.024175937215869244 0.03587087283499147 0.2337803151819014 -0.11333879879883833 -0.44717395480336813 -0.079060496942650882 0.016959934830665588
leaf_weight=202 21 738 20 67 105 110 42 73 99 147 26 286 82 57 20
leaf_count=202 21 738 20 67 105 110 42 73 99 147 26 286 82 57 20
internal_value=-0.000284852 0.0510904 -0.120102 0.00474642 -0.0282437 0.168667 0.298986 -0.216807 -0.117212 0.132609 -0.0429197 -0.0810233 -0.370959 0.0877827 0.223242
internal_weight=2095 1468 627 1057 843 411 152 274 172 214 353 312 102 259 41
internal_count=2095 1468 627 1057 843 411 152 274 172 214 353 312 102 259 41
is_linear=0
shrinkage=0.05


Tree=19
num_leaves=15
num_cat=0
split_feature=46 46 42 27 54 50 26 5 6 38 20 44 52 48
split_gain=9564.12 2357.6 2251.75 1934.63 1630.56 1618.73 1480.32 1342.4 1335.82 1397.24 1138.91 1057.3 949.173 764.106
threshold=2.5000000000000004 11.500000000000002 -0.017177434482922152 0.28561507936507941 -0.1688984033995353 -1.2222222288449602 -2.8493056138356532 -0.19269939512014386 -0.1278540374478325 5.0136363636363646 -0.062928837035979859 0.017636395990848545 0.90257499805462083 -0.14864125457875457
decision_type=10 10 8 10 10 8 8 8 8 10 10 8 10 10
left_child=2 5 10 4 -4 11 -7 -5 -3 -10 13 -2 -12 -1
right_child=1 8 3 7 -6 6 -8 -9 9 -11 12 -13 -14 -15
leaf_value=0.024134863168001175 -0.20576505344726292 -0.10563858820255412 -0.088205061037722354 -0.1479444546699524 -0.24393116572565177 0.23560066352199233 0.024464096888498276 0.34670622297562659 0.23354822470728545 0.035220506033081501 -0.11992259801355834 0.032424268301375299 0.18407665546451296 0.40880467501179929
leaf_weight=25 97 38 303 20 402 107 329 27 401 117 92 83 30 24
leaf_count=25 97 38 303 20 402 107 329 27 401 117 92 83 30 24
internal_value=-0.000220466 0.0943913 -0.120271 -0.157333 -0.178165 0.0265275 0.0784768 0.141269 0.168583 0.189613 0.0422703 -0.0977551 -0.0404709 0.233877
internal_weight=2095 1172 923 752 705 616 436 47 556 518 171 180 122 49
internal_count=2095 1172 923 752 705 616 436 47 556 518 171 180 122 49
is_linear=0
shrinkage=0.05


Tree=20
num_leaves=15
num_cat=0
split_feature=46 46 42 27 50 12 35 6 55 11 44 20 52 48
split_gain=8627.94 2128.6 2049.14 1758.38 1469.64 1570.2 1440.03 1212.52 1130.64 1072.26 1060.83 1047.02 919.956 766.608
threshold=2.5000000000000004 11.500000000000002 -0.017177434482922152 0.28561507936507941 -1.0805554886658983 0.84242424242424374 -3.814660874505837 -0.1278540374478325 0.091780607479934898 9.1833333333333353 0.020590374867121373 -0.064951714951714951 0.90257499805462083 -0.14864125457875457
decision_type=10 10 8 10 8 8 8 8 8 10 10 10 10 10
left_child=2 4 11 6 10 -6 -4 -3 -5 -9 -2 13 -13 -1
right_child=1 7 3 8 5 -7 -8 9 -10 -11 -12 12 -14 -15
leaf_value=0.023129248370726906 -0.19626492149562286 -0.1009708360877148 -0.2676254684165601 -0.082343120248086987 0.18178464733832278 -0.008964321864068479 -0.11528202269298107 0.20956140999665618 0.37032752678944519 0.0043160803243517875 0.038524087541219262 -0.11485512936677861 0.1808853766673969 0.41460811959372629
leaf_weight=25 101 38 243 26 189 241 462 443 21 75 85 93 31 22
leaf_count=25 101 38 243 26 189 241 462 443 21 75 85 93 31 22
internal_value=-0.000131637 0.0897291 -0.114157 -0.149514 0.0252401 0.0758874 -0.169377 0.160226 0.135113 0.180265 -0.0905074 0.0408771 -0.036387 0.229583
internal_weight=2095 1172 923 752 616 430 705 556 47 518 186 171 124 47
internal_count=2095 1172 923 752 616 430 705 556 47 518 186 171 124 47
is_linear=0
shrinkage=0.05


Tree=21
num_leaves=16
num_cat=0
split_feature=46 46 46 37 0 13 53 9 27 15 48 58 36 8 39
split_gain=7813.46 1926.17 1607.9 1408.99 1303.41 1613.42 1218.28 1189.56 1172.11 1132.9 1104.8 1090.28 999.328 1030.05 244.297
threshold=5.5000000000000009 -7.4999999999999991 20.500000000000004 -12.499999999999996 -8.2083333333333304 0.33447793871164327 0.57749999985098854 0.39722222222222237 0.10293650793650795 -0.054754781379149457 0.20462962962962969 1321.0000000000002 -1.0000000180025095e-35 -0.045442843661896375 0.032216735494633518
decision_type=10 8 10 10 10 10 10 10 10 8 8 10 10 10 10
left_child=1 6 4 11 7 -6 9 -2 -8 -1 -5 -3 14 -14 -4
right_child=2 3 12 10 5 -7 8 -9 -10 -11 -12 -13 13 -15 -16
leaf_value=-0.24895658688534292 -0.10609578839861429 -0.081190832687748807 0.58427942267060284 0.051186462412200255 0.14525122899055704 -0.032422950871507913 -0.4512652382674352 0.19980956821556903 -0.030976331287196707 -0.027478896950682005 -0.10069415015418844 -0.32412032704010157 0.40570281542216735 0.05588568192684934 0.22928324878215789
leaf_weight=104 151 175 20 331 532 165 66 35 23 127 181 61 25 79 20
leaf_count=104 151 175 20 331 532 165 66 35 23 127 181 61 25 79 20
internal_value=-5.87652e-05 -0.0945549 0.0981434 -0.049916 0.0719363 0.103188 -0.196371 -0.0445474 -0.350608 -0.130566 -0.00286356 -0.149611 0.250702 0.155188 0.45309
internal_weight=2095 1068 1027 748 883 697 320 186 89 231 512 236 144 104 40
internal_count=2095 1068 1027 748 883 697 320 186 89 231 512 236 144 104 40
is_linear=0
shrinkage=0.05


Tree=22
num_leaves=16
num_cat=0
split_feature=45 42 32 7 48 35 22 51 27 23 0 48 7 0 16
split_gain=4081.22 2199.03 1807.31 1615.63 1715.75 1683.62 1616.79 1602.5 1567.08 1513.58 1379.37 1235.86 1170.22 885.122 366.484
threshold=0.058606902356902406 -0.010796098969876764 -0.26459320386250812 -0.010955654847179174 0.13552795584045582 -4.7282006760438273 -0.039880929514765733 -0.99031937467282605 -0.042003367003367091 -0.12500000124176341 -1.5833333333333333 -0.34314814814814809 -0.06129564617134009 -7.2916666666666652 -0.018892538112898666
decision_type=10 8 8 10 10 10 8 10 8 8 10 8 8 10 10
left_child=1 7 13 6 5 -5 10 11 -4 -9 -2 -1 -8 -3 -6
right_child=3 2 8 4 14 -7 12 9 -10 -11 -12 -13 -14 -15 -16
leaf_value=-0.31372501079378456 -0.069526466381985966 -0.044312299489974977 -0.11860192115542789 -0.2775747230574489 -0.15204285916227561 -0.012263731861439272 -0.28813701351654941 0.0092488013886672972 0.020835220650125125 0.22326782296444014 0.32573875339300029 0.044021443475503477 0.011359752499713348 0.33117480905992647 -0.45280189893899431
leaf_weight=24 36 20 295 95 21 151 53 113 609 312 46 139 73 51 57
leaf_count=24 36 20 295 95 21 151 53 113 609 312 46 139 73 51 57
internal_value=-2.50902e-05 0.0406942 -0.00540793 -0.119015 -0.187986 -0.118409 -0.00945444 0.116624 -0.025014 0.167249 0.15761 -0.0161246 -0.120427 0.228789 -0.386468
internal_weight=2095 1563 975 532 324 246 208 588 904 425 82 163 126 71 78
internal_count=2095 1563 975 532 324 246 208 588 904 425 82 163 126 71 78
is_linear=0
shrinkage=0.05


Tree=23
num_leaves=15
num_cat=0
split_feature=46 46 38 46 40 38 40 53 27 29 49 40 30 28
split_gain=6814.81 1676.53 1507.14 1352.79 1302.62 1267.79 1127.34 1090.19 1038.58 952.99 932.204 923.152 787.545 807.107
threshold=5.5000000000000009 -7.4999999999999991 -14.58333333333333 20.500000000000004 0.077401722160478456 -5.4529914529914523 -0.14066529998030416 0.57749999985098854 0.10293650793650795 -0.23075067686537901 -5.666666666666667 0.15492422164728251 0.28442583158612256 -0.30400755248653383
decision_type=10 8 8 10 10 10 10 10 10 8 10 10 8 10
left_child=1 7 12 4 -4 9 -7 10 -9 -3 -1 -5 -2 -14
right_child=2 5 3 11 -6 6 -8 8 -10 -11 -12 -13 13 -15
leaf_value=-0.0026032976299813649 -0.35523711133461733 -0.34141597518076505 0.042931774672594104 0.30332077670811625 0.18345276268927949 0.16515881229849425 -0.034114593401291346 -0.4239492037346666 -0.02837727373199804 -0.088329666285980046 -0.20492506600322502 -0.050101471066474917 0.19948321890830994 -0.20228068430721763
leaf_weight=98 21 43 605 116 225 80 425 66 23 200 133 20 20 20
leaf_count=98 21 43 605 116 225 80 425 66 23 200 133 20 20 20
internal_value=-0.000115898 -0.0883682 0.0915947 0.106984 0.0819551 -0.0467149 -0.00113878 -0.183362 -0.329202 -0.139297 -0.121177 0.251059 -0.141002 -0.000443036
internal_weight=2095 1068 1027 966 830 748 505 320 89 243 231 136 61 40
internal_count=2095 1068 1027 966 830 748 505 320 89 243 231 136 61 40
is_linear=0
shrinkage=0.05


Tree=24
num_leaves=15
num_cat=0
split_feature=44 45 22 41 48 38 5 51 18 12 34 34 26 24
split_gain=3749.52 2022.52 1606.64 1566.57 1298.81 1272.36 1264.6 1219.88 1187.3 1355.07 1208.77 1085.87 939.642 789.331
threshold=0.042422664662202215 0.058606902356902406 -0.39875551934043563 -0.02273635814587275 -0.15206636881636884 -7.0999999999999988 0.35090633435174828 1.3442075736415795 0.053945874174435922 1.0384615384615403 0.29777315072715288 0.096400395967066302 3.4999999602635712 0.041666669150193548
decision_type=10 10 8 10 8 10 8 10 10 10 8 8 10 8
left_child=1 2 -1 5 -4 13 7 -3 9 -5 -10 -8 -7 -2
right_child=3 6 4 8 -6 12 11 -9 10 -11 -12 -13 -14 -15
leaf_value=0.30845305282713437 -0.19538234393629764 -0.19271460064604584 -0.11102043032916564 0.22828816604220645 0.01901903784564039 0.36870936431691181 0.23135570605595907 0.023915455858391454 0.013619233298425874 -0.037356949586214293 -0.3928998540672991 -0.12081014679441618 0.081981137301772838 0.16669032575891299
leaf_weight=36 22 346 243 101 845 112 40 78 55 85 22 38 43 29
leaf_count=36 22 346 243 101 845 112 40 78 55 85 22 38 43 29
internal_value=-0.000214507 -0.0362121 0.00113347 0.123548 -0.010354 0.225195 -0.119116 -0.152932 0.0410272 0.108829 -0.118794 0.062243 0.294526 0.00610978
internal_weight=2095 1626 1124 469 1088 206 502 424 263 186 77 78 155 51
internal_count=2095 1626 1124 469 1088 206 502 424 263 186 77 78 155 51
is_linear=0
shrinkage=0.05


Tree=25
num_leaves=14
num_cat=0
split_feature=44 45 22 41 43 51 7 49 0 14 15 18 33
split_gain=3388.45 1827.69 1468.24 1425.07 1405.84 1696.59 1229.81 1558.41 1430.72 1123.72 1115.28 1636.13 720.848
threshold=0.042422664662202215 0.058606902356902406 -0.39875551934043563 -0.02273635814587275 0.046528562903404215 -0.70451841561462758 -0.010955654847179174 -8.1666666666666625 -6.583333333333333 -0.13568330264339842 -0.029148531893452425 0.072651018699010236 -0.02627542456806016
decision_type=10 10 8 10 10 10 10 10 10 8 8 10 8
left_child=1 2 -1 4 -2 -6 8 -8 -3 -4 11 -5 -12
right_child=3 6 9 10 5 -7 7 -9 -10 -11 12 -13 -14
leaf_value=0.29491121550885641 0.47780227597270697 -0.2589236376726109 0.069885933698849781 0.027371796475792371 -0.16926329152451622 0.21870076050395731 0.034273602662620785 -0.23336771512061968 0.057907928608923777 -0.041935643478205109 0.23766794394339541 -0.41765437104872299 0.026578838579064491
leaf_weight=36 37 41 310 76 31 138 68 240 153 778 67 23 97
leaf_count=36 37 41 310 76 31 138 68 240 153 778 67 23 97
internal_value=-0.000152371 -0.0343742 0.00112473 0.117499 0.214448 0.144429 -0.113184 -0.174515 -0.0136233 -0.00985502 0.0387908 -0.0906462 0.117593
internal_weight=2095 1626 1124 469 206 169 502 308 194 1088 263 99 164
internal_count=2095 1626 1124 469 206 169 502 308 194 1088 263 99 164
is_linear=0
shrinkage=0.05


Tree=26
num_leaves=15
num_cat=0
split_feature=46 46 50 42 20 53 52 6 34 20 53 32 55 3
split_gain=5772.03 1818.84 1674.89 1666.47 1513.68 1682.34 1520.84 1158.49 1139 1101.37 1091.11 1633.97 986.023 977.201
threshold=2.5000000000000004 11.500000000000002 -0.95297614733378111 -0.017177434482922152 0.048421875872856242 0.16813928234369505 -0.13556313682193374 -0.13519740221090612 -0.12419795927902061 -0.064951714951714951 1.0000000180025095e-35 -0.030939053045585748 -0.51099330652505148 -1.0000000180025095e-35
decision_type=8 10 8 8 10 10 10 10 8 10 10 10 10 8
left_child=3 2 7 9 5 -5 -6 -2 -4 -1 11 -3 -12 -11
right_child=1 10 8 4 6 -7 -8 -9 -10 13 12 -13 -14 -15
leaf_value=0.25739289808129384 -0.26178349131998951 0.27722639778038349 0.21444711742719802 -0.10624380873469925 -0.12114451126140707 -0.29534267424370608 0.2181555238586885 -0.023296859122125965 0.027088473873381091 0.12270915386628133 -0.20641128129015365 0.040520264221294254 0.087455844623899021 -0.18207207271143011
leaf_weight=39 68 200 96 317 80 193 49 174 427 44 28 117 211 52
leaf_count=39 68 200 96 317 80 193 49 174 427 44 28 117 211 52
internal_value=-0.000100234 0.063337 0.0130273 -0.108145 -0.141701 -0.180074 0.0106949 -0.0944548 0.0632791 0.0497138 0.131736 0.192003 0.0492987 -0.0427263
internal_weight=2095 1321 765 774 639 510 129 242 523 135 556 317 239 96
internal_count=2095 1321 765 774 639 510 129 242 523 135 556 317 239 96
is_linear=0
shrinkage=0.05


Tree=27
num_leaves=15
num_cat=0
split_feature=46 46 50 12 42 2 35 6 20 32 47 24 35 2
split_gain=5213.44 1644.61 1520.05 1676.55 1512.15 1485.93 2011.42 1053.38 1005.14 1002.39 1298.2 859.133 795.853 741.026
threshold=2.5000000000000004 11.500000000000002 -0.95297614733378111 0.74583333333333368 -0.017177434482922152 -0.087037991732358919 -2.538860609134038 -0.13519740221090612 -0.064951714951714951 0.083356944785919054 0.26107142857142868 -0.19236110846201576 7.9201000481843957 -0.03340033401868172
decision_type=8 10 8 8 8 8 8 10 10 10 10 10 10 10
left_child=4 2 7 -4 8 11 -7 -2 -1 10 -3 -6 -11 -10
right_child=1 9 3 -5 5 6 -8 -9 13 12 -12 -13 -14 -15
leaf_value=0.24598571251739157 -0.24959083766969914 0.20253167418844598 0.16169072384262109 -0.017607829302069871 -0.1291091158054769 -0.28806512889362151 -0.086819355292156494 -0.022164555141255496 0.13419931401044896 -0.071738163012851144 -0.01881886076401262 0.13247148195902508 0.19967539636921641 -0.14023441325372726
leaf_weight=39 68 349 225 298 49 212 308 174 34 95 80 70 32 62
leaf_count=39 68 349 225 298 49 212 308 174 34 95 80 70 32 62
internal_value=-8.70442e-05 0.0602013 0.0123586 0.0602343 -0.102772 -0.134738 -0.170923 -0.0900307 0.0475817 0.125242 0.161398 0.0234957 0.00124374 -0.0407122
internal_weight=2095 1321 765 523 774 639 520 242 135 556 429 119 127 96
internal_count=2095 1321 765 523 774 639 520 242 135 556 429 119 127 96
is_linear=0
shrinkage=0.05


Tree=28
num_leaves=15
num_cat=0
split_feature=46 46 54 45 39 12 12 57 25 11 0 6 38 17
split_gain=4709.46 1489.31 1391.3 2384.72 1877.18 1542.63 1296.78 1242.34 1166.1 993.282 992.452 962.198 1215.37 876.919
threshold=2.5000000000000004 11.500000000000002 -0.1688984033995353 0.037478956228956244 -0.11891835431257883 7.8720862470862469 0.74583333333333368 11.345238095238097 -0.19291521157304356 15.083333333333336 2.7083333333333335 -0.1278540374478325 5.0136363636363646 -0.014010319951921703
decision_type=8 10 8 10 10 10 10 8 10 10 10 8 10 10
left_child=2 6 3 4 -1 9 8 -8 -2 -4 -7 -3 -13 -5
right_child=1 11 5 13 -6 10 7 -9 -10 -11 -12 12 -14 -15
leaf_value=0.34318484161344787 -0.0407755299042439 -0.11195590305033812 -0.16467695764163007 -0.32622840106487278 -0.024944071844220164 -0.09294523240532726 0.094827627807159684 -0.12236415679020084 0.12692079106313547 -0.47969339081439477 0.19461655632282299 0.17799013398950139 -0.0043174918557776784 -0.046250671148300171
leaf_weight=58 158 38 384 44 75 75 86 237 284 24 43 401 117 71
leaf_count=58 158 38 384 44 75 75 86 237 284 24 43 401 117 71
internal_value=-7.88334e-05 0.0572202 -0.097676 0 0.141849 -0.143342 0.0116895 -0.0638195 0.0670776 -0.188911 0.0150892 0.119114 0.137069 -0.162919
internal_weight=2095 1321 774 248 133 526 765 323 442 408 118 556 518 115
internal_count=2095 1321 774 248 133 526 765 323 442 408 118 556 518 115
is_linear=0
shrinkage=0.05


Tree=29
num_leaves=14
num_cat=0
split_feature=46 38 48 46 13 2 24 47 46 46 51 3 2
split_gain=4295.86 1301.85 1499.54 1254.37 1458.97 1603.37 1333.68 1200.65 1365.73 1173.35 1060.48 885.571 808.69
threshold=5.5000000000000009 -15.899038461538462 0.47849470899470903 -10.499999999999998 0.71525175450369727 0.022423777729272846 -0.083041954030106932 -0.034829892329892288 -15.499999999999998 20.500000000000004 0.82571454029689406 -0.04323441550756494 0.0030407002461808074
decision_type=10 8 10 8 10 10 8 10 10 10 10 10 10
left_child=3 12 9 7 6 -6 -5 8 -1 -3 -4 -9 -2
right_child=1 2 10 4 5 -7 -8 11 -10 -11 -12 -13 -14
leaf_value=-0.25039404491751882 -0.3530541643367282 0.079545578423406815 -0.28031754424522187 -0.1525287535323373 0.30840525104311012 -0.11411872898277485 -0.013699806265624391 -0.036108382767246615 0.064984814266124402 0.24152625432210184 0.073107897799189511 -0.38231460793486127 0.021792769759441867
leaf_weight=54 23 770 41 266 53 33 484 26 78 129 36 74 28
leaf_count=54 23 770 41 266 53 33 484 26 78 129 36 74 28
internal_value=-0.000136393 0.0726733 0.0857953 -0.0702099 -0.0410624 0.148363 -0.0636881 -0.171948 -0.0680986 0.104051 -0.120088 -0.298783 -0.162792
internal_weight=2095 1027 976 1068 836 86 750 232 132 899 77 100 51
internal_count=2095 1027 976 1068 836 86 750 232 132 899 77 100 51
is_linear=0
shrinkage=0.05


Tree=30
num_leaves=14
num_cat=0
split_feature=45 53 12 44 56 3 17 2 58 22 36 26 7
split_gain=2361.85 1498.45 1495.71 1388.67 2042.96 1336.5 1237.04 1232.19 1558.14 1420.89 1056.28 721.372 647.959
threshold=0.058606902356902406 0.0046164773404598026 8.1597222222222268 0.0091845517357190837 46.750000000000007 0.26570934305588412 0.055615555184582881 -0.07603607885186757 335.55000000000001 -0.13206175714731214 -0.00036569861296262615 -7.1041669845581046 -0.031403399258520925
decision_type=10 8 10 10 8 10 10 8 10 10 10 8 10
left_child=1 3 6 4 -1 -5 10 9 -9 -3 -2 -4 -13
right_child=2 7 11 5 -6 -7 -8 8 -10 -11 -12 12 -14
leaf_value=0.10821785896762529 -0.091701179208447711 0.38750421838500565 -0.18155917043869313 0.17290633365487387 -0.15801925049697768 -0.098485930418630824 0.18341471820042052 0.093462904449037765 -0.074294504692040048 -0.0030413327918898678 -0.26547855927885788 0.29013983175158503 0.026623215125873685
leaf_weight=171 239 34 21 375 117 48 24 176 585 57 143 30 75
leaf_count=171 239 34 21 375 117 48 24 176 585 57 143 30 75
internal_value=-0.000225189 0.030746 -0.0907499 0.0840819 -0.000621179 0.141202 -0.137097 -0.0139357 -0.0350744 0.154939 -0.159473 0.0577421 0.112134
internal_weight=2095 1563 532 711 288 423 406 852 761 91 382 126 105
internal_count=2095 1563 532 711 288 423 406 852 761 91 382 126 105
is_linear=0
shrinkage=0.05


Tree=31
num_leaves=13
num_cat=0
split_feature=46 46 26 19 49 40 50 7 0 19 39 5
split_gain=3842.25 1367.1 1408.7 1321.2 1291.65 1246.85 1733.36 1708.34 1011.75 1011.17 997.961 923.027
threshold=-2.4999999999999996 12.500000000000002 -5.680681744488802 -0.027150512983401622 10.41666666666667 -0.070990397735978608 -0.27579367160797114 0.024207994287860291 1.0000000180025095e-35 0.040023786326249457 -0.060086133657023311 0.28733684821054345
decision_type=8 10 8 8 10 10 8 10 10 10 8 10
left_child=4 2 8 -4 5 6 -1 -7 -2 10 -3 -11
right_child=1 9 3 -5 -6 7 -8 -9 -10 11 -12 -13
leaf_value=0.12348452734778513 0.020155447782428171 0.24102189903083088 -0.11815560790522217 0.023596869318783284 0.18354736134213837 -0.096808677096456547 -0.13664568674256222 -0.33135048345761087 0.3050538563868031 -0.17231105353344572 0.080165698612955485 0.19006794400226612
leaf_weight=101 63 154 218 620 33 231 157 118 59 50 270 21
leaf_count=101 63 154 218 620 33 231 157 118 59 50 270 21
internal_value=-0.000166348 0.0447096 0.00968224 -0.0137018 -0.101822 -0.118791 -0.03421 -0.179811 0.164914 0.111765 0.140835 -0.0590177
internal_weight=2095 1455 960 838 640 607 258 349 122 495 424 71
internal_count=2095 1455 960 838 640 607 258 349 122 495 424 71
is_linear=0
shrinkage=0.05


Tree=32
num_leaves=14
num_cat=0
split_feature=46 42 31 46 26 37 29 6 36 45 42 29 39
split_gain=3477.73 1312.41 1295.51 1246.98 1319.22 1255.65 1051.23 1243.25 1159.44 1002.6 977.11 963.958 674.01
threshold=-2.4999999999999996 -0.017177434482922152 -0.67889296563807866 11.500000000000002 -5.680681744488802 -20.583333333333329 -0.15135068446397779 0.14628847346951568 -1.0000000180025095e-35 0.043802956302956352 0.070841152453795089 -0.060337614268064492 -0.018621382613976781
decision_type=8 8 8 10 8 8 8 8 8 10 10 10 10
left_child=1 11 -3 4 9 -6 7 -5 -8 -2 -4 12 -1
right_child=3 2 10 6 5 -7 8 -9 -10 -11 -12 -13 -14
leaf_value=0.11326504453188845 0.27251507685830195 -0.39386225190706725 -0.12130841707012203 -0.18081186818890274 -0.2002360872935415 0.0041872302986497821 0.24243532746063115 0.20994919637838999 0.073954628855332827 -0.022704129874706269 0.16249037466265939 0.25970344979316001 -0.18374980651069342
leaf_weight=31 70 38 472 59 79 705 151 25 321 45 28 35 36
leaf_count=31 70 38 472 59 79 705 151 25 321 45 28 35 36
internal_value=-0.000116147 -0.0968311 -0.127878 0.0425768 0.00598067 -0.0174866 0.10108 -0.0586908 0.129935 0.160445 -0.103865 0.0647845 -0.0473083
internal_weight=2095 640 538 1455 899 784 556 84 472 115 500 102 67
internal_count=2095 640 538 1455 899 784 556 84 472 115 500 102 67
is_linear=0
shrinkage=0.05


Tree=33
num_leaves=14
num_cat=0
split_feature=46 54 39 45 12 20 46 36 36 14 8 40 56
split_gain=3144.8 1196.27 1778.84 1618.05 1337.16 1280.97 1159.55 1645.48 1722.26 1621.86 1217.92 1272.68 861.521
threshold=-2.4999999999999996 -0.1688984033995353 0.40440986802180617 0.037478956228956244 7.8720862470862469 -0.0070630758130758023 16.500000000000004 0.0085016241870741558 0.021408676675893325 0.141318005664895 -0.1003026020374907 0.017294014804065203 45.750000000000007
decision_type=8 8 10 10 10 8 10 10 10 10 8 10 10
left_child=1 2 3 -1 5 -3 10 9 -9 -8 -2 -12 -6
right_child=6 4 -4 -5 12 -7 7 8 -10 -11 11 -13 -14
leaf_value=0.22549292920778197 -0.29544946948687234 -0.29250359279974814 -0.29509069715172814 -0.079560432399020484 0.15770345257062998 -0.093691482316353367 0.38897887849736784 -0.26044997879518916 0.11717351902999096 -0.069783177120344972 -0.017060782961918267 0.088431659837279908 -0.11723095797773064
leaf_weight=85 25 150 34 80 51 187 79 34 129 23 678 487 53
leaf_count=85 25 150 34 80 51 187 79 34 129 23 678 487 53
internal_value=-7.86938e-05 -0.092049 0.0094274 0.0793043 -0.137544 -0.185312 0.0405181 0.134126 0.0327006 0.286638 0.0191568 0.0271845 0.0181835
internal_weight=2095 640 199 165 441 337 1455 265 163 102 1190 1165 104
internal_count=2095 640 199 165 441 337 1455 265 163 102 1190 1165 104
is_linear=0
shrinkage=0.05


Tree=34
num_leaves=16
num_cat=0
split_feature=45 12 54 1 0 52 6 34 23 43 0 10 4 4 29
split_gain=1861.26 1746.67 1525.69 1268.05 1250.23 1237.35 1279.2 1098.34 1020.09 1299.78 1190.27 935.728 1067.47 516.027 328.578
threshold=0.044926184926184963 7.8720862470862469 0.021419101790303301 0.11951534540968993 -5.083333333333333 1.3928402705987137 0.22799830328828349 0.28518048580735927 -0.083333333333333329 0.021553039550781253 -9.2499999999999982 1.8166666666666669 -0.11907398882543756 -0.038561477647384712 1.1020596623420718
decision_type=10 10 8 10 10 10 10 8 10 10 10 10 8 10 8
left_child=2 3 8 4 -2 6 -4 -7 9 -1 -10 12 -3 -5 -13
right_child=1 11 5 13 -6 7 -8 -9 10 -11 -12 14 -14 -15 -16
leaf_value=-0.092355304281696082 -0.23719310830786544 0.44018545198440551 -0.024134020688121812 -0.10520266568660737 -0.038268558793109607 0.2143089414035019 -0.28077092135571086 -0.091126634470525797 -0.092308197446443419 0.13083708895177679 0.16139736698190502 -0.23065979524894997 0.064262653785222709 -0.46073123796118631 0.028521837949752812
leaf_weight=144 101 20 607 20 324 90 48 39 49 111 380 22 89 31 20
leaf_count=144 101 20 607 20 324 90 48 39 49 111 380 22 89 31 20
internal_value=-0.000142979 -0.0719441 0.0306303 -0.118709 -0.087867 -0.0169215 -0.0450013 0.12164 0.084934 0.00525447 0.131575 0.0742343 0.149959 -0.344043 -0.116272
internal_weight=2095 627 1468 476 425 784 655 129 684 255 429 151 109 51 42
internal_count=2095 627 1468 476 425 784 655 129 684 255 429 151 109 51 42
is_linear=0
shrinkage=0.05


Tree=35
num_leaves=14
num_cat=0
split_feature=46 2 44 17 3 9 7 19 13 24 57 45 9
split_gain=2792.52 1072.38 2120.33 1402.92 1035.55 1427.06 1737.63 1434.79 1098.22 839.064 955.665 955.275 786.727
threshold=2.5000000000000004 -0.079925629589706643 -0.10661397874355315 0.0055172805053492384 -0.29763025813736016 -0.33819444444444446 -0.058177255582306263 -0.028493486344814297 -0.07010240977009137 -0.25000000248352683 13.522727272727275 0.06302493802493804 -0.1947222222222221
decision_type=8 8 8 10 8 8 10 8 10 10 8 10 10
left_child=1 9 -3 -4 8 6 -6 -7 12 10 -1 -11 -2
right_child=4 2 3 -5 5 7 -8 -9 -10 11 -12 -13 -14
leaf_value=0.08634899410645705 0.25782170444726943 -0.48496073569570275 -0.13356187313788209 0.032847388623462571 0.16575895112201378 -0.047011593531407242 -0.099655772793369415 0.10330218256293433 0.4814599570990713 0.29337332296244639 -0.27828751562370196 -0.0095001456477949702 -0.11227422182758649
leaf_weight=32 23 30 401 181 72 204 307 668 22 42 31 57 25
leaf_count=32 23 30 401 181 72 204 307 668 22 42 31 57 25
internal_value=-0.000212404 -0.075371 -0.105495 -0.081885 0.043905 0.0328963 -0.047602 0.0680125 0.224669 0.0378808 -0.0996094 0.126438 0.0717129
internal_weight=2095 774 612 582 1321 1251 379 872 70 162 63 99 48
internal_count=2095 774 612 582 1321 1251 379 872 70 162 63 99 48
is_linear=0
shrinkage=0.05


Tree=36
num_leaves=15
num_cat=0
split_feature=46 0 3 29 12 9 35 19 51 2 30 20 25 45
split_gain=2587.68 1178.47 1309.11 1327.42 1136.44 1163.64 974.846 1373.53 1298.97 1517.79 1187.89 1151.48 840.207 239.436
threshold=5.5000000000000009 -8.2083333333333304 -0.29763025813736016 -0.13815295944611231 -8.966666666666665 0.39722222222222237 -3.814660874505837 -0.080894450346628802 -0.26284637491454832 -0.097735150406757967 0.25602455064654356 0.048421875872856242 0.030831573630816175 -0.034490740740740745
decision_type=10 10 10 8 8 10 8 8 10 10 8 10 8 10
left_child=6 4 12 -4 13 -6 8 -8 9 -1 -10 -9 -3 -2
right_child=1 2 3 -5 5 -7 7 11 10 -11 -12 -13 -14 -15
leaf_value=0.026591833693713981 -0.10442002099752426 0.43809316131110132 -0.068197515130494588 0.094377025697884476 -0.058465886713141429 0.2353081816553392 -0.32473500509879422 -0.032790061250514292 0.081536325224136064 -0.27944178486219312 -0.19329892713266117 0.14082585976499579 0.13902090347519047 -0.38039595007896426
leaf_weight=53 20 32 160 527 139 39 30 558 109 153 55 110 90 20
leaf_count=53 20 32 160 527 139 39 30 558 109 153 55 110 90 20
internal_value=-0.000170158 0.0563338 0.084057 0.0562225 -0.045901 0.0102977 -0.0545609 -0.0193905 -0.119633 -0.201704 -0.0133301 -0.00329247 0.232019 -0.270453
internal_weight=2095 1027 809 687 218 178 1068 698 370 206 164 668 122 40
internal_count=2095 1027 809 687 218 178 1068 698 370 206 164 668 122 40
is_linear=0
shrinkage=0.05


Tree=37
num_leaves=13
num_cat=0
split_feature=46 31 22 55 36 46 36 36 14 9 3 12
split_gain=2368.33 1052.79 1180.48 1584.29 1559.85 964.249 1456.22 1543.95 1462.63 1116.34 1594.55 1464.79
threshold=-2.4999999999999996 -0.6977451667189597 0.033627130906097598 -0.64028234438349796 -0.00093156499085376976 16.500000000000004 0.0085016241870741558 0.021408676675893325 0.141318005664895 -0.39955357142857145 -0.27974799337486417 -0.27619047619047515
decision_type=8 8 10 10 10 10 10 10 10 10 8 10
left_child=1 -1 4 -4 -3 9 8 -8 -7 10 -2 -11
right_child=5 2 3 -5 -6 6 7 -9 -10 11 -12 -13
leaf_value=-0.32019611836172812 0.30886643985907236 -0.074888237107033837 0.170537445970944 -0.19665115791167453 0.14433271584860166 0.36110437586016597 -0.25218284773903016 0.10530385508744129 -0.073353348140205651 0.13265371180207627 -0.068002002260993039 -0.0095177292677056727
leaf_weight=38 25 250 30 208 114 79 34 129 23 323 440 402
leaf_count=38 25 250 30 208 114 79 34 129 23 323 440 402
internal_value=-0.000195697 -0.0800112 -0.062255 -0.147604 -0.00507021 0.0350317 0.120387 0.0251523 0.263821 0.015558 -0.0445636 0.0542284
internal_weight=2095 640 602 238 364 1455 265 163 102 1190 465 725
internal_count=2095 640 602 238 364 1455 265 163 102 1190 465 725
is_linear=0
shrinkage=0.05


Tree=38
num_leaves=14
num_cat=0
split_feature=46 38 48 13 37 5 43 22 0 50 51 28 14
split_gain=2168.98 1162.95 1272.73 1123.4 1122.8 1289.84 1181.59 1474.4 1343.22 884.822 883.773 750.326 687.597
threshold=5.5000000000000009 -15.899038461538462 0.47849470899470903 0.76498122792691003 -14.916666666666663 -0.30573666840791697 -0.084335317214330005 0.0359269566833973 -1.4166666666666663 -0.2551586429278056 0.82571454029689406 -0.22339605637604279 -0.023411877546459434
decision_type=10 8 10 10 8 10 8 8 10 10 10 10 10
left_child=4 11 3 -3 5 12 7 -6 -8 -7 -4 -2 -1
right_child=1 2 10 -5 6 9 8 -9 -10 -11 -12 -13 -14
leaf_value=-0.1131640449013295 0.032509460993881883 0.094550787602382447 -0.27119221279104039 -0.14162014827684119 0.015665934782765515 -0.088050306745817972 -0.073421021850986617 -0.29018256310154411 0.063387636343638101 -0.3442607639039435 0.052512965042416641 -0.32949534950312231 0.20792360380291941
leaf_weight=30 24 850 41 49 72 66 319 80 397 77 36 27 27
leaf_count=30 24 850 41 49 72 66 319 80 397 77 36 27 27
internal_value=-0.000158769 0.0515703 0.0640384 0.0809109 -0.0499571 -0.155308 -0.0248749 -0.149103 0.00227936 -0.233317 -0.125266 -0.170555 0.042626
internal_weight=2095 1027 976 899 1068 200 868 152 716 143 77 51 57
internal_count=2095 1027 976 899 1068 200 868 152 716 143 77 51 57
is_linear=0
shrinkage=0.05


Tree=39
num_leaves=14
num_cat=0
split_feature=46 42 42 52 46 40 26 0 43 16 36 5 20
split_gain=1992.29 1107.56 1006.18 1089.21 863.477 1052.46 1558.84 1016.95 893.227 699.587 504.873 497.07 475.657
threshold=-2.4999999999999996 -0.017177434482922152 0.070841152453795089 2.2742135838914721 20.500000000000004 0.077401722160478456 -3.6880094395743455 -7.7499999999999991 0.060817589362462378 -0.020379612532754734 -1.0000000180025095e-35 0.39475184306502348 0.03413743663743659
decision_type=8 8 10 10 10 10 8 10 10 10 10 8 10
left_child=1 9 3 -3 5 6 -2 -7 10 -1 -6 -10 -11
right_child=4 2 -4 -5 8 7 -8 -9 11 12 -12 -13 -14
leaf_value=-0.10025766782271557 0.11691251805246766 -0.13526585873182248 0.16860202088048964 0.18341192294811381 0.43870109001795454 -0.089185536167924365 -0.039112355172250222 0.1346052897905142 -0.077113929301500322 0.25022617836296557 0.13643512555294565 0.16114316997237696 -0.018785401114395688
leaf_weight=34 196 486 28 24 25 58 781 276 45 45 40 34 23
leaf_count=34 196 486 28 24 25 58 781 276 45 45 40 34 23
internal_value=-0.000293073 -0.0734999 -0.102086 -0.118537 0.0320151 0.0189305 -0.00732474 0.0948537 0.146171 0.0745352 0.276437 0.0283201 0.163498
internal_weight=2095 640 538 510 1455 1311 977 334 144 102 65 79 68
internal_count=2095 640 538 510 1455 1311 977 334 144 102 65 79 68
is_linear=0
shrinkage=0.05


Tree=40
num_leaves=14
num_cat=0
split_feature=46 4 30 9 39 29 22 2 8 55 33 38 34
split_gain=1840.16 1290.57 1213.16 1337.16 1224.79 1040.85 893.799 1039.29 990.1 842.642 1064.92 905.822 497.997
threshold=-6.4999999999999991 0.26545558733414515 -0.075217372194553392 -0.23680555555555557 -0.28793964969615138 -0.020417754538357254 0.030575517409791548 -0.050754002384984717 0.0080720836324452167 0.18311380445957187 0.18529703223612162 2.2792207792207795 -0.2671195243795712
decision_type=8 10 8 10 8 8 8 10 10 8 10 10 10
left_child=6 2 3 -2 -4 -3 7 12 -9 10 -8 -11 -1
right_child=1 5 4 -5 -6 -7 9 8 -10 11 -12 -13 -14
leaf_value=0.002639774315059185 -0.1403161950330151 0.070662224865876713 0.15197353909089883 0.030159713911764349 0.030085395197537574 -0.34453766246636713 -0.27406840670434102 0.10602846181875952 -0.24046097546815873 -0.12251175488744465 0.0057148953785701676 0.1952589778624701 0.33018001975684336
leaf_weight=20 183 21 264 292 905 37 137 32 43 65 44 28 24
leaf_count=20 183 21 264 292 905 37 137 32 43 65 44 28 24
internal_value=-0.000140286 0.0224096 0.0308591 -0.0361917 0.0581845 -0.199736 -0.0969794 0.0167108 -0.0946134 -0.14595 -0.207461 -0.0212477 0.19778
internal_weight=2095 1702 1644 475 1169 58 393 119 75 274 181 93 44
internal_count=2095 1702 1644 475 1169 58 393 119 75 274 181 93 44
is_linear=0
shrinkage=0.05


Tree=41
num_leaves=16
num_cat=0
split_feature=46 45 54 39 7 0 12 37 25 19 25 24 54 21 39
split_gain=1735.63 1051.88 1684.27 1767.98 1281.99 1284.52 1230.22 1037.77 844.83 1228.5 1017.83 976.84 1102.76 585.508 419.197
threshold=11.500000000000002 0.049268324268324275 -0.14211752238328609 -0.34547772631049151 -0.010955654847179174 -5.208333333333333 17.062500000000004 -15.833333333333332 -0.15661586421941007 -0.031484534343083674 -0.20558004829411702 -0.333333334326744 -1.1593046006107446 -0.43531433865427965 0.11695637181401256
decision_type=10 10 8 10 10 10 10 8 10 10 8 10 10 10 10
left_child=1 2 3 -1 5 -3 -6 -4 9 10 -2 14 -13 -11 -10
right_child=8 4 7 -5 6 -7 -8 -9 11 13 -12 12 -14 -15 -16
leaf_value=0.26238285278075568 -0.11250819000330839 -0.20818866898818894 -0.19211652197688819 0.01609311685704988 -0.17601056548324337 0.084816397094651108 0.14169112448181426 -0.017430993846022102 -0.29426181316375732 0.16534597699840864 0.17035660580731929 -0.25248926218885642 0.087903698114363632 0.4710984081136329 -0.0037083453602261016
leaf_weight=101 50 44 95 237 296 153 30 583 25 46 71 21 291 30 22
leaf_count=101 50 44 95 237 296 153 30 583 25 46 71 21 291 30 22
internal_value=-0.000151033 -0.0275416 0.00215087 0.0925863 -0.0847921 0.0155928 -0.144924 -0.043208 0.0751462 0.15708 0.0532472 0.0285077 0.0612138 0.308285 -0.172653
internal_weight=2095 1539 1016 338 523 197 326 678 556 197 121 359 312 76 47
internal_count=2095 1539 1016 338 523 197 326 678 556 197 121 359 312 76 47
is_linear=0
shrinkage=0.05


Tree=42
num_leaves=15
num_cat=0
split_feature=46 6 29 47 42 58 25 22 28 22 33 2 7 6
split_gain=1583.29 906.785 1833.96 1148.53 934.491 948.114 887.884 818.114 993.003 1406.88 1314.81 944.866 966.262 492.378
threshold=-6.4999999999999991 -0.22277421667240557 0.060355712659657008 0.0081139770723104038 -0.045656782419731215 1000.5000000000001 0.048293321537563494 0.030575517409791548 -0.27637257212902311 0.36407844629138714 0.18529703223612162 -0.050754002384984717 0.021261919512861768 -0.24498860826133748
decision_type=8 8 10 10 8 10 10 8 10 8 10 10 10 10
left_child=7 2 3 -2 5 -3 -6 11 9 -9 -10 13 -13 -1
right_child=1 4 -4 -5 6 -7 -8 8 10 -11 -12 12 -14 -15
leaf_value=0.010801669913861486 0.14802629219841273 0.043191915248578371 -0.4207156564821215 -0.16737953727995908 -0.0075433451397163981 0.28158937429248448 0.080425085453548248 0.31401883352261328 -0.28183582331985235 -0.10998529753635955 0.023462512767782398 0.065887130470946437 -0.2760836100658855 0.33446567941595012
leaf_weight=22 57 108 29 49 996 66 397 21 133 74 46 43 32 22
leaf_count=22 57 108 29 49 996 66 397 21 133 74 46 43 32 22
internal_value=-0.00012527 0.0207899 -0.10118 0.000803019 0.031618 0.139238 0.0176896 -0.0899533 -0.136814 -0.00474349 -0.204602 0.0187073 -0.0875314 0.19127
internal_weight=2095 1702 135 106 1567 174 1393 393 274 95 179 119 75 44
internal_count=2095 1702 135 106 1567 174 1393 393 274 95 179 119 75 44
is_linear=0
shrinkage=0.05


Tree=43
num_leaves=13
num_cat=0
split_feature=46 3 4 37 53 32 1 14 18 46 47 37
split_gain=1510.94 1035.84 1105.48 1180.46 842.562 1281.27 1119.71 944.719 815.63 825.998 668.761 130.292
threshold=11.500000000000002 -0.28635896772417857 -0.21896900924704302 -20.583333333333329 1.0000000180025095e-35 -0.030939053045585748 -0.053822553406159081 -0.27512474513302237 -0.10757876187562941 23.500000000000004 -0.05200066137566136 1.6666666666666698
decision_type=10 8 8 8 10 10 10 10 10 10 8 10
left_child=1 10 11 -4 5 7 -7 -2 -6 -10 -1 -3
right_child=4 2 3 -5 8 6 -8 -9 9 -11 -12 -13
leaf_value=0.35041816316801927 0.080518599599599838 -0.13114969405531882 -0.15079577598898186 -0.0097159853017370762 -0.2501850078332013 -0.28753406022276201 0.070553663159447791 0.30194292636675257 -0.018486696795302595 0.2154711904547488 0.014741260316726325 -0.36762747895717623
leaf_weight=24 98 20 163 1280 24 23 94 102 172 43 32 20
leaf_count=24 98 20 163 1280 24 23 94 102 172 43 32 20
internal_value=-0.000109682 -0.0256675 -0.0338966 -0.0261524 0.0701431 0.122935 -0.00832902 0.198299 -0.00075776 0.0319112 0.176353 -0.27821
internal_weight=2095 1539 1483 1443 556 317 117 200 239 215 56 40
internal_count=2095 1539 1483 1443 556 317 117 200 239 215 56 40
is_linear=0
shrinkage=0.05


Tree=44
num_leaves=13
num_cat=0
split_feature=46 38 48 13 58 58 47 54 5 53 38 28
split_gain=1392.77 1004.63 1128.38 1013.57 900.934 1570.47 1233.69 1191.94 998.849 866.386 778.211 681.464
threshold=5.5000000000000009 -15.899038461538462 0.47849470899470903 0.76498122792691003 1849.7500000000002 1578.3500000000001 -0.05200066137566136 -1.3330959564632912 0.13535464811138812 -0.0033085318489207587 7.1269230769230782 -0.22339605637604279
decision_type=10 8 10 10 10 8 10 8 10 10 8 10
left_child=4 11 3 -3 5 7 -7 -1 10 -4 -6 -2
right_child=1 2 9 -5 8 6 -8 -9 -10 -11 -12 -13
leaf_value=0.26923396547635398 0.028833187859633874 0.081844079362675126 0.043346174494471666 -0.14224819667913297 -0.09529896983649673 0.34375076615810396 -0.05283241178308215 -0.051883018998802627 0.11012345561757685 -0.27672883371547374 -0.35076033943997964 -0.31642224378883843
leaf_weight=25 24 850 38 49 77 45 30 813 27 39 51 27
leaf_count=25 24 850 38 49 77 45 30 813 27 39 51 27
internal_value=-0.000125847 0.0413215 0.0529389 0.0688554 -0.0400354 -0.0206698 0.191105 -0.0407038 -0.149582 -0.125149 -0.20682 -0.164988
internal_weight=2095 1027 976 899 1068 913 75 838 155 77 128 51
internal_count=2095 1027 976 899 1068 913 75 838 155 77 128 51
is_linear=0
shrinkage=0.05


Tree=45
num_leaves=10
num_cat=0
split_feature=46 4 30 15 48 29 31 15 33
split_gain=1296.25 1146.4 1025.38 1115.08 1101.86 921.902 797.362 885.246 1020.47
threshold=-6.4999999999999991 0.26545558733414515 -0.075217372194553392 0.10313833954610992 -0.13888888888888887 -0.020417754538357254 -0.6977451667189597 -0.23242295595506823 0.22053123188670729
decision_type=8 10 8 8 10 8 8 8 10
left_child=6 2 3 -2 -4 -3 -1 -8 -9
right_child=1 5 4 -5 -6 -7 7 8 -10
leaf_value=-0.32222583536058669 -0.072571882798538073 0.064196593830218682 0.004108726017585526 0.11705167098066856 0.10112872427860856 -0.32682301898797356 -0.32530169960689448 -0.072907632382939 0.15998068254973208
leaf_weight=27 383 21 597 92 572 37 24 291 51
leaf_count=27 383 21 597 92 572 37 24 291 51
internal_value=-0.000168249 0.0187542 0.0267258 -0.0349039 0.0518524 -0.190595 -0.081449 -0.0594488 -0.0362298
internal_weight=2095 1702 1644 475 1169 58 393 366 342
internal_count=2095 1702 1644 475 1169 58 393 366 342
is_linear=0
shrinkage=0.05


Tree=46
num_leaves=14
num_cat=0
split_feature=46 3 19 2 31 9 48 22 29 28 10 31 22
split_gain=1203.13 930.177 1040.38 1107.49 1094.62 836.245 834.654 1303.29 1003.01 945.53 863.634 850.05 642.811
threshold=11.500000000000002 -0.28635896772417857 -0.080894450346628802 -0.029931074074868641 0.0088185047109921883 -1.0000000180025095e-35 -0.048194629444629371 -0.21489094942808148 0.18268910892462981 0.17060902740437697 -0.63961038961038963 0.17124221846461299 -0.072370290135343865
decision_type=10 8 8 10 10 10 8 8 8 10 10 8 10
left_child=1 5 3 -3 -4 -1 9 11 -9 10 -2 -8 -11
right_child=6 2 4 -5 -6 -7 7 8 -10 12 -12 -13 -14
leaf_value=0.31823348129117812 0.1209992817326172 -0.0079746006651127601 -0.052889184023949543 -0.36351250242838207 0.039176208990343249 -0.050130637850740858 0.46722609577952207 -0.082199059242566874 0.11447661995041838 0.31483944859997981 -0.16095837067674709 0.096708731970896855 -0.034722220994256162
leaf_weight=32 32 42 903 42 496 24 32 86 224 24 103 33 22
leaf_count=32 32 42 903 42 496 24 32 86 224 24 103 33 22
internal_value=-0.000238809 -0.0230474 -0.0308508 -0.19674 -0.0201895 0.168375 0.0624486 0.104598 0.0593176 -0.0250736 -0.0918324 0.300176 0.159664
internal_weight=2095 1539 1483 84 1399 56 556 375 310 181 135 65 46
internal_count=2095 1539 1483 84 1399 56 556 375 310 181 135 65 46
is_linear=0
shrinkage=0.05


Tree=47
num_leaves=15
num_cat=0
split_feature=52 0 8 54 33 9 3 6 6 3 3 41 9 23
split_gain=1163.87 1727.72 2192.37 1303.28 1663.79 1613.06 1577.55 1568.43 1346.82 1266.15 990.538 985.877 596.68 250.415
threshold=1.3439182777600855 -8.0833333333333304 -0.0064653032861898543 -0.14211752238328609 0.022192163035894441 -0.97555555555555529 -0.28635896772417857 0.17143704575331262 0.23335658262173339 0.034210509232555829 0.091550996061414494 0.0098723911990722026 0.16250000000000001 0.068055553237597169
decision_type=10 10 10 10 8 10 10 10 10 10 8 10 10 8
left_child=3 12 9 4 5 -1 11 -6 -8 -3 -4 -5 13 -2
right_child=1 2 10 6 7 -7 8 -9 -10 -11 -12 -13 -14 -15
leaf_value=-0.15199638002862534 -0.087870085969567302 0.35188072234939 -0.092649876865847358 0.24980615616317781 -0.064017205143255401 0.16506448940335589 -0.0610139041835287 0.23833315813293063 -0.28326439651611607 0.060441175355773535 0.13126514083597549 -0.062647823413664649 0.016566430740058421 -0.35658224506510633
leaf_weight=43 20 104 111 58 400 262 745 43 71 61 81 39 35 22
leaf_count=43 20 104 111 58 400 262 745 43 71 61 81 39 35 22
internal_value=-0.00014005 0.0722636 0.118606 -0.0192484 0.0295344 0.118472 -0.0592127 -0.0322254 -0.0820201 0.249377 0.0024945 0.126777 -0.13612 -0.252648
internal_weight=2095 434 357 1661 748 305 913 443 816 165 192 97 77 42
internal_count=2095 434 357 1661 748 305 913 443 816 165 192 97 77 42
is_linear=0
shrinkage=0.05


Tree=48
num_leaves=15
num_cat=0
split_feature=46 50 44 59 32 36 31 36 52 40 50 33 25 3
split_gain=1096.21 1115.41 1610.52 1323.56 1184.65 1151.08 1106.4 920.484 1291.12 1443.84 1074.13 933.522 906.39 795.601
threshold=2.5000000000000004 -0.95297614733378111 0.018220356355110798 5.5000000000000009 -0.39599381247535342 0.036733653778617363 -0.12584631737425092 -0.023245507083383694 2.2468925939242559 -0.070990397735978608 1.9007937510808313 0.03025924844356875 -0.028735600738963554 -0.12612182383115092
decision_type=8 8 10 2 8 10 8 10 10 10 10 8 8 10
left_child=7 2 6 5 -5 -3 -2 10 9 -9 11 -1 -4 -12
right_child=1 3 12 4 -6 -7 -8 8 -10 -11 13 -13 -14 -15
leaf_value=0.056115078834647482 -0.33098576993548445 0.048874096519824481 -0.060842949821792475 -0.19342604660987855 0.17079040076583626 -0.12486531956247607 -0.066347194784744226 0.10700036702181798 0.2896689587583145 -0.092771985661957601 -0.010872176776711758 -0.12810722596102184 0.14102792649719051 -0.37969448693658947
leaf_weight=105 51 491 94 20 280 113 149 134 31 254 21 181 123 48
leaf_count=105 51 491 94 20 280 113 149 134 31 254 21 181 123 48
internal_value=-0.000126701 0.0275057 -0.0397501 0.0586326 0.143573 0.0155295 -0.140501 -0.0472254 0.0030028 -0.0231677 -0.105866 -0.0604993 0.0539555 -0.276439
internal_weight=2095 1321 417 904 300 604 200 774 419 388 355 286 217 69
internal_count=2095 1321 417 904 300 604 200 774 419 388 355 286 217 69
is_linear=0
shrinkage=0.05


Tree=49
num_leaves=9
num_cat=0
split_feature=28 46 54 52 0 54 29 14
split_gain=1076.72 931.309 1062.81 1033.15 1526.66 1046.99 856.456 773.241
threshold=0.86035566637292515 13.500000000000002 -1.2085840907330649 1.3693710187318395 -5.2916666666666652 -0.14211752238328609 -0.15900150872766969 0.13795983170469606
decision_type=10 10 8 10 10 8 8 10
left_child=1 3 -3 5 -5 -1 -4 -2
right_child=7 2 6 4 -6 -7 -8 -9
leaf_value=0.034519908024002448 -0.34560102898823586 -0.2170933958391349 -0.085987415486725727 -0.11536994734062599 0.14420416489490684 -0.059825532008699257 0.12166036379440373 0.02484118583110663
leaf_weight=428 33 25 54 73 206 913 342 21
leaf_count=428 33 25 54 73 206 913 342 21
internal_value=-0.000191132 0.00585806 0.0716669 -0.0113812 0.0752754 -0.0296603 0.092501 -0.210796
internal_weight=2095 2041 421 1620 279 1341 396 54
internal_count=2095 2041 421 1620 279 1341 396 54
is_linear=0
shrinkage=0.05


Tree=50
num_leaves=16
num_cat=0
split_feature=45 11 41 13 27 48 6 14 7 48 57 35 22 41 41
split_gain=982.174 1001.53 1490.8 1241.05 1455.16 1132.41 1092.33 984.206 898.497 1305.99 1252.02 1182.66 1224.34 878.622 654.827
threshold=0.058606902356902406 10.541666666666668 -0.015411400546630224 -0.79576140766342462 0.10293650793650795 -0.12573412698412689 -0.02045734381924073 -0.69658124198516191 -0.010955654847179174 0.14722773368606709 12.14835164835165 0.814618080854416 0.0359269566833973 0.022232634325822193 0.019881260270873707
decision_type=10 10 10 8 10 8 10 8 10 10 8 10 8 10 10
left_child=1 3 6 4 -1 -4 -3 -5 11 10 -10 12 -2 -11 -13
right_child=8 2 5 7 -6 -7 -8 -9 9 13 -12 14 -14 -15 -16
leaf_value=0.34915277111151866 0.23628086186455272 0.29625846900873715 -0.42510088117172318 -0.27664752493577976 -0.059646810301476054 -0.088715773265735778 -0.071864903068288841 0.028471959945974935 0.085438591322185953 -0.40852416134797614 -0.14013143263351269 0.0013086954432149087 -0.036239415779709815 -0.0525100151405615 -0.34210853761640092
leaf_weight=58 71 31 31 22 31 97 42 1251 97 47 151 26 87 29 24
leaf_count=58 71 31 31 22 31 97 42 1251 97 47 151 26 87 29 24
internal_value=-0.000240939 0.019723 -0.0830825 0.0351797 0.210631 -0.183479 0.0927904 0.022098 -0.058625 -0.110104 -0.0517619 0.0220316 0.0894069 -0.284921 -0.178738
internal_weight=2095 1563 201 1362 89 128 73 1273 532 324 248 208 158 76 50
internal_count=2095 1563 201 1362 89 128 73 1273 532 324 248 208 158 76 50
is_linear=0
shrinkage=0.05


Tree=51
num_leaves=14
num_cat=0
split_feature=38 11 42 4 44 34 31 24 1 25 10 40 1
split_gain=969.801 1356.24 1303.4 1328.99 1263.83 1168.48 1124.81 1076.74 1111.98 823.303 775.01 737.312 756.83
threshold=-8.8047619047619037 6.9999999999999991 -0.011676931288093327 0.26545558733414515 0.042422664662202215 0.30239876142392558 -0.6977451667189597 -0.083333336561918256 0.084048205489913638 0.021879725158214573 0.44821428571428595 -0.070990397735978608 0.015258467144013703
decision_type=8 10 8 10 10 10 8 8 10 10 10 10 10
left_child=1 7 3 4 -2 6 -4 9 -9 -1 -7 -3 -13
right_child=2 11 5 -5 -6 10 -8 8 -10 -11 -12 12 -14
leaf_value=0.0078721733887990326 0.03364524173513208 -0.0073493263125419626 -0.22163214674382881 -0.25692920047661355 0.18936862634926421 -0.39439766185753272 0.0061622397941501128 0.14568601475146256 -0.15347539099843005 -0.30015469857532051 -0.0072294712066650396 -0.15911859673532575 -0.53570488941456584
leaf_weight=40 359 25 52 24 203 28 1092 109 38 41 22 39 23
leaf_count=40 359 25 52 24 203 28 1092 109 38 41 22 39 23
internal_value=-0.000340151 -0.0805173 0.0140063 0.0747624 0.0911562 -0.0159578 -0.00506793 -0.014567 0.0655182 -0.155847 -0.241097 -0.242624 -0.329119
internal_weight=2095 315 1780 586 562 1194 1144 228 147 81 50 87 62
internal_count=2095 315 1780 586 562 1194 1144 228 147 81 50 87 62
is_linear=0
shrinkage=0.05


Tree=52
num_leaves=10
num_cat=0
split_feature=28 0 52 46 12 14 7 25 14
split_gain=934.38 801.874 1821.67 1608.7 1284.26 1180.53 1104.98 811.865 715.053
threshold=0.86035566637292515 -7.7499999999999991 1.8662048456483669 17.500000000000004 -10.834821428571427 -0.63546783042450727 -0.004577924765196347 -0.024747220411275819 0.13795983170469606
decision_type=10 10 8 8 8 8 8 10 10
left_child=1 3 5 4 -1 -3 -4 -5 -2
right_child=8 2 6 7 -6 -7 -8 -9 -10
leaf_value=-0.33829838602858436 -0.32643130139300697 0.15681527137046769 0.25969543771459425 0.22120601033875303 -0.063288119298845744 -0.017793866231291283 0.057773001237682586 -0.11379959434270859 0.028779828548431398
leaf_weight=46 33 100 104 62 283 1233 192 21 21
leaf_count=46 33 100 104 62 283 1233 192 21 21
internal_value=-0.000523531 0.0051108 0.0209149 -0.0567582 -0.106378 -0.00412048 0.13202 0.134227 -0.196714
internal_weight=2095 2041 1629 412 329 1333 296 83 54
internal_count=2095 2041 1629 412 329 1333 296 83 54
is_linear=0
shrinkage=0.05


Tree=53
num_leaves=14
num_cat=0
split_feature=38 53 32 15 11 28 0 22 33 55 49 47 10
split_gain=884.068 1315.73 1370.21 1415.53 1238.03 1182.66 1081.32 1010.76 884.516 976.244 628.085 585.364 456.616
threshold=-8.8047619047619037 0.0046164773404598026 -0.22880082748209432 -0.10358472665150957 6.9999999999999991 0.70570265850983571 5.291666666666667 -0.2123170554793129 -0.097352374054025845 0.095831694057172498 2.4166666666666718 -0.085262896825396811 0.81818181818181834
decision_type=8 8 10 10 10 10 10 8 8 10 10 8 10
left_child=4 2 6 -4 8 7 -2 -3 10 -10 -1 -6 -13
right_child=1 5 3 -5 11 -7 -8 -9 9 -11 -12 12 -14
leaf_value=0.28026407093212413 0.1130455866107537 0.12882611636664265 -0.12541474177260101 0.060939718226003352 0 -0.3253298087976873 0.42000857764168792 -0.034331935040370028 -0.16267976867204365 0.073977803823550889 -0.042736120202711655 -0.39063202540079756 -0.090640278586319512
leaf_weight=32 150 102 122 511 21 27 33 835 105 68 23 43 23
leaf_count=32 150 102 122 511 21 27 33 835 105 68 23 43 23
internal_value=-0.000512277 0.0131847 0.0597437 0.0242433 -0.0770638 -0.0262797 0.178364 -0.0159283 -0.0140396 -0.0699123 0.152053 -0.231948 -0.300539
internal_weight=2095 1780 816 633 315 964 183 937 228 173 55 87 66
internal_count=2095 1780 816 633 315 964 183 937 228 173 55 87 66
is_linear=0
shrinkage=0.05


Tree=54
num_leaves=16
num_cat=0
split_feature=45 11 39 13 6 51 39 41 7 49 35 22 6 32 50
split_gain=848.852 852.711 1475.13 1053.41 1350.06 1040.06 934.674 924.546 790.487 1210.22 1082.72 1073.37 985.994 714.843 629.862
threshold=0.058606902356902406 10.541666666666668 0.33155404388283694 -0.79576140766342462 0.20600159869839749 1.2979045557865734 -0.41478995978832239 -0.015411400546630224 -0.010955654847179174 -8.1666666666666625 0.814618080854416 0.0359269566833973 -0.15249208097035685 -0.05949112982489168 -0.16388884186744687
decision_type=10 10 10 8 8 10 8 10 10 10 10 8 8 10 10
left_child=1 3 7 4 -1 -4 -5 -3 10 13 11 -2 -11 -10 -12
right_child=8 2 5 6 -6 -7 -8 -9 9 12 14 -13 -14 -15 -16
leaf_value=0.30335397999471342 0.22284961632992092 0.014159553892472211 -0.035561638468123498 0.11252529875465991 -0.1162351907896144 0.35761924071444406 0.00040118805112541008 -0.25599962392589076 -0.10495522699713933 -0.27481068111408286 -0.31492559863254432 -0.032347450685768352 -0.071455121956811363 0.20181002318859101 0.021807866809623586
leaf_weight=66 71 46 42 221 23 22 1052 91 28 97 27 87 158 41 23
leaf_count=66 71 46 42 221 23 22 1052 91 28 97 27 87 158 41 23
internal_value=-0.000497959 0.0180605 -0.0767937 0.032325 0.193974 0.11499 0.0202698 -0.167633 -0.0547757 -0.103064 0.020862 0.0853411 -0.1528 0.0779694 -0.171218
internal_weight=2095 1563 201 1362 89 64 1273 137 532 324 208 158 255 69 50
internal_count=2095 1563 201 1362 89 64 1273 137 532 324 208 158 255 69 50
is_linear=0
shrinkage=0.05


Tree=55
num_leaves=14
num_cat=0
split_feature=46 38 11 53 55 24 34 42 44 16 17 40 57
split_gain=824.414 947.399 1220.42 1142.06 1161.07 1065.95 952.805 835.877 987.38 1110.03 938.329 627.656 51.1045
threshold=-7.4999999999999991 -8.8047619047619037 6.9999999999999991 0.0046164773404598026 0.016876988112926487 -0.083333336561918256 -0.17179874703288076 0.070841152453795089 -0.064317710449298196 0.0059639646982153289 0.0052554567034045875 -0.070990397735978608 11.607692307692309
decision_type=8 8 10 8 8 8 10 8 10 10 10 10 10
left_child=7 2 5 6 -5 -2 -3 8 9 -1 -10 -4 -9
right_child=1 3 11 4 -6 -7 -8 12 10 -11 -12 -13 -14
leaf_value=-0.086220389802121766 -0.1607931760708905 0.18037161631282511 -0.0049277048844557541 0.063500403029423572 -0.059604570816852859 0.07835402236404744 0.042171813020758363 0.16362381120180261 -0.10663251713144058 -0.43351883477554093 0.13623399498562019 -0.32910464517772198 0.040840281486511233
leaf_weight=61 67 159 21 305 496 127 549 24 127 36 52 51 20
leaf_count=61 67 159 21 305 496 127 549 24 127 36 52 51 20
internal_value=-0.000468509 0.0128792 -0.073219 0.028281 -0.0125642 -0.00595165 0.0743256 -0.0737196 -0.106139 -0.230537 -0.0340226 -0.241662 0.118696
internal_weight=2095 1775 266 1509 801 194 708 320 276 97 179 72 44
internal_count=2095 1775 266 1509 801 194 708 320 276 97 179 72 44
is_linear=0
shrinkage=0.05


Tree=56
num_leaves=10
num_cat=0
split_feature=28 17 6 47 7 19 0 53 14
split_gain=768.934 741.128 1826.68 1140.25 960.914 1098.27 881.345 700.153 655.884
threshold=0.86035566637292515 0.033804057631641633 -0.13328020802388585 0.032404100529100539 0.042128823439926071 -0.04244582355022427 -7.7499999999999991 0.46140915073120464 0.13795983170469606
decision_type=10 10 8 10 10 10 10 10 10
left_child=1 4 3 -3 6 -6 -1 -4 -2
right_child=8 2 7 -5 5 -7 -8 -9 -10
leaf_value=-0.060826088707464247 -0.30287711024284364 0.055738015217440477 0.19930149542562892 -0.36106163407817032 -0.3206497221475556 -0.047220734042811879 0.032908435803884771 -0.012192982001738115 0.035735931419409242
leaf_weight=320 33 30 160 28 37 324 1092 50 21
leaf_count=320 33 30 160 28 37 324 1092 50 21
internal_value=-0.000500524 0.00460855 0.0813184 -0.157368 -0.00715458 -0.0793795 0.0114905 0.149601 -0.178478
internal_weight=2095 2041 268 58 1773 361 1412 210 54
internal_count=2095 2041 268 58 1773 361 1412 210 54
is_linear=0
shrinkage=0.05


Tree=57
num_leaves=15
num_cat=0
split_feature=33 33 44 34 10 51 56 53 33 33 48 58 0 26
split_gain=763.658 1104.41 1369.46 1374.8 1236.37 872.038 1464.08 1256.23 997.512 875.547 809.995 746.545 719.923 369.41
threshold=0.01412358788074926 -0.038277741754427545 -0.021420035511255261 -0.16026096791028974 -0.50909090909090915 1.2979045557865734 45.750000000000007 -1.2171874999379113 0.22435838084978363 0.11421461052571734 0.47849470899470903 2548.4500000000003 3.9166666666666674 1.0630951438631338
decision_type=8 10 10 10 10 8 8 10 10 8 10 8 10 8
left_child=1 2 3 -1 -4 6 9 -8 11 -2 12 -7 -3 -10
right_child=5 10 4 -5 -6 8 7 -9 13 -11 -12 -13 -14 -15
leaf_value=0.038768065852202375 -0.094620307540846257 0.09827395262265648 0.18865694748954132 -0.16835593219432565 0.0041699050932453531 -0.028387619290804984 0.17148596343894801 -0.17282250332725269 0.31981487176248008 0.073635365687310703 -0.12861693511749137 0.16989563798738852 0.3139869185164571 0.04371568378474977
leaf_weight=141 121 157 125 175 304 387 25 289 30 195 24 49 51 22
leaf_count=141 121 157 125 175 304 387 25 289 30 195 24 49 51 22
internal_value=-0.000569681 0.0316128 0.00162663 -0.0766166 0.0595942 -0.0287534 -0.0674178 -0.142994 0.0212379 0.00858229 0.125628 -0.00431651 0.157529 0.217962
internal_weight=2095 977 745 316 429 1118 630 314 488 316 232 436 208 52
internal_count=2095 977 745 316 429 1118 630 314 488 316 232 436 208 52
is_linear=0
shrinkage=0.05


Tree=58
num_leaves=14
num_cat=0
split_feature=45 37 54 32 2 8 15 8 46 40 35 5 14
split_gain=725.162 805.886 961.803 1473.76 897.16 850.143 839.029 767.333 1042.63 829.03 817.271 945.501 357.632
threshold=0.058606902356902406 -27.833333333333325 -0.18541100958668907 -0.0049198362976312629 -0.044983157732834407 -0.067584690428996175 0.087061474223931637 0.023761529287490032 -19.499999999999996 -0.12944160800959376 2.8669595956802372 0.30385834537446504 -0.07146233087405561
decision_type=10 8 8 10 10 8 8 10 10 10 10 8 10
left_child=1 4 3 -3 -1 -4 -6 10 -9 -10 11 -2 -12
right_child=7 2 5 -5 6 -7 -8 8 9 -11 12 -13 -14
leaf_value=0.085162539517178268 -0.015427832363187805 0.16671269565467306 0.17830716591389453 -0.007227706150034395 -0.37342309192190443 -0.014260454208474783 0.016871473968029023 -0.39132523139317832 0.15967088538792829 -0.13125373152557945 -0.2539346374051516 0.21294100008227612 0
leaf_weight=29 253 248 56 233 35 942 20 28 26 117 38 50 20
leaf_count=29 253 248 56 233 35 942 20 28 26 117 38 50 20
internal_value=-0.000435293 0.0167159 0.0254584 0.0831443 -0.129434 -0.0025702 -0.241086 -0.0506047 -0.136232 -0.0744132 -0.0086006 0.0249395 -0.172686
internal_weight=2095 1563 1479 481 84 998 55 532 171 143 361 303 58
internal_count=2095 1563 1479 481 84 998 55 532 171 143 361 303 58
is_linear=0
shrinkage=0.05


Tree=59
num_leaves=14
num_cat=0
split_feature=38 53 52 24 11 24 49 3 3 37 25 40 1
split_gain=713.795 1068.64 1340.71 1284.7 985.143 846.663 964.81 826.965 1002.14 780.08 743.103 583.412 700.52
threshold=-8.8047619047619037 0.57749999985098854 -2.6728082430670348 -0.26934523809523803 6.9999999999999991 -0.083333336561918256 2.6666666666666612 -0.28635896772417857 -0.21889305982040239 -4.0000000000000009 -0.024747220411275819 -0.070990397735978608 0.015258467144013703
decision_type=8 10 10 10 10 8 10 8 8 10 10 10 10
left_child=4 7 -3 -4 5 10 -7 9 -9 -2 -1 -6 -13
right_child=1 2 3 -5 11 6 -8 8 -10 -11 -12 12 -14
leaf_value=0.033418828174471858 0.41780636344964689 0.26298870241333699 -0.24369492223639175 -0.0285887681996944 0 0.14139072931258478 -0.12524657499790193 -0.15906380119009153 0.032600954400166929 0.061729002211775102 -0.26037908699546086 -0.12591438371349464 -0.48070325824831217
leaf_weight=35 21 24 94 240 25 102 45 67 1290 44 46 39 23
leaf_count=35 21 24 94 240 25 102 45 67 1290 44 46 39 23
internal_value=-0.000456289 0.0118487 -0.0647476 -0.0919765 -0.0692443 -0.0129876 0.0580032 0.0313268 0.0225519 0.19911 -0.138286 -0.207414 -0.284327
internal_weight=2095 1780 358 334 315 228 147 1422 1357 65 81 87 62
internal_count=2095 1780 358 334 315 228 147 1422 1357 65 81 87 62
is_linear=0
shrinkage=0.05


Tree=60
num_leaves=13
num_cat=0
split_feature=52 0 8 11 21 59 6 19 48 4 47 5
split_gain=696.74 1323.26 1741.42 881.498 1301.07 1121.55 881.892 755.005 751.326 720.893 684.728 451.179
threshold=1.3439182777600855 -8.0833333333333304 -0.0025886079754366266 8.0000000000000036 0.39618783723562961 7.5000000000000009 0.012264180491911249 -0.027150512983401622 -0.29926447009780344 -0.002741499615478375 -0.094257706028539348 0.18980984762310985
decision_type=10 10 10 10 10 2 10 10 8 10 8 8
left_child=3 10 9 4 8 6 -5 -4 -1 -3 -2 -12
right_child=1 2 7 5 -6 -7 -8 -9 -10 -11 11 -13
leaf_value=-0.075647264669992428 0.098894640344839843 0.2974527116343379 -0.2050772711564787 -0.060015757793210792 -0.27473832600091291 0.15146089088778164 -0.24913162989456109 0.038867751299555789 0.027709656469351286 0.086534224698940912 -0.057131303999545607 -0.34410856030881409
leaf_weight=204 21 95 35 192 36 38 90 148 1101 79 29 27
leaf_count=204 21 95 35 192 36 38 90 148 1101 79 29 27
internal_value=-0.000490627 0.0555242 0.0961542 -0.0152794 0.00257974 -0.0891624 -0.123835 -0.0117358 0.0112875 0.207062 -0.126618 -0.213179
internal_weight=2095 434 357 1661 1341 320 282 183 1305 174 77 56
internal_count=2095 434 357 1661 1341 320 282 183 1305 174 77 56
is_linear=0
shrinkage=0.05


Tree=61
num_leaves=15
num_cat=0
split_feature=46 26 48 24 45 29 48 58 15 35 2 59 26 46
split_gain=666.188 770.706 1706.39 1142.19 988.989 864.238 929.88 831.128 735.962 913.776 894.092 725.787 377.286 558.121
threshold=-7.4999999999999991 -3.6880094395743455 -0.36909887566137561 0.2087121223184196 -0.091545954045954003 -0.70254950877279032 0.19567625661375662 1817.3500000000001 -0.12046642861131461 -4.2742786258459082 0.038716959244387311 3.5000000000000004 0.99404779502323681 -13.499999999999998
decision_type=8 8 10 8 10 8 8 10 8 8 10 2 8 10
left_child=8 2 3 -2 -4 6 -3 -7 12 11 -11 -10 13 -1
right_child=1 5 4 -5 -6 7 -8 -9 9 10 -12 -13 -14 -15
leaf_value=-0.3764125801034664 -0.25407541426745328 -0.018951346519145561 -0.063215408488815905 0.059408110995141289 0.18457077356211282 0.020484042339092862 -0.38719853639602664 -0.087396558706499289 -0.015530835298578377 0.14389849689003884 -0.15011973372527532 -0.28154158217366787 -0.029618250663791385 -0.062440216145478192
leaf_weight=33 50 42 46 58 222 1125 25 207 64 97 30 39 30 27
leaf_count=33 50 42 46 58 222 1125 25 207 64 97 30 39 30 27
internal_value=-0.00053335 0.0114631 0.0745201 -0.0901012 0.141478 -0.00565368 -0.174398 0.00341728 -0.0663828 -0.0173872 0.071011 -0.125088 -0.183562 -0.251566
internal_weight=2095 1775 376 108 268 1399 67 1332 320 230 127 103 90 60
internal_count=2095 1775 376 108 268 1399 67 1332 320 230 127 103 90 60
is_linear=0
shrinkage=0.05


Tree=62
num_leaves=10
num_cat=0
split_feature=28 40 14 55 7 39 33 56 38
split_gain=654.862 675.045 1569.12 1413.38 1241.01 1201.76 1151.64 783.331 615.104
threshold=0.86035566637292515 0.023620620059470358 -0.57917457601676381 0.1466659223660827 -0.012386918636918645 -0.28793964969615138 -0.29560002009384329 50.750000000000007 -1.0000000180025095e-35
decision_type=10 10 8 10 10 10 10 8 10
left_child=1 2 3 -1 6 -4 -3 -6 -2
right_child=8 4 5 -5 7 -7 -8 -9 -10
leaf_value=0.038937923353579311 -0.30354221965021949 -0.13962980300570146 0.014977223784617575 0.44722517710179094 0.02006096330154291 -0.085091380015404727 0.15366833458075058 -0.14718881637551065 0.018010959227879843
leaf_weight=67 29 34 613 27 371 579 269 81 25
leaf_count=67 29 34 613 27 371 579 269 81 25
internal_value=-0.000670746 0.00404279 -0.0179494 0.173381 0.0414398 -0.0337406 0.118862 -0.0110838 -0.164917
internal_weight=2095 2041 1286 94 755 1192 303 452 54
internal_count=2095 2041 1286 94 755 1192 303 452 54
is_linear=0
shrinkage=0.05


Tree=63
num_leaves=10
num_cat=0
split_feature=58 38 41 17 1 2 42 58 0
split_gain=638.032 790.817 1066.75 969.689 925.618 910.125 887.78 858.955 106.858
threshold=5055.5000000000009 -8.8047619047619037 -0.024454436264932156 0.028635206259787088 0.015258467144013703 -0.078011063237984971 0.070841152453795089 2122.2000000000003 -1.9166666666666663
decision_type=8 10 10 10 10 10 10 10 10
left_child=1 4 3 -3 7 -6 -4 -1 -2
right_child=8 2 6 -5 5 -7 -8 -9 -10
leaf_value=0.018043187189183824 0.075340112616066587 0.039183462049941283 -0.022292342044863623 0.22248937447545347 0.078203651265186427 -0.22032505203748035 0.19104392636640399 -0.22129113171682802 0.25784643101692201
leaf_weight=287 22 341 1103 88 29 121 46 38 20
leaf_count=287 22 341 1103 88 29 121 46 38 20
internal_value=-0.000631563 -0.00481371 0.0122188 0.0790299 -0.0610395 -0.161626 -0.0129174 -0.0127179 0.181497
internal_weight=2095 2053 1578 429 475 150 1149 325 42
internal_count=2095 2053 1578 429 475 150 1149 325 42
is_linear=0
shrinkage=0.05


Tree=64
num_leaves=14
num_cat=0
split_feature=45 12 6 36 48 26 15 47 59 19 36 10 35
split_gain=592.458 917.558 1042.5 865.099 734.366 1462.21 1129.33 1022.44 1193.52 1037.13 889.388 705.276 655.144
threshold=0.058606902356902406 8.1597222222222268 -0.37810023874044413 -0.00036569861296262615 -0.064914087235515797 -6.2744947563518165 0.0077727567291620567 -0.054814814814814782 6.5000000000000009 -0.022606454789638488 0.04427896439525706 1.8166666666666669 -7.8971472139159831
decision_type=10 10 8 10 10 8 10 10 2 10 10 10 10
left_child=4 2 -2 -4 7 10 -7 8 -1 -9 -6 12 -3
right_child=1 11 3 -5 5 6 -8 9 -10 -11 -12 -13 -14
leaf_value=-0.0041567368657532159 0.19882536020971114 -0.0866915420293808 -0.041540277616704924 -0.19610877528109336 0.29697804903345454 -0.045905457700316149 0.086589255856619363 -0.2327550744371755 0.22102283567968592 -0.028395026774020296 -0.059176459908485413 -0.097805710043758154 0.21828940665711546
leaf_weight=479 26 20 231 149 79 307 327 86 62 203 20 39 67
leaf_count=479 26 20 231 149 79 307 327 86 62 203 20 39 67
internal_value=-0.000544241 -0.0458931 -0.0823374 -0.104037 0.0149564 0.0512763 0.0224963 -0.0171739 0.0233455 -0.0923023 0.225161 0.0698175 0.146734
internal_weight=2095 532 406 380 1563 733 634 830 541 289 99 126 87
internal_count=2095 532 406 380 1563 733 634 830 541 289 99 126 87
is_linear=0
shrinkage=0.05


Tree=65
num_leaves=15
num_cat=0
split_feature=33 30 58 3 39 0 45 2 24 29 9 23 11 51
split_gain=610.825 1011.92 1361.96 1334.77 1223.09 1014.9 939.852 929.464 1066.46 1039.2 893.166 772.932 1088.35 1085.16
threshold=0.01412358788074926 -0.075217372194553392 1849.7500000000002 -0.040322563610970967 -0.41031836780409009 4.7500000000000009 0.043802956302956352 -0.065290971659123884 0.022996794575682048 -0.28973481555779768 -1.2166666666666666 -0.020000001788139345 6.5000000000000027 1.2979045557865734
decision_type=8 8 10 8 10 10 10 10 10 8 10 10 10 8
left_child=1 2 5 10 -5 -1 11 9 -9 -8 -3 13 -13 -2
right_child=6 3 -4 4 -6 -7 7 8 -10 -11 -12 12 -14 -15
leaf_value=-0.060313076949598768 -0.12360066620906665 -0.22450660436581346 -0.33208078617850939 0.35806362042203549 0.092275301304820714 0.14227282073434686 -0.24563313680035725 -0.057099733299069234 -0.29518903282217007 0.10557246353696376 0.028346686253273964 0.10743037354303382 -0.11359352537391472 0.024781059842832662
leaf_weight=229 206 34 31 51 224 79 23 109 83 80 329 259 66 292
leaf_count=229 206 34 31 51 224 79 23 109 83 80 329 259 66 292
internal_value=-0.000493319 0.0282865 -0.0410385 0.0652327 0.147259 -0.0067487 -0.025702 -0.101467 -0.165157 0.0189438 0.00179901 0.00184386 0.061353 -0.0371168
internal_weight=2095 977 339 638 275 308 1118 295 192 103 363 823 325 498
internal_count=2095 977 339 638 275 308 1118 295 192 103 363 823 325 498
is_linear=0
shrinkage=0.05


Tree=66
num_leaves=7
num_cat=0
split_feature=11 42 40 47 14 39
split_gain=596.31 728.92 768.114 1056.72 1044.92 457.419
threshold=-22.291666666666664 0.098861218895763173 0.034873233238856029 -0.028192791005291037 -0.57917457601676381 0.06372435142596565
decision_type=8 10 10 10 8 10
left_child=5 2 4 -4 -2 -1
right_child=1 -3 3 -5 -6 -7
leaf_value=0.0011658936738967896 0.13631659943078245 0.2721745254993439 0.10813425079623068 -0.017054751294670423 -0.033136516706953854 -0.28530228001764046
leaf_weight=24 93 20 325 341 1265 27
leaf_count=24 93 20 325 341 1265 27
internal_value=-0.000539281 0.00383766 0.000497294 0.044312 -0.0210377 -0.161533
internal_weight=2095 2044 2024 666 1358 51
internal_count=2095 2044 2024 666 1358 51
is_linear=0
shrinkage=0.05


Tree=67
num_leaves=10
num_cat=0
split_feature=28 0 52 46 10 48 17 8 53
split_gain=587.391 628.734 1322.25 1305.9 1053.54 903.032 782.528 769.502 454.289
threshold=0.86035566637292515 -7.7499999999999991 1.8662048456483669 17.500000000000004 -0.99999999999999978 -0.29926447009780344 0.0026446293729046996 -0.014027604715267121 -0.3332092634712655
decision_type=10 10 8 8 8 10 10 8 10
left_child=1 3 5 4 -1 -3 -5 -4 -2
right_child=8 2 7 6 -6 -7 -8 -9 -10
leaf_value=-0.29631925631653178 0.017883643507957458 -0.070108744374516863 0.22572534087270793 0.25173900154046719 -0.054778472867361476 0.021810524013371042 -0.043443862279487211 0.053920353618336893 -0.26323086650085614
leaf_weight=50 22 363 96 45 279 970 38 200 32
leaf_count=50 22 363 96 45 279 970 38 200 32
internal_value=-0.000488233 0.00397429 0.0179726 -0.0508052 -0.0955229 -0.00335184 0.121237 0.112631 -0.156045
internal_weight=2095 2041 1629 412 329 1333 83 296 54
internal_count=2095 2041 1629 412 329 1333 83 296 54
is_linear=0
shrinkage=0.05


Tree=68
num_leaves=14
num_cat=0
split_feature=17 6 36 31 7 30 47 37 0 39 15 56 26
split_gain=584.756 1442.8 1072.92 877.274 759.23 916.074 842.26 747.176 879.197 696.748 659.357 610.784 561.768
threshold=0.033804057631641633 -0.1300015367645149 -0.028845511424935952 0.010882363463881335 0.042128823439926071 -0.1778164645656943 -0.019254850088183364 -19.833333333333325 -9.0833333333333304 0.37549492406348389 0.030230938726001359 47.750000000000007 4.3938491457984563
decision_type=10 8 10 10 10 8 8 8 10 10 10 10 8
left_child=4 2 -2 11 7 12 -7 10 -9 -5 -1 -3 -6
right_child=1 3 -4 9 5 6 -8 8 -10 -11 -12 -13 -14
leaf_value=-0.18331389039572654 0.097570772767066966 -0.031354007413120645 -0.30379800848662852 0.32996085166041533 -0.11797455303119811 0.086908508389670819 -0.091458517466590075 -0.061880453872403367 0.040217343346778289 0.025939515774900265 0.0088180382135841576 0.20607444408692813 -0.38855406739588444
leaf_weight=87 25 90 35 62 84 103 166 261 1012 28 85 33 24
leaf_count=87 25 90 35 62 84 103 166 261 1012 28 85 33 24
internal_value=-0.000481298 0.0670532 -0.141151 0.127824 -0.0107835 -0.0734845 -0.0226397 0.00573764 0.0190852 0.242246 -0.0905156 0.0375172 -0.193078
internal_weight=2095 273 60 213 1822 377 269 1445 1273 90 172 123 108
internal_count=2095 273 60 213 1822 377 269 1445 1273 90 172 123 108
is_linear=0
shrinkage=0.05


Tree=69
num_leaves=11
num_cat=0
split_feature=3 47 19 11 56 8 41 27 18 51
split_gain=548.246 1201.86 767.888 1195.54 1417.99 1266.01 915.98 1038.87 996.846 646.186
threshold=-0.28635896772417857 -0.022342472342472327 -0.027150512983401622 -5.4999999999999982 41.250000000000007 -0.022466825615045437 -0.016014692373573773 0.28263888888888905 0.033658278485139227 0.02717886243503773
decision_type=8 8 8 10 10 10 8 10 10 10
left_child=1 -1 3 4 -2 -5 8 -8 -4 -3
right_child=2 9 6 5 -6 -7 7 -9 -10 -11
leaf_value=0.33102799084706186 -0.20002807504252385 -0.1514302894473076 0.13772050929997873 0.0042163341812556611 0.15538747494510555 -0.18138522515866923 -0.027858046808475513 0.16407767093593353 -0.011228986438228162 0.14104898995586804
leaf_weight=34 33 36 246 155 104 218 967 71 201 30
leaf_count=34 33 36 246 155 104 218 967 71 201 30
internal_value=-0.00050162 0.11084 -0.00637078 -0.0590061 0.0653955 -0.105091 0.0118098 -0.0139579 0.0712493 -0.0172102
internal_weight=2095 100 1995 510 137 373 1485 1038 447 66
internal_count=2095 100 1995 510 137 373 1485 1038 447 66
is_linear=0
shrinkage=0.05


Tree=70
num_leaves=10
num_cat=0
split_feature=58 38 53 52 42 1 47 54 0
split_gain=564.293 670.302 921.472 1217.81 829.137 804.368 997.491 625.198 99.7701
threshold=5055.5000000000009 -8.8047619047619037 0.57749999985098854 -2.6728082430670348 -0.011676931288093327 0.015258467144013703 -0.11458333333333338 -0.31815653408915678 -1.9166666666666663
decision_type=8 10 10 10 10 10 8 10 10
left_child=1 5 4 -4 -3 6 -1 -7 -2
right_child=8 2 3 -5 -6 7 -8 -9 -10
leaf_value=0.19018426904311547 0.069409771760304773 0.083818752593105422 0.25356164466718151 -0.084642993885705078 -0.00057038202909223006 -0.34629956510933968 -0.048052612168207609 -0.092568711017617808 0.24423272816836833
leaf_weight=47 22 469 24 334 751 28 278 122 20
leaf_count=47 22 469 24 334 751 28 278 122 20
internal_value=-0.000431116 -0.004366 0.0113128 -0.058652 0.0320399 -0.0561321 -0.0110888 -0.149897 0.170849
internal_weight=2095 2053 1578 358 1220 475 325 150 42
internal_count=2095 2053 1578 358 1220 475 325 150 42
is_linear=0
shrinkage=0.05


Tree=71
num_leaves=12
num_cat=0
split_feature=36 44 40 14 20 55 8 33 40 56 28
split_gain=547.601 710.326 675.045 1176.99 1264.2 1055.78 1014.32 1180.02 1069.44 588.742 393.652
threshold=0.071471902450163327 0.074912954618533437 0.023620620059470358 -0.57917457601676381 0.056465467402967422 0.1466659223660827 0.0094823214860400244 0.13314521401189269 0.28970336988568313 44.750000000000007 -0.14401888101748733
decision_type=10 10 10 8 8 10 10 10 10 10 10
left_child=2 9 3 5 -5 -1 8 -8 -4 -2 -11
right_child=1 -3 6 4 -6 -7 7 -9 -10 10 -12
leaf_value=0.030652556904184988 -0.020304583385586741 0.083472737332654978 0.11660050167334193 -0.070158989192365726 0.036818961312518168 0.38065693274591911 0.038557725853802315 -0.17053030325786064 -0.21695187521668582 -0.42158289200493271 -0.10250846009563518
leaf_weight=66 35 32 381 732 437 28 228 90 21 23 22
leaf_count=66 35 32 381 732 437 28 228 90 21 23 22
internal_value=-0.000376338 -0.105519 0.00578744 -0.0162028 -0.030139 0.149374 0.0442767 -0.0221871 0.0966021 -0.182167 -0.292441
internal_weight=2095 112 1983 1263 1169 94 720 318 402 80 45
internal_count=2095 112 1983 1263 1169 94 720 318 402 80 45
is_linear=0
shrinkage=0.05


Tree=72
num_leaves=7
num_cat=0
split_feature=11 42 6 34 26 24
split_gain=528.036 676.443 647.773 1564.6 759.943 515.301
threshold=-22.291666666666664 0.098861218895763173 -0.20849972066935149 -0.088685495390867175 -3.391798980652339 -0.22111110687255855
decision_type=8 10 8 10 8 10
left_child=5 2 3 -2 -4 -1
right_child=1 -3 4 -5 -6 -7
leaf_value=-0.29827016180959243 0.0059580835310663006 0.26222103333473207 0.072788816272300119 -0.26228409612962567 -0.0060447468943410458 0.0029312633589142936
leaf_weight=24 183 20 387 72 1382 27
leaf_count=24 183 20 387 72 1382 27
internal_value=-0.000393863 0.00372324 0.000504385 -0.073176 0.0113298 -0.151893
internal_weight=2095 2044 2024 255 1769 51
internal_count=2095 2044 2024 255 1769 51
is_linear=0
shrinkage=0.05


Tree=73
num_leaves=15
num_cat=0
split_feature=17 4 15 36 22 12 30 37 9 7 51 43 45 26
split_gain=516.001 825.004 951.74 997.429 760.16 745.518 877.432 708.277 1131.89 877.491 558.645 457.499 454.166 427.551
threshold=0.033804057631641633 -0.075811552665462439 0.013205202578595145 -0.0025340323836564589 0.10304709617048503 -18.154761904761902 -0.092489523440599422 -20.833333333333329 0.47166666666666668 -0.0063587556234615044 0.58628330052465172 -0.04577733824650445 0.055521700521700558 2.9330492135250208
decision_type=10 8 10 10 8 8 10 8 10 8 10 10 10 10
left_child=5 2 11 -4 12 6 10 8 -7 -9 -1 -2 -3 -6
right_child=1 4 3 -5 13 7 -8 9 -10 -11 -12 -13 -14 -15
leaf_value=0.11150531088694549 0.0037456444718620995 0.35543038780274605 0.33591105709118502 -0.06134834885597229 -0.039157801197143273 -0.16926801010318426 -0.31319155076215432 0.058194036692888897 0.095503459774471569 -0.019804602249883688 -0.17033788128755989 -0.25128829527232383 0.073303274714177663 0.19532813774089197
leaf_weight=34 28 41 23 33 59 133 38 567 53 970 27 40 26 23
leaf_count=34 28 41 23 33 59 133 38 567 53 970 27 40 26 23
internal_value=-0.000398301 0.0630403 -0.0314736 0.115152 0.140489 -0.0100775 -0.14009 -0.00219461 -0.0930355 0.0090321 -0.015941 -0.152526 0.259336 0.0334838
internal_weight=2095 273 124 56 149 1822 99 1723 186 1537 61 68 67 82
internal_count=2095 273 124 56 149 1822 99 1723 186 1537 61 68 67 82
is_linear=0
shrinkage=0.05


Tree=74
num_leaves=10
num_cat=0
split_feature=8 8 17 17 54 52 10 19 6
split_gain=517.053 1133.41 884.151 666.281 877.708 676.103 515.581 392.463 369.95
threshold=-0.1003026020374907 -0.067584690428996175 0.0086722285486757773 0.028215947871406879 0.037624865276919113 -0.1503685996652333 0.18181818181818191 0.022420985003312442 0.052986419759690769
decision_type=8 8 10 10 10 8 10 10 8
left_child=8 2 7 5 -5 -3 -4 -2 -1
right_child=1 3 6 4 -6 -7 -8 -9 -10
leaf_value=-0.29631517732143403 0.35204676727348189 -0.058053733098010221 -0.18221648788452149 0.13571074988735332 -0.027058661967233014 0.0075991986917792759 0.13893203842639923 0.072199786000958374 -0.0041494045853614804
leaf_weight=20 42 646 20 171 153 981 20 22 20
leaf_count=20 42 646 20 171 153 981 20 22 20
internal_value=-0.000351657 0.00328793 0.160215 -0.00543985 0.0594524 -0.0185356 -0.0229358 0.268777 -0.168036
internal_weight=2095 2055 104 1951 324 1627 40 64 40
internal_count=2095 2055 104 1951 324 1627 40 64 40
is_linear=0
shrinkage=0.05


Tree=75
num_leaves=11
num_cat=0
split_feature=58 40 33 48 33 47 40 52 49 56
split_gain=520.183 841.739 569.568 924.958 1189 977.863 691.855 1359.38 1055.7 472.977
threshold=2395.8000000000006 0.073249217524888013 0.01412358788074926 -0.41483367547355643 -0.1114609938735763 0.027704625621292275 -0.049999999503294611 -0.62538327163037144 -3.8333333333333317 45.250000000000007
decision_type=10 10 8 8 10 10 10 10 8 10
left_child=2 9 3 5 -5 -1 8 -8 -4 -2
right_child=1 -3 6 4 -6 -7 7 -9 -10 -11
leaf_value=0.043561514409688806 -0.084979599182094856 0.089551662333542489 0.15606363087568595 -0.016657427890765433 0.10209274678662256 -0.27096804255733686 -0.17761613209648228 -0.0085444387918011556 -0.01598746326871648 -0.40169943094253546
leaf_weight=47 30 27 110 375 471 44 162 417 392 20
leaf_count=47 30 27 110 375 471 44 162 417 392 20
internal_value=-0.000316372 -0.123794 0.00466472 0.0331254 0.0496079 -0.11419 -0.0199976 -0.0570508 0.0227816 -0.237578
internal_weight=2095 77 2018 937 846 91 1081 579 502 50
internal_count=2095 77 2018 937 846 91 1081 579 502 50
is_linear=0
shrinkage=0.05


Tree=76
num_leaves=9
num_cat=0
split_feature=58 58 33 5 48 40 25 46
split_gain=517.674 613.273 648.387 912.631 841.17 631.6 283.08 71.7839
threshold=5055.5000000000009 2395.8000000000006 0.01412358788074926 -0.46019954606890673 -0.41483367547355643 0.071262519061565402 0.030831573630816175 8.5000000000000018
decision_type=8 10 8 8 8 8 8 8
left_child=1 2 4 -4 -1 6 -3 -2
right_child=7 5 3 -5 -6 -7 -8 -9
leaf_value=-0.10904661666912337 0.22789899244904521 -0.37156347753480079 -0.28884726841934028 -0.017319587531195217 0.047149668586167884 0.026839859889367143 -0.093403475783351397 0.072052436066722431
leaf_weight=91 20 21 27 1014 846 32 22 22
leaf_count=91 20 21 27 1014 846 32 22 22
internal_value=-0.000372599 -0.00414254 0.00131827 -0.025757 0.0314288 -0.139868 -0.254845 0.163679
internal_weight=2095 2053 1978 1041 937 75 43 42
internal_count=2095 2053 1978 1041 937 75 43 42
is_linear=0
shrinkage=0.05


Tree=77
num_leaves=12
num_cat=0
split_feature=36 47 52 30 8 0 54 6 57 56 32
split_gain=505.067 670.205 611.77 1040.99 954.378 764.843 687.695 1391.11 1200.95 597.733 540.102
threshold=0.071471902450163327 -0.15474471901555228 1.3833671983563811 0.73291221434871368 -0.0025886079754366266 3.9166666666666674 -0.14211752238328609 0.22035574711238345 11.464102564102566 44.750000000000007 -0.09944982640445231
decision_type=10 10 10 8 10 10 10 10 8 8 10
left_child=2 10 6 4 -4 -5 8 -8 -1 -3 -2
right_child=1 9 3 5 -6 -7 7 -9 -10 -11 -12
leaf_value=0.14971037261376652 -0.14039099795313983 -0.022646307945251465 0.20258055023560431 -0.1470051067387573 0.020254385005682708 0.16089419965390805 -0.017333962180900313 -0.23158740221323179 -0.0058991149095116279 -0.33185690835070536 0.16256116671925958
leaf_weight=153 21 28 137 78 149 22 793 79 572 34 29
leaf_count=153 21 28 137 78 149 22 793 79 572 34 29
internal_value=-0.000414236 -0.101392 0.0055045 0.0615814 0.109744 -0.0743551 -0.00816816 -0.0380112 0.0276718 -0.205071 0.0332166
internal_weight=2095 112 1983 386 286 100 1597 872 725 62 50
internal_count=2095 112 1983 386 286 100 1597 872 725 62 50
is_linear=0
shrinkage=0.05


Tree=78
num_leaves=7
num_cat=0
split_feature=11 42 40 49 39 24
split_gain=488.434 628.707 596.354 984.646 875.921 452.44
threshold=-22.291666666666664 0.098861218895763173 0.034873233238856029 4.6666666666666616 -0.36182608952124906 -0.22111110687255855
decision_type=8 10 10 10 10 10
left_child=5 2 4 -4 -2 -1
right_child=1 -3 3 -5 -6 -7
leaf_value=-0.28326116483819125 0.025896026390387419 0.25274993813037877 0.074109270910008088 -0.064543647929852788 -0.054554377579768588 0
leaf_weight=24 608 20 499 167 750 27
leaf_count=24 608 20 499 167 750 27
internal_value=-0.000418609 0.00354027 0.000436311 0.0390456 -0.0185358 -0.146127
internal_weight=2095 2044 2024 666 1358 51
internal_count=2095 2044 2024 666 1358 51
is_linear=0
shrinkage=0.05


Tree=79
num_leaves=9
num_cat=0
split_feature=44 5 42 52 22 38 47 55
split_gain=492.727 1575.55 711.339 779.912 604.425 850.842 722.326 355.351
threshold=-0.10661397874355315 -0.51578697748482216 0.070841152453795089 -0.42397006303273693 -0.2123170554793129 -9.2678571428571423 0.50952380952380971 -0.25316762938164167
decision_type=8 10 10 10 8 10 10 8
left_child=1 -1 4 -4 5 -2 -6 -3
right_child=2 7 3 -5 6 -7 -8 -9
leaf_value=0.16452515667135068 -0.12924301785162903 -0.39676493446032213 0.36652241413082398 -0.016718184434134385 -0.018067847518952587 0.11373314712660021 0.13137496740502472 -0.1120654913596809
leaf_weight=28 39 25 23 24 1645 204 80 27
leaf_count=28 39 25 23 24 1645 204 80 27
internal_value=-0.000401645 -0.11835 0.00453775 0.187073 -0.000259271 0.0727159 -0.0107486 -0.272615
internal_weight=2095 80 2015 47 1968 243 1725 52
internal_count=2095 80 2015 47 1968 243 1725 52
is_linear=0
shrinkage=0.05


Tree=80
num_leaves=9
num_cat=0
split_feature=28 14 52 31 3 19 13 30
split_gain=490.311 578.77 523.945 833.216 676.704 1099.35 851.872 621.936
threshold=0.86035566637292515 0.13795983170469606 -2.6728082430670348 -0.29488905821926886 -0.30602116489899339 -0.027150512983401622 -0.07010240977009137 -0.16783441035076974
decision_type=10 10 8 8 8 8 10 10
left_child=2 -2 3 -1 6 -6 -4 -5
right_child=1 -3 4 7 5 -7 -8 -9
leaf_value=-0.092358311720010716 -0.25992584661825707 0.054616701087126365 0.0094902853667736056 0.30140734922885898 -0.07531815858097167 0.013462661556920941 0.36305240898260049 0.037295702343084373
leaf_weight=36 33 21 45 45 460 1388 23 44
leaf_count=36 33 21 45 45 460 1388 23 44
internal_value=-0.000369265 -0.142494 0.00370562 0.100855 -0.00285241 -0.00875308 0.146438 0.180296
internal_weight=2095 54 2041 125 1916 1848 68 89
internal_count=2095 54 2041 125 1916 1848 68 89
is_linear=0
shrinkage=0.05


Tree=81
num_leaves=9
num_cat=0
split_feature=58 58 33 54 45 40 45 46
split_gain=469.309 562.821 601.977 870.81 633.541 563.008 440.705 65.1417
threshold=5055.5000000000009 2395.8000000000006 0.01412358788074926 -0.18024758869983751 0.045906177156177168 0.073249217524888013 -0.015408896658896663 8.5000000000000018
decision_type=8 10 8 10 10 10 10 8
left_child=1 2 3 -1 -4 6 -3 -2
right_child=7 5 4 -5 -6 -7 -8 -9
leaf_value=0.093743915040977302 0.21711248588562013 -0.029646125435829163 -0.0012660911157341701 -0.0059857619140192154 -0.089431994352087707 0.047483996482145407 -0.33659860556945209 0.068489894574439089
leaf_weight=339 20 20 768 598 273 26 29 22
leaf_count=339 20 20 768 598 273 26 29 22
internal_value=-0.000304168 -0.00389494 0.0013352 0.0303487 -0.0247522 -0.133919 -0.226583 0.155894
internal_weight=2095 2053 1978 937 1041 75 49 42
internal_count=2095 2053 1978 937 1041 75 49 42
is_linear=0
shrinkage=0.05


Tree=82
num_leaves=10
num_cat=0
split_feature=8 8 17 17 4 14 32 58 25
split_gain=478.77 1017.43 797.886 589.875 810.265 622.173 534.109 437.617 227.306
threshold=-0.1003026020374907 -0.067584690428996175 0.0086722285486757773 0.028215947871406879 -0.075811552665462439 -0.13568330264339842 -0.073299692167590053 1096.4000000000003 -0.075466165835193028
decision_type=8 8 10 10 8 10 8 10 8
left_child=6 2 7 5 -5 -3 -1 -2 -4
right_child=1 3 8 4 -6 -7 -8 -9 -10
leaf_value=0.023116870239377023 0.34836144283413889 0.01781432426176997 0.08580835485458374 -0.034366702593656054 0.12327074795177109 -0.044369526054824804 -0.31608975148200991 0.064498818383134648 -0.12743591088056566
leaf_weight=20 40 706 20 139 185 921 20 24 20
leaf_count=20 40 706 20 139 185 921 20 24 20
internal_value=-0.000293257 0.003208 0.15189 -0.0050601 0.0559959 -0.0173837 -0.161652 0.255025 -0.0220153
internal_weight=2095 2055 104 1951 324 1627 40 64 40
internal_count=2095 2055 104 1951 324 1627 40 64 40
is_linear=0
shrinkage=0.05


Tree=83
num_leaves=10
num_cat=0
split_feature=28 14 0 46 52 12 8 17 22
split_gain=444.752 529.638 520.741 1070.32 973.232 931.162 738.357 736.948 733.899
threshold=0.86035566637292515 0.13795983170469606 -7.7499999999999991 17.500000000000004 1.8662048456483669 -10.834821428571427 -0.1003026020374907 0.0026446293729046996 -0.15661972605933744
decision_type=10 10 10 8 8 8 10 10 8
left_child=2 -2 3 5 6 -1 -4 -5 -6
right_child=1 -3 4 7 8 -7 -8 -9 -10
leaf_value=-0.28413295501697006 -0.24798667812229774 0.052763769947565521 -0.23553322266900178 0.23631316810846328 0.26564101467116014 -0.050081123181411794 0.0039239839014072039 -0.049515349560872071 0.059422411595929474
leaf_weight=46 33 21 28 45 49 283 1305 38 247
leaf_count=46 33 21 28 45 49 283 1305 38 247
internal_value=-0.000258284 -0.135621 0.00362133 -0.0462294 0.0163628 -0.086719 -0.00192988 0.109506 0.0975716
internal_weight=2095 54 2041 412 1629 329 1333 83 296
internal_count=2095 54 2041 412 1629 329 1333 83 296
is_linear=0
shrinkage=0.05


Tree=84
num_leaves=13
num_cat=0
split_feature=36 45 40 14 20 1 36 57 21 40 47 6
split_gain=466.174 636.242 530.18 985.392 1030.76 866.247 854.484 797.588 630.523 450.868 360.625 287.205
threshold=0.071471902450163327 -0.031292087542087517 0.023620620059470358 -0.57917457601676381 0.056465467402967422 0.075585563066932898 -0.013210274764014656 10.654761904761907 0.10476017463952304 0.079945753514766724 -0.15474471901555228 0.15873186616227034
decision_type=10 10 10 8 8 10 10 10 8 10 10 10
left_child=2 9 3 8 -5 6 -4 -7 -1 11 -3 -2
right_child=1 10 5 4 -6 7 -8 -9 -10 -11 -12 -13
leaf_value=0.26495302813697835 -0.026212401926517487 -0.043075900316238404 0.14995101516872897 -0.062971986001869221 0.033619265582800179 0.16709381984546781 0.02155297641194516 -0.11022671304167586 0.010390932559967042 -0.14604819221743223 -0.32795455230004866 0.22030016469955443
leaf_weight=44 20 20 202 732 437 27 355 136 50 24 28 20
leaf_count=44 20 20 202 732 437 27 355 136 50 24 28 20
internal_value=-0.000273844 -0.0972872 0.00541123 -0.0140745 -0.0268319 0.0395227 0.0691262 -0.0603867 0.137416 0.0074898 -0.22546 0.106715
internal_weight=2095 112 1983 1263 1169 720 557 163 94 64 48 40
internal_count=2095 112 1983 1263 1169 720 557 163 94 64 48 40
is_linear=0
shrinkage=0.05


Tree=85
num_leaves=14
num_cat=0
split_feature=11 6 39 44 0 10 15 33 49 44 49 36 36
split_gain=447.836 1035.31 1006.71 996.787 1144.7 741.622 634.818 822.735 663.066 963.188 890.488 430.219 354.998
threshold=10.750000000000004 -0.01523081368456284 0.42371642341216409 -0.030175730586051937 2.5833333333333335 -0.16666666666666671 -0.19974758476018903 0.072292334508771719 5.583333333333333 -0.10661397874355315 7.1666666666666687 0.012525933262367369 0.040839944782372829
decision_type=10 10 10 10 10 10 8 10 8 10 8 10 10
left_child=6 3 12 5 -5 -2 7 11 9 -8 -10 -1 -3
right_child=1 2 -4 4 -6 -7 8 -9 10 -11 -12 -13 -14
leaf_value=0.081301198610845893 -0.26155451223254206 -0.30974764074598043 0.049809200552905483 -0.0054411000939029635 0.34017331531414619 0.022122101355017278 -0.18173039785275857 -0.30437785983085636 -0.17662450987412487 0.047168865796402032 -0.0012391066278606782 -0.17355257797241211 -0.052180689692497256
leaf_weight=44 35 65 36 61 34 52 43 31 81 1112 461 20 20
leaf_count=44 35 65 36 61 34 52 43 31 81 1112 461 20 20
internal_value=-0.00023975 -0.0559683 -0.166228 0.0195531 0.128576 -0.0994698 0.00928479 -0.113127 0.0164791 0.0378574 -0.0289161 -0.0044211 -0.255965
internal_weight=2095 303 121 182 95 87 1792 95 1697 1155 542 64 85
internal_count=2095 303 121 182 95 87 1792 95 1697 1155 542 64 85
is_linear=0
shrinkage=0.05


Tree=86
num_leaves=10
num_cat=0
split_feature=11 41 41 53 6 29 20 24 4
split_gain=449.639 523.594 1142.94 962.986 1276.58 862.822 536.377 396.508 259.296
threshold=-22.291666666666664 0.058954494073987014 0.05365930156161388 -0.063549884704732759 -0.062146092687423028 -0.70254950877279032 -0.0057017982017981963 -0.22111110687255855 0.014935834231090713
decision_type=8 10 10 10 10 8 10 10 10
left_child=7 2 5 6 -5 -2 -3 -1 -4
right_child=1 3 8 4 -6 -7 -8 -9 -10
leaf_value=-0.2685297330905651 -0.14964834302454519 0.075572342035316292 -0.090540106136065279 0.33262277434269594 -0.050268575388032033 0.0098934799822077892 -0.18807348741425411 -0.00033593024127185348 -0.36395200592279436
leaf_weight=24 84 37 21 55 32 1764 31 27 20
leaf_count=24 84 37 21 55 32 1764 31 27 20
internal_value=-0.000341557 0.00345576 -0.00386483 0.0903176 0.196168 0.00223036 -0.0485837 -0.140145 -0.250062
internal_weight=2095 2044 1889 155 87 1848 68 51 41
internal_count=2095 2044 1889 155 87 1848 68 51 41
is_linear=0
shrinkage=0.05


Tree=87
num_leaves=12
num_cat=0
split_feature=42 57 36 56 22 51 5 42 44 53 10
split_gain=453.283 906.893 580.643 636.689 575.587 1125.79 649.028 498.219 641.906 565.38 462.341
threshold=-0.044657345737020161 14.480769230769232 0.071471902450163327 44.750000000000007 -0.065808866173028932 0.090267521340067824 0.13535464811138812 0.070841152453795089 -0.081795498728752122 -0.070136556672375935 0.087121212121212169
decision_type=8 10 10 8 8 10 8 10 8 10 10
left_child=1 4 7 -4 6 -6 -1 8 -2 -9 -5
right_child=2 -3 3 10 5 -7 -8 9 -10 -11 -12
leaf_value=0.068078750976034108 -0.10745004666828679 -0.1462486444786191 0.035226629596007496 -0.37140868340929351 -0.11234147548675538 0.19817510149994141 0.40470556818669845 -0.034945436798293018 0.0023351055308281276 0.27396388934815635 -0.064868190788453628
leaf_weight=32 140 35 33 25 53 54 26 24 1618 29 26
leaf_count=32 140 35 33 25 53 54 26 24 1618 29 26
internal_value=-0.000410582 0.0702018 -0.00805452 -0.132748 0.119361 0.0457725 0.239917 -0.00189374 -0.00665932 0.142265 -0.235771
internal_weight=2095 200 1895 84 165 107 58 1811 1758 53 51
internal_count=2095 200 1895 84 165 107 58 1811 1758 53 51
is_linear=0
shrinkage=0.05


Tree=88
num_leaves=15
num_cat=0
split_feature=39 54 48 48 42 26 59 47 30 52 34 8 55 14
split_gain=422.673 1115.79 1170.76 1836.31 854.123 917.048 711.875 1486.01 1381.71 830.514 1089.08 1077.66 599.047 265.447
threshold=-0.41478995978832239 -0.21697462744389967 0.20282864071554552 -0.15430779950869233 0.031670387834310539 -6.8157907632681027 5.5000000000000009 0.32263778659611997 0.39760578852146872 1.3928402705987137 -0.10174110330020386 -0.007716779206725039 -0.26422595597493143 -0.045957811176776879
decision_type=8 10 8 10 10 10 2 10 10 10 10 10 10 10
left_child=1 2 3 -1 5 -3 9 8 -8 10 -2 -11 -6 -4
right_child=6 4 13 -5 12 -7 7 -9 -10 11 -12 -13 -14 -15
leaf_value=-0.0062892701815475118 -0.0010017114437106552 0.246202129945159 0.08782850560918451 0.43536398657437031 -0.35880221126394141 -0.019107842209367929 0.02802044663742926 -0.23613018769432201 0.26752449625158964 0.15689535858567621 -0.10663155948351088 -0.045002531476061924 -0.029389900300237873 -0.12731694329310866
leaf_weight=39 504 35 20 53 22 171 357 39 68 117 470 140 31 29
leaf_count=39 504 35 20 53 22 171 357 39 68 117 470 140 31 29
internal_value=-0.000371574 0.045508 0.156105 0.256952 -0.016328 0.0304981 -0.01133 0.0411151 0.0691225 -0.0312249 -0.0523083 0.0479613 -0.186133 -0.0385752
internal_weight=2095 400 141 92 259 206 1695 464 425 1231 974 257 53 49
internal_count=2095 400 141 92 259 206 1695 464 425 1231 974 257 53 49
is_linear=0
shrinkage=0.05


Tree=89
num_leaves=10
num_cat=0
split_feature=7 18 7 36 26 25 25 48 47
split_gain=427.384 1053.89 553.238 982.888 957.337 782.868 1102.8 911.951 530.074
threshold=0.11519777235721508 0.039522816737492895 0.042128823439926071 0.042435225896058228 -0.95657744010289558 0.047593373389515498 0.075794042010481164 -0.40765645399573963 -0.043050294612794561
decision_type=10 10 10 10 10 10 8 8 8
left_child=2 -2 5 4 -4 7 -7 -1 -5
right_child=1 -3 3 8 -6 6 -8 -9 -10
leaf_value=-0.15442717550925278 0.36092302977210949 -0.069244003668427465 -0.0035206166576154485 0.24993006071874074 -0.17501577827646289 0.21953979314615332 0.025743198214749404 3.1448440326941285e-05 -0.015184872834519907
leaf_weight=100 22 27 156 30 167 85 413 1056 39
leaf_count=100 22 27 156 30 167 85 413 1056 39
internal_value=-0.000320595 0.138502 -0.0039992 -0.057028 -0.0936571 0.00867254 0.0607738 -0.0138945 0.108506
internal_weight=2095 49 2046 392 323 1654 498 1156 69
internal_count=2095 49 2046 392 323 1654 498 1156 69
is_linear=0
shrinkage=0.05


Tree=90
num_leaves=10
num_cat=0
split_feature=58 38 41 19 22 46 0 7 0
split_gain=401.037 532.778 704.657 898.692 744.231 631.555 863.068 615.789 107.21
threshold=5055.5000000000009 -8.8047619047619037 -0.024454436264932156 -0.019278985758622493 0.0019950019195675854 17.500000000000004 -5.083333333333333 -0.025026508579140138 -1.9166666666666663
decision_type=8 10 10 10 8 8 8 10 10
left_child=1 5 3 -3 -4 6 -1 -7 -2
right_child=8 2 4 -5 -6 7 -8 -9 -10
leaf_value=-0.24272575700147586 0.047613367217558406 -0.029304026599767753 0.037710531462676097 0.11923359392575272 -0.043644635784713663 0.17881623109181721 -0.042960169315338137 -0.07284696416722404 0.21755725651979449
leaf_weight=61 22 158 474 271 675 49 325 40 20
leaf_count=61 22 158 474 271 675 49 325 40 20
internal_value=-0.000251139 -0.00357234 0.0104023 0.0647049 -0.0100217 -0.0497267 -0.0773574 0.0673188 0.144138
internal_weight=2095 2053 1578 429 1149 475 386 89 42
internal_count=2095 2053 1578 429 1149 475 386 89 42
is_linear=0
shrinkage=0.05


Tree=91
num_leaves=10
num_cat=0
split_feature=11 11 38 30 50 32 40 36 24
split_gain=414.155 492.707 1068.24 932.344 1087.12 738.226 701.979 612.794 359.15
threshold=-22.291666666666664 -5.1666666666666652 -13.630419580419579 0.10910900526990494 4.0555556019147252 -0.26459320386250812 0.021074730406204892 0.0020865698316580241 -0.22111110687255855
decision_type=8 8 8 8 10 10 10 10 10
left_child=8 3 7 5 -5 -2 -4 -3 -1
right_child=1 2 6 4 -6 -7 -8 -9 -10
leaf_value=-0.25658724179555631 0.17362879117329916 -0.058461919308654846 -0.027052470122037278 0.14987259382438478 -0.15578434352817783 -0.053809702214057946 0.045144409259024437 -0.31895745051343272 -0.0010924063157290221
leaf_weight=24 37 58 892 226 29 232 534 36 27
leaf_count=24 37 58 892 226 29 232 534 36 27
internal_value=-0.00021722 0.00342598 -0.0109794 0.0450159 0.112592 -0.0197463 1.17197e-05 -0.169802 -0.134393
internal_weight=2095 2044 1520 524 255 269 1426 94 51
internal_count=2095 2044 1520 524 255 269 1426 94 51
is_linear=0
shrinkage=0.05


Tree=92
num_leaves=13
num_cat=0
split_feature=36 6 37 8 36 30 21 24 35 7 22 34
split_gain=414.485 499.195 632.337 501.691 497.187 919.801 969.915 548.385 1000.88 663.767 473.61 335.597
threshold=0.067712585847146664 -0.024900432249220703 3.333333333333333 -0.0088972917981933308 0.047181372549019614 -0.099096945176521914 -0.23871732130646703 -0.333333334326744 1.106227701405684 -0.080851044380456136 -0.29843551665544504 0.22237642699231708
decision_type=10 8 10 10 10 10 10 8 10 8 10 10
left_child=4 -2 11 -4 7 6 -6 8 -1 -9 -7 -3
right_child=1 2 3 -5 5 10 -8 9 -10 -11 -12 -13
leaf_value=-0.13389858547921127 -0.27764861632000515 -0.020755012982930893 -0.29880199980889927 -0.0066626267818113167 0.098143150984514052 -0.019381078779697421 -0.28864062847914518 0.12073584860343425 0.1055248041905589 -0.00058154204337128833 0.24806907705559925 0.21152849234252549
leaf_weight=168 22 34 24 31 36 20 22 117 54 1476 69 22
leaf_count=168 22 34 24 31 36 20 22 117 54 1476 69 22
internal_value=-0.000269822 -0.0840565 -0.0349421 -0.149252 0.00558372 0.092455 -0.0590385 -0.00165933 -0.0743986 0.00864738 0.189602 0.0795381
internal_weight=2095 133 111 55 1962 147 58 1815 222 1593 89 56
internal_count=2095 133 111 55 1962 147 58 1815 222 1593 89 56
is_linear=0
shrinkage=0.05


Tree=93
num_leaves=16
num_cat=0
split_feature=39 29 26 3 54 14 7 49 47 11 39 54 29 7 12
split_gain=402.671 1426.29 1248.86 1211.32 1145.3 789.455 701.226 679.076 1378.48 773.543 1003.66 771.159 671.672 607.226 405.712
threshold=-0.28793964969615138 2.3524331822991376 -4.8263889948527003 0.16587022133171561 -0.48043537165544786 -0.21140603550399339 0.041248482265106322 5.4166666666666687 0.50952380952380971 7.9999999999999991 0.33155404388283694 1.1504474788593753 0.21388881048187616 0.021261919512861768 2.6547619047619073
decision_type=8 8 10 8 10 10 10 10 8 10 10 10 8 10 10
left_child=1 2 6 4 -3 -4 -1 9 12 11 -11 -2 -9 -5 -10
right_child=7 3 5 13 -6 -7 -8 8 14 10 -12 -13 -14 -15 -16
leaf_value=0.04345812530353152 0.03144556179078907 0.50809299945831299 0.052106555498650543 0.071551151123157769 0.14183925727098171 -0.125250903472965 0.3668880335413493 -0.044942970494277611 0.22879117533564566 -0.17200536817427756 0.038867664942517879 -0.17385970045482585 -0.20985316192874542 -0.23886311101913452 -0.027626874404294149
leaf_weight=53 968 24 87 38 113 198 21 126 35 124 97 43 125 20 23
leaf_count=53 968 24 87 38 113 198 21 126 35 124 97 43 125 20 23
internal_value=-0.000289947 0.0360543 -0.0231387 0.143134 0.221984 -0.0709729 0.153287 -0.0134627 -0.0791094 0.0032151 -0.0804168 0.0218516 -0.12976 -0.0451568 0.132192
internal_weight=2095 554 359 195 137 285 74 1541 309 1232 221 1011 251 58 58
internal_count=2095 554 359 195 137 285 74 1541 309 1232 221 1011 251 58 58
is_linear=0
shrinkage=0.05


Tree=94
num_leaves=9
num_cat=0
split_feature=8 8 13 28 51 31 32 53
split_gain=402.871 838.103 774.408 470.039 557.106 469.711 466.457 462.012
threshold=-0.1003026020374907 -0.067584690428996175 -0.42889434502770496 0.86035566637292515 -3.2945085348308787 0.35158040948833036 -0.073299692167590053 -0.3332092634712655
decision_type=8 8 10 10 8 8 8 10
left_child=6 2 -2 4 -3 -4 -1 -5
right_child=1 3 5 7 -6 -7 -8 -9
leaf_value=0.023807569921016694 -0.059403286068826111 0.089314931775179685 0.3105355755067789 0.029465907812118532 -0.0084334705593005922 0.036190043439467752 -0.29262628215551378 -0.25896079080445428
leaf_weight=20 32 154 47 21 1746 25 20 30
leaf_count=20 32 154 47 21 1746 25 20 30
internal_value=-0.000213469 0.00299621 0.137942 -0.00450585 -0.000270831 0.224462 -0.148233 -0.147277
internal_weight=2095 2055 104 1951 1900 72 40 51
internal_count=2095 2055 104 1951 1900 72 40 51
is_linear=0
shrinkage=0.05


Tree=95
num_leaves=7
num_cat=0
split_feature=11 42 47 6 52 24
split_gain=381.545 497.351 475.071 1210.36 1208.44 326.835
threshold=-22.291666666666664 0.098861218895763173 -0.12499999999999997 -0.17660726327449081 -0.42397006303273693 -0.22111110687255855
decision_type=8 10 10 8 10 10
left_child=5 2 4 -4 -2 -1
right_child=1 -3 3 -5 -6 -7
leaf_value=-0.24557592498845071 -0.025453558912666471 0.22493392756581307 -0.13778891072852567 0.0019737806902416586 0.087508069842840569 -0.0016368389129638673
leaf_weight=24 512 20 182 898 432 27
leaf_count=24 512 20 182 898 432 27
internal_value=-0.000215904 0.00327998 0.000516182 -0.0220592 0.0263768 -0.129001
internal_weight=2095 2044 2024 1080 944 51
internal_count=2095 2044 2024 1080 944 51
is_linear=0
shrinkage=0.05


Tree=96
num_leaves=11
num_cat=0
split_feature=3 4 45 9 0 9 41 21 31 47
split_gain=404.578 1019.79 1000.19 883.404 615.455 539.678 1073.01 795.283 481.089 80.7788
threshold=-0.28635896772417857 -0.21896900924704302 -0.080837773337773269 -0.35607142857142843 -2.2083333333333326 -0.39955357142857145 0.059425053497155517 0.10860541183501483 0.15039582271646298 0.0081139770723104038
decision_type=8 8 10 10 10 8 10 8 8 10
left_child=2 4 -1 -4 -2 6 -3 -7 -5 -6
right_child=1 5 3 8 9 7 -8 -9 -10 -11
leaf_value=-0.17460962246965481 0.0021134151566413145 -0.064043741915571065 0.35587605325211036 0.16816505938768389 -0.38331930506229406 0.077708133827598599 0.19163552679121496 -0.0056376295288482793 -0.12768978206095871 -0.1601656736089633
leaf_weight=22 26 470 33 23 20 391 40 1027 22 21
leaf_count=22 26 470 33 23 20 391 40 1027 22 21
internal_value=-0.000216542 -0.00526228 0.0954269 0.178124 -0.190025 0.00160745 -0.0422275 0.0175013 0.02422 -0.299941
internal_weight=2095 1995 100 78 67 1928 510 1418 45 41
internal_count=2095 1995 100 78 67 1928 510 1418 45 41
is_linear=0
shrinkage=0.05


Tree=97
num_leaves=9
num_cat=0
split_feature=58 58 56 37 28 31 40 0
split_gain=377.7 482.267 512.602 509.401 947.774 562.134 372.148 98.6099
threshold=5055.5000000000009 2395.8000000000006 46.750000000000007 -20.833333333333329 0.036311654091941939 -0.6977451667189597 0.048664986963073399 -1.9166666666666663
decision_type=8 10 10 10 8 10 8 10
left_child=1 3 6 4 -1 -5 -3 -2
right_child=7 2 -4 5 -6 -7 -8 -9
leaf_value=-0.17662106525048474 0.046820015791389683 -0.15146905983527822 -0.3016847746239768 -0.054365531888269772 -0.00154784798094599 0.026696435183108814 0.091769471065344999 0.21045489716529847
leaf_weight=102 22 26 22 249 281 1346 27 20
leaf_count=102 22 26 22 249 281 1346 27 20
internal_value=-0.000219997 -0.00344388 -0.123805 0.00139531 -0.0499772 0.01388 -0.0294641 0.139905
internal_weight=2095 2053 75 1978 383 1595 53 42
internal_count=2095 2053 75 1978 383 1595 53 42
is_linear=0
shrinkage=0.05


Tree=98
num_leaves=16
num_cat=0
split_feature=39 29 26 3 14 0 14 49 47 23 48 9 57 44 1
split_gain=376.101 1309.91 1128.95 1079.04 943.945 850.949 720.978 617.501 1165.26 866.305 1208.94 1017.27 816.181 499.871 469.262
threshold=-0.28793964969615138 2.3524331822991376 -4.8263889948527003 0.16587022133171561 -0.27512474513302237 1.0000000180025095e-35 -0.15966842646400128 5.583333333333333 0.48243055555555558 0.13333333730697636 0.50077135166420894 0.69309523809523832 11.730303030303032 -0.0018468896547953193 0.079496039754965095
decision_type=8 8 10 8 10 10 10 10 8 10 8 10 8 10 10
left_child=1 2 5 4 -3 -1 -4 9 12 11 -11 -2 -9 -10 -5
right_child=7 3 6 14 -6 -7 -8 8 13 10 -12 -13 -14 -15 -16
leaf_value=-0.040816180408000946 -0.00095857761661083537 -0.044952051946893334 0.037697235907419267 0.08231840488072989 0.27459635999539622 0.28534183625293819 -0.12558898278809291 -0.24456101344979328 -0.073783590175487385 0.11069363760574402 -0.12499302172505145 -0.15011388593111877 -0.053349321014569996 0.20083022162001185 -0.18182845255059582
leaf_weight=33 751 27 102 32 110 41 183 87 22 293 62 130 154 42 26
leaf_count=33 751 27 102 32 110 41 183 87 22 293 62 130 154 42 26
internal_value=-0.000245895 0.034878 -0.0218473 0.137496 0.211902 0.145882 -0.0673349 -0.0129775 -0.0760816 0.00279783 0.0682283 -0.0237472 -0.126147 0.107201 -0.0403318
internal_weight=2095 554 359 195 137 74 285 1541 305 1236 355 881 241 64 58
internal_count=2095 554 359 195 137 74 285 1541 305 1236 355 881 241 64 58
is_linear=0
shrinkage=0.05


end of trees

feature_importances:
diff_opening_spread=102
ats_margin_avg3_away=35
diff_off_three_and_out_rate_roll6=34
diff_off_explosive_pass_rate_roll3=32
diff_away_off_epa_roll6=31
diff_off_sack_rate_roll6=29
diff_opp_fumble_recovery_rate_std_roll6=29
diff_off_success_rate_roll6=28
diff_rb_weighted_epa_std=28
diff_def_rz_epa_roll6=27
diff_own_fumble_recovery_rate_std_std=27
travel_miles_away=27
diff_def_penalty_yards_drawn_roll6=26
diff_off_rz_success_rate_std=26
diff_off_penalty_yards_std=25
diff_div_def_epa_roll6=24
diff_away_def_epa_roll6=22
diff_def_explosive_rush_rate_roll3=22
diff_nondiv_def_epa_roll6=22
diff_def_explosive_rush_rate_roll6=21
diff_off_rz_epa_roll3=21
diff_skill_injury_impact_roll3=21
diff_def_injury_impact_std=20
diff_ko_return_avg_std=20
diff_rb_weighted_epa_roll3=20
diff_skill_injury_impact_roll6=20
diff_fourth_down_success_rate_std=19
diff_home_def_epa_std=19
diff_leading_off_epa_roll3=19
diff_leading_off_epa_roll6=19
diff_off_cpoe_roll6=19
diff_off_sack_rate_roll3=19
diff_def_penalty_yards_std=18
diff_leading_def_epa_std=18
diff_nondiv_def_epa_roll3=18
diff_def_three_and_out_rate_std=16
diff_leading_off_epa_std=16
diff_adj_off_epa_std=15
diff_def_sack_rate_roll6=15
diff_punt_return_avg_roll3=15
diff_def_success_rate_roll6=14
diff_nondiv_off_epa_roll3=14
diff_off_penalty_yards_drawn_roll3=14
diff_pace_roll3=14
diff_away_off_epa_roll3=13
diff_def_rz_pass_rate_std=13
opening_total_away=13
diff_adj_def_epa_std=12
diff_away_def_epa_std=12
diff_trailing_off_epa_roll6=12
diff_def_rz_epa_roll3=11
diff_def_penalties_std=10
diff_fourth_down_success_rate_roll6=10
wins_home=9
ref_penalties_per_game_away=8
diff_ko_touchback_rate_std=7
diff_off_success_rate_roll3=7
diff_def_sack_rate_roll3=6
diff_def_success_rate_roll3=6
diff_div_def_epa_roll3=5

parameters:
[boosting: gbdt]
[objective: regression]
[metric: l2]
[tree_learner: serial]
[device_type: cpu]
[data_sample_strategy: bagging]
[data: ]
[valid: ]
[num_iterations: 500]
[learning_rate: 0.05]
[num_leaves: 31]
[num_threads: 16]
[seed: 42]
[deterministic: 0]
[force_col_wise: 1]
[force_row_wise: 0]
[histogram_pool_size: -1]
[max_depth: 4]
[min_data_in_leaf: 20]
[min_sum_hessian_in_leaf: 0.001]
[bagging_fraction: 0.8]
[pos_bagging_fraction: 1]
[neg_bagging_fraction: 1]
[bagging_freq: 0]
[bagging_seed: 400]
[bagging_by_query: 0]
[feature_fraction: 0.7]
[feature_fraction_bynode: 1]
[feature_fraction_seed: 30056]
[extra_trees: 0]
[extra_seed: 12879]
[early_stopping_round: 0]
[early_stopping_min_delta: 0]
[first_metric_only: 0]
[max_delta_step: 0]
[lambda_l1: 1]
[lambda_l2: 5]
[linear_lambda: 0]
[min_gain_to_split: 0]
[drop_rate: 0.1]
[max_drop: 50]
[skip_drop: 0.5]
[xgboost_dart_mode: 0]
[uniform_drop: 0]
[drop_seed: 17869]
[top_rate: 0.2]
[other_rate: 0.1]
[min_data_per_group: 100]
[max_cat_threshold: 32]
[cat_l2: 10]
[cat_smooth: 10]
[max_cat_to_onehot: 4]
[top_k: 20]
[monotone_constraints: ]
[monotone_constraints_method: basic]
[monotone_penalty: 0]
[feature_contri: ]
[forcedsplits_filename: ]
[refit_decay_rate: 0.9]
[cegb_tradeoff: 1]
[cegb_penalty_split: 0]
[cegb_penalty_feature_lazy: ]
[cegb_penalty_feature_coupled: ]
[path_smooth: 0]
[interaction_constraints: ]
[verbosity: -1]
[saved_feature_importance_type: 0]
[use_quantized_grad: 0]
[num_grad_quant_bins: 4]
[quant_train_renew_leaf: 0]
[stochastic_rounding: 1]
[linear_tree: 0]
[max_bin: 255]
[max_bin_by_feature: ]
[min_data_in_bin: 3]
[bin_construct_sample_cnt: 200000]
[data_random_seed: 175]
[is_enable_sparse: 1]
[enable_bundle: 1]
[use_missing: 1]
[zero_as_missing: 0]
[feature_pre_filter: 1]
[pre_partition: 0]
[two_round: 0]
[header: 0]
[label_column: ]
[weight_column: ]
[group_column: ]
[ignore_column: ]
[categorical_feature: ]
[forcedbins_filename: ]
[precise_float_parser: 0]
[parser_config_file: ]
[objective_seed: 16083]
[num_class: 1]
[is_unbalance: 0]
[scale_pos_weight: 1]
[sigmoid: 1]
[boost_from_average: 1]
[reg_sqrt: 0]
[alpha: 0.9]
[fair_c: 1]
[poisson_max_delta_step: 0.7]
[tweedie_variance_power: 1.5]
[lambdarank_truncation_level: 30]
[lambdarank_norm: 1]
[label_gain: ]
[lambdarank_position_bias_regularization: 0]
[eval_at: ]
[multi_error_top_k: 1]
[auc_mu_weights: ]
[num_machines: 1]
[local_listen_port: 12400]
[time_out: 120]
[machine_list_filename: ]
[machines: ]
[gpu_platform_id: -1]
[gpu_device_id: -1]
[gpu_use_dp: 0]
[num_gpu: 1]

end of parameters

pandas_categorical:[]
