tree
version=v4
num_class=1
num_tree_per_iteration=1
label_index=0
max_feature_idx=119
objective=regression
feature_names=ats_cover_sum3_home ats_margin_avg3_away coaching_tenure_home diff_adj_def_epa_roll3 diff_adj_def_epa_std diff_adj_off_epa_std diff_away_def_epa_roll3 diff_away_def_epa_roll6 diff_away_off_epa_roll3 diff_def_avg_drive_plays_roll3 diff_def_explosive_pass_rate_roll3 diff_def_explosive_rush_rate_std diff_def_injury_impact_roll3 diff_def_injury_impact_std diff_def_penalties_std diff_def_penalty_yards_drawn_roll3 diff_def_penalty_yards_drawn_roll6 diff_def_penalty_yards_std diff_def_rz_epa_roll3 diff_def_rz_epa_roll6 diff_def_rz_pass_rate_std diff_def_rz_td_rate_roll3 diff_def_rz_td_rate_roll6 diff_def_sack_rate_roll3 diff_def_sack_rate_std diff_def_third_down_rate_roll3 diff_def_third_down_rate_roll6 diff_def_three_and_out_rate_std diff_def_top_seconds_roll6 diff_div_def_epa_roll6 diff_div_off_epa_std diff_ep_team_exp_fp_total_std diff_ep_team_exp_pass_fp_roll6 diff_ep_team_fp_over_expected_roll3 diff_ep_team_fp_over_expected_roll6 diff_ep_team_opportunity_hhi_roll3 diff_ep_team_opportunity_hhi_std diff_ep_team_rush_share_hhi_roll6 diff_ep_team_td_over_expected_roll3 diff_ep_team_td_over_expected_std diff_fg_pct_50plus_roll6 diff_fg_pct_long_std diff_fg_pct_roll6 diff_fg_pct_short_roll3 diff_fourth_down_go_rate_roll3 diff_fourth_down_go_rate_roll6 diff_fourth_down_success_rate_roll6 diff_fourth_down_success_rate_std diff_home_def_epa_std diff_home_off_epa_roll3 diff_ko_return_avg_roll6 diff_ko_return_avg_std diff_ko_touchback_rate_std diff_leading_def_epa_std diff_leading_off_epa_roll3 diff_leading_off_epa_roll6 diff_leading_off_epa_std diff_nondiv_def_epa_roll3 diff_nondiv_def_epa_roll6 diff_nondiv_def_epa_std diff_nondiv_off_epa_std diff_off_avg_drive_yards_std diff_off_cpoe_roll6 diff_off_drives_per_game_roll3 diff_off_drives_per_game_std diff_off_epa_per_play_roll6 diff_off_explosive_pass_rate_roll3 diff_off_explosive_pass_rate_roll6 diff_off_explosive_rush_rate_roll3 diff_off_explosive_rush_rate_roll6 diff_off_penalties_drawn_std diff_off_penalties_std diff_off_penalty_yards_drawn_std diff_off_rush_epa_roll3 diff_off_rz_epa_roll6 diff_off_rz_pass_rate_roll3 diff_off_rz_success_rate_roll3 diff_off_rz_success_rate_roll6 diff_off_rz_trips_roll6 diff_off_sack_rate_roll3 diff_off_sack_rate_roll6 diff_off_sos_score_std diff_off_success_rate_roll3 diff_off_success_rate_std diff_off_third_down_rate_roll3 diff_off_third_down_rate_std diff_off_three_and_out_rate_std diff_off_top_seconds_roll3 diff_off_top_seconds_std diff_opening_spread diff_opp_fumble_recovery_rate_std diff_opp_fumble_recovery_rate_std_roll3 diff_own_fumble_recovery_rate_std_roll3 diff_pace_roll3 diff_pace_roll6 diff_proe_roll6 diff_punt_return_avg_roll3 diff_qb_passing_epa_roll3 diff_rb_weighted_epa_roll3 diff_rb_weighted_epa_std diff_skill_injury_impact_roll3 diff_skill_injury_impact_roll6 diff_trailing_def_epa_std diff_trailing_off_epa_std diff_travel_miles diff_win_pct diff_win_streak diff_wins diff_wr_te_weighted_epa_roll3 diff_wr_te_weighted_epa_std losses_away opening_total_home ref_penalties_per_game_away temperature_home travel_miles_away win_pct_home win_streak_away win_streak_home wind_speed_away wins_home
feature_infos=[0:3] [-38:39] [1:17] [-0.71541596949100494:0.88652980327606201] [-0.71541596949100494:0.88652980327606201] [-0.89615999162197113:0.75189545750617981] [-0.74047915264964104:0.81195994466543198] [-0.76172319302956271:0.81195994466543198] [-0.95676788687705994:0.98236359283328056] [-3.833333333333333:3.2272727272727275] [-0.20532719313207118:0.21875] [-0.2424242424242424:0.20042417815482502] [-4.1500000000000004:3.7666666666666666] [-4.1500000000000004:3] [-5:7] [-69:77] [-69:77] [-94:80] [-2.8487167047957578:2.7074642988542714] [-2.2391043901443481:2.4243320624033609] [-0.8333333283662796:0.90909093618392944] [-1:1] [-1:1] [-0.16011972352862358:0.1666666716337204] [-0.14705882966518402:0.1666666716337204] [-0.57142859697341919:0.56666663289070129] [-0.57142859697341919:0.56666663289070129] [-0.46153846153846156:0.40909090909090906] [-1170:1190] [-0.86481103301048279:0.78134894371032715] [-0.75205850601196289:1.0891301482915878] [-64.766182243138971:49.873635669234446] [-19.40416449147984:16.790818302262217] [-48.970221842615011:83.150792736035314] [-46.876729440978828:83.150792736035314] [-0.26328430534456615:0.19135802469135804] [-0.17619319829655258:0.19135802469135804] [-0.53678484626364731:0.55525462238716661] [-8.0338560680975206:7.4815436458447948] [-8.0338560680975206:7.4815436458447948] [-1:1] [-1:1] [-1:1] [-1:1] [-0.51666666666666672:0.80000000000000004] [-0.44444444444444442:0.80000000000000004] [-1:1] [-1:1] [-0.80247220396995544:0.88652980327606201] [-0.98565264667073882:1.1111797392368317] [-48.5:47.125] [-48.5:47.125] [-1:1] [-5.3859257698059082:5.3745922148227692] [-8.9221019198497142:8.8304748088121414] [-8.3892935514450073:5.439639899879694] [-4.8015694357454777:5.439639899879694] [-0.73443540185689926:0.88652980327606201] [-0.65543012320995331:0.88652980327606201] [-0.65543012320995331:0.88652980327606201] [-0.66089094678560889:0.75189545750617981] [-39.345456123352051:36.8675217628479] [-30.688534736633301:38.514461517333984] [-8:7] [-8:7] [-0.89615999162197113:0.84700344502925873] [-0.18837018837018837:0.2857142857142857] [-0.18837018837018837:0.2857142857142857] [-0.23076923076923078:0.2533333333333333] [-0.23076923076923078:0.2533333333333333] [-7:8] [-7:6] [-77:94] [-0.67900723963975906:1.0113861858844757] [-3.2184919714927673:2.1583511233329773] [-0.82575758049885428:0.8333333283662796] [-0.73333331942558289:0.84615384042263031] [-0.73333331942558289:0.84615384042263031] [-6:5] [-0.1803727789471547:0.16151407609383264] [-0.16287340596318245:0.14610389992594719] [-0.73939523100852966:0.81203330308198929] [-0.38152013719081879:0.27322402596473694] [-0.38152013719081879:0.27322402596473694] [-0.44230771064758301:0.62727269530296326] [-0.44230771064758301:0.62727269530296326] [-0.4116161616161616:0.57575757575757569] [-1114.3333333333333:879] [-984:879] [-33:43] [-1:1] [-1:1] [-1:1] [-34:32] [-34:32] [-0.32302161097758625:0.34008444829653667] [-26.999999523162842:45.416667938232422] [-39.962821960449219:40.751319885253906] [-8.528332817309348:10.559087289124728] [-7.6779916545954237:10.559087289124728] [-2.9489422087868058:2.8925925925374032] [-2.4974933153018357:2.3574074074074076] [-1.6924982778728008:1.6416833959519863] [-1.9594758795574307:2.1133341491222382] [-2719.8000000000002:1992.7000000000003] [-1:1] [-17:16] [-11:12] [-12.31318187713623:12.183483719825745] [-12.31318187713623:12.183483719825745] [0:15] [10.5:63.5] [4:26] [1:97] [0:5266.8000000000002] [0:1] [-15:11] [-14:11] [0:71] [0:14]
tree_sizes=1450 1521 1346 1349 1427 1509 1259 1499 1434 1433 1532 1413 1351 1372 1520 1523 1419 1512 1517 1519 1435 1514 1268 1514 1428 1526 1530 1430 1431 1527 1441 1346 1356 1261 1359 1267 1346 1357 1090 1163 1358 940 1275 1270 1370 926 1101 1261 923 923 1269 1171 935 757 929 1010 758 1270 1196 680 1090 932 675 1350 919 935 679 754 1258 908 680 835 762 1357 925 850 842 676 1003 1093 1013 1094 679 844 1441 925 1003 1261 847 686 835 760 923 928 1014 763

Tree=0
num_leaves=16
num_cat=0
split_feature=89 89 89 82 83 114 41 93 30 88 96 59 81 76 98
split_gain=49490.6 9129.8 7775.18 2715.45 2616.11 2583.25 2544.52 2501.31 2141.5 2065.94 1629.09 1627.69 1452.74 1216.14 985.56
threshold=5.5000000000000009 -8.4999999999999982 16.500000000000004 0.042181059718132026 -0.018130722500029058 1849.7500000000002 0.037698412698412738 5.583333333333333 0.12269005640409889 40.719230769230656 -1.2222222288449602 0.22043434579179372 -0.084065578764097551 -0.013278386245171218 2.967926724555308
decision_type=10 8 10 10 10 10 8 10 10 8 8 8 10 8 10
left_child=1 9 4 5 10 -3 8 -6 -4 11 -2 -1 -5 -11 -8
right_child=2 3 6 12 7 -7 14 -9 -10 13 -12 -13 -14 -15 -16
leaf_value=1.0850247754344575 1.510758420536036 1.5596879873256146 1.822131766870448 1.4985745291014319 1.9963570092370322 1.2807505977532887 2.4230291915066817 1.7451395015873195 2.2200772157313637 1.7832590833254944 1.8032666310489263 1.4828498600206399 1.8907370500575538 1.3527115104571483 1.9932957945547127
leaf_weight=179 58 581 76 28 377 95 99 137 63 22 190 39 80 44 27
leaf_count=179 58 581 76 28 377 95 99 137 63 22 190 39 80 44 27
internal_value=1.70263 1.46486 1.94983 1.55466 1.86668 1.51761 2.18129 1.93055 2.01455 1.22398 1.73222 1.14945 1.78409 1.4925 2.34593
internal_weight=2095 1068 1027 784 762 676 265 514 139 284 248 218 108 66 126
internal_count=2095 1068 1027 784 762 676 265 514 139 284 248 218 108 66 126
is_linear=0
shrinkage=1


Tree=1
num_leaves=16
num_cat=0
split_feature=107 61 83 61 58 8 99 59 111 83 88 48 29 21 34
split_gain=23381.4 8325.87 7368.31 3484.46 3097.49 2876.62 2569.23 2544.09 2465.45 1716.79 1661.93 1611.38 1551.28 679.494 488.17
threshold=1.0000000180025095e-35 -4.3684106606703539 -0.020652873011735764 3.5173670223781053 -0.0060855413554236288 0.30203355010598903 1.4737500546459414 -0.22436428837562825 34.500000000000007 0.057503092288970943 -288.30555555555549 -0.12535642196113864 0.19010450178757313 -8.3266726846886728e-17 -3.3121788246471282
decision_type=2 8 8 10 8 8 10 10 10 10 10 8 10 10 10
left_child=2 11 5 8 -5 7 12 -1 -3 -8 -7 13 -4 -2 -13
right_child=1 3 6 4 -6 10 9 -9 -10 -11 -12 14 -14 -15 -16
leaf_value=0.11552661587210263 -0.18506645842322283 -0.31171771994343511 -0.038128002644019221 0.51229888662108647 0.20884576138073149 -0.35119033639247599 0.035492730740482502 -0.35012516436402596 0.1898434350102616 0.39001242015876025 0.11431033834815026 -0.19040286540985107 -0.24912001921812879 0.16986333891176261 -0.59070967126775675
leaf_weight=29 23 22 510 198 164 21 108 426 315 46 68 21 101 21 22
leaf_count=29 23 22 510 198 164 21 108 426 315 46 68 21 101 21 22
internal_value=3.05354e-06 0.214804 -0.129265 0.272266 0.379677 -0.269057 -0.02869 -0.319404 0.152876 0.150637 -0.00783292 -0.236033 -0.0748257 -0.0146003 -0.436451
internal_weight=2095 786 1309 699 362 544 765 455 337 154 89 87 611 44 43
internal_count=2095 786 1309 699 362 544 765 455 337 154 89 87 611 44 43
is_linear=0
shrinkage=0.05


Tree=2
num_leaves=14
num_cat=0
split_feature=89 89 89 21 19 86 13 71 86 41 39 82 33
split_gain=42140.6 8040.13 6626.11 2722.57 2559.85 2303.66 2488.9 2433.73 1758.43 1722.77 1416.97 1379.67 1300.21
threshold=5.5000000000000009 -8.4999999999999982 16.500000000000004 0.27222222222222231 0.28735823649913078 0.036627608502608523 -0.81602564102564079 -1.5916666666666661 -0.069555167055167025 0.037698412698412738 -0.9635275677719618 0.042181059718132026 1.913046091653565
decision_type=10 8 10 10 10 8 10 8 10 8 10 10 10
left_child=1 8 5 11 9 6 -2 -7 -1 -4 -5 -3 -10
right_child=2 3 4 10 -6 7 -8 -9 12 -11 -12 -13 -14
leaf_value=-0.1098168936233188 -0.030875693801995164 -0.20325072036732289 0.3442418563354761 0.35922483587637544 0.03590864706784487 -0.432321971654892 0.26177362866036646 0.077206174522920071 -0.57582289077815296 0.64962840598562499 -0.018472848911728481 0.02516452711648666 -0.29274231739431977
leaf_weight=38 86 576 120 27 35 21 422 233 168 110 108 73 78
leaf_count=38 86 576 120 27 35 21 422 233 168 110 108 73 78
internal_value=-1.37987e-05 -0.219436 0.228078 -0.135194 0.441755 0.151307 0.212315 0.027354 -0.445457 0.501223 0.0668412 -0.177486 -0.493884
internal_weight=2095 1068 1027 784 265 762 508 254 284 230 135 649 246
internal_count=2095 1068 1027 784 265 762 508 254 284 230 135 649 246
is_linear=0
shrinkage=0.05


Tree=3
num_leaves=14
num_cat=0
split_feature=107 65 107 31 99 111 91 62 1 29 103 6 21
split_gain=19222.3 6016.94 5519.85 3656.86 3247.88 2333.4 2314.47 2255.36 2143.13 1831.38 1696.92 1410.91 954.889
threshold=1.0000000180025095e-35 0.018979311610261604 -3.4999999999999996 21.825244577805233 1.3439182777600855 37.250000000000007 0.31762065095398434 -3.814660874505837 -9.2499999999999982 -0.18688161834143099 0.056657913647266848 0.66032239049673092 0.19444444444444442
decision_type=2 8 2 10 10 10 10 8 10 8 10 8 10
left_child=2 6 10 5 7 -3 9 -4 -6 -2 11 -1 -5
right_child=1 3 4 12 8 -7 -8 -9 -10 -11 -12 -13 -14
leaf_value=-0.52395959256076008 0.2717412234085505 -0.14753425640937609 -0.23851796053927737 0.81827520361313466 -0.28548497105798415 0.26305245775806707 -0.38233862821208803 -0.066453262838359187 0.16598871734893914 -0.057807405336494866 -0.048635332305964674 -0.060686339323337259 0.27767793667316437
leaf_weight=114 56 34 265 34 26 477 33 673 177 132 33 21 20
leaf_count=114 56 34 265 34 26 477 33 673 177 132 33 21 20
internal_value=-1.22183e-06 0.194715 -0.117255 0.2806 -0.0769156 0.234472 -0.0259835 -0.116124 0.102452 0.0445938 -0.380793 -0.456993 0.659401
internal_weight=2095 786 1309 565 1141 511 221 938 203 188 168 135 54
internal_count=2095 786 1309 565 1141 511 221 938 203 188 168 135 54
is_linear=0
shrinkage=0.05


Tree=4
num_leaves=15
num_cat=0
split_feature=107 61 81 59 31 37 111 61 85 48 6 3 7 73
split_gain=17411.2 6891.75 5227.62 3507.96 3274 3096.21 2498.38 2343.22 1810.27 1629.49 1330.84 800.448 686.109 506.552
threshold=1.0000000180025095e-35 -4.5887537479400651 -0.086172555806115256 -0.22436428837562825 22.416044088973837 -0.12483622120199529 37.250000000000007 -6.8673634330431623 0.097882986426926596 -0.12535642196113864 -0.020434069136778508 0.035056596000989294 -0.14747038402128962 -0.085070562005663888
decision_type=2 8 8 8 10 8 10 10 10 8 8 10 8 10
left_child=2 9 3 -1 6 10 -3 -5 -7 12 -4 -6 -2 -11
right_child=1 4 5 7 11 8 -8 -9 -10 13 -12 -13 -14 -15
leaf_value=0.30905343227916293 -0.19658050227165225 -0.13279922604560854 0.35372153000398115 -0.42538278482298664 0.76433132489522304 -0.11046870898460968 0.23034565286628281 -0.17622420672988481 0.16879572137258947 -0.19358651543465943 0.050751321600014422 0.25983787001669406 0.16687917510668437 -0.6072942430973054
leaf_weight=22 20 48 50 176 31 662 604 226 59 21 114 20 22 20
leaf_count=22 20 48 50 176 31 662 604 226 59 21 114 20 22 20
internal_value=-6.47937e-06 0.185309 -0.111601 -0.254913 0.236305 -0.0418378 0.202728 -0.289317 -0.0865423 -0.234936 0.151148 0.608248 -0.00763351 -0.440557
internal_weight=2095 786 1309 424 703 885 652 402 721 83 164 51 42 41
internal_count=2095 786 1309 424 703 885 652 402 721 83 164 51 42 41
is_linear=0
shrinkage=0.05


Tree=5
num_leaves=16
num_cat=0
split_feature=89 89 89 21 6 89 61 13 30 99 88 16 33 77 92
split_gain=34011.4 6666.04 5320.41 2430.77 2021.98 2009.16 1897.32 1641.47 1860.09 1713.41 1538.03 1443.26 1428.11 1292.55 1215.21
threshold=5.5000000000000009 -8.4999999999999982 12.500000000000002 0.27222222222222231 0.04432888142764569 20.500000000000004 8.5365079243977888 -0.49285714285714294 0.039253802224993715 0.85257741619930516 40.719230769230656 8.0000000000000036 5.3315805162733048 0.090656574815511717 -0.062251984126984176
decision_type=10 8 10 10 10 10 10 8 10 10 8 10 10 10 10
left_child=1 10 7 11 -5 6 -4 9 -9 -2 12 -3 -1 -7 -12
right_child=2 3 5 4 -6 13 -8 8 -10 -11 14 -13 -14 -15 -16
leaf_value=-0.54417420409350514 -0.18395061429751958 -0.12006649070759663 0.19344723648251499 0.24158291706385523 -0.13355373094942588 0.58605427709864644 0.50793641330974715 0.062535264765457163 0.28856926949487793 0.1777876615524292 -0.33076935950873626 -0.30501283002521495 -0.22209219157455432 0.22868063233506222 0.084174816070064426
leaf_weight=161 87 515 294 73 62 97 57 260 139 46 40 134 57 47 26
leaf_count=161 87 515 294 73 62 97 57 260 139 46 40 134 57 47 26
internal_value=3.53241e-06 -0.197077 0.204962 -0.120388 0.0703241 0.322303 0.251075 0.0937049 0.144 -0.0565673 -0.402864 -0.160369 -0.467052 0.481335 -0.172186
internal_weight=2095 1068 1027 784 135 495 351 532 399 133 284 649 218 144 66
internal_count=2095 1068 1027 784 135 495 351 532 399 133 284 649 218 144 66
is_linear=0
shrinkage=0.05


Tree=6
num_leaves=13
num_cat=0
split_feature=89 89 89 19 21 71 98 13 6 114 88 33
split_gain=30820.8 6051.01 4834.16 2271.03 2200.86 2089.37 1928.35 1894.86 1838.03 1667.78 1392.14 1771.77
threshold=5.5000000000000009 -8.4999999999999982 16.500000000000004 0.28735823649913078 0.27222222222222231 -2.0499999999999994 -0.97486253065004969 -0.49285714285714294 0.04432888142764569 1849.7500000000002 95.692307692307637 1.4321831394010569
decision_type=10 8 10 10 10 8 8 10 10 10 10 8
left_child=1 10 5 6 9 -2 -4 -7 -6 -3 11 -1
right_child=2 4 3 -5 8 7 -8 -9 -10 -11 -12 -13
leaf_value=-0.52557084485888483 -0.27605409506828554 -0.11752221715336071 0.12924543402086083 0.00045783727429807189 0.23027807331811162 0.036312401237988609 0.50607255857358591 0.20477251617543515 -0.12737438243938917 -0.34455199819438315 0.0049210344369594872 -0.24304271655238197
leaf_weight=153 26 556 47 35 73 261 183 475 62 93 21 110
leaf_count=153 26 556 47 35 73 261 183 475 62 93 21 110
internal_value=6.77781e-05 -0.18754 0.195177 0.377706 -0.114472 0.129586 0.43367 0.145749 0.0669829 -0.152517 -0.383606 -0.414329
internal_weight=2095 1068 1027 265 784 762 230 736 135 649 284 263
internal_count=2095 1068 1027 265 784 762 230 736 135 649 284 263
is_linear=0
shrinkage=0.05


Tree=7
num_leaves=16
num_cat=0
split_feature=60 107 57 107 31 39 5 65 19 18 111 110 74 98 99
split_gain=13250.7 6529.56 3211.19 2558.66 2534.83 2302.24 2158.47 2647.28 1706.26 1544.88 1449.57 1182.57 932.967 911.968 662.2
threshold=0.075403560325503369 -1.4999999999999998 0.083356944785919054 2.5000000000000004 17.008403579378463 -3.3312776901681591 -0.091537056316743887 -0.1594632673077285 0.2662694361448909 0.57406648496786772 38.750000000000007 2.5000000000000004 0.52420369659860933 1.6443234313634951 1.0444137043452242
decision_type=10 2 10 2 10 8 10 10 10 10 10 2 10 10 10
left_child=1 6 4 5 10 -3 11 -8 -6 12 -2 -1 -4 -5 -11
right_child=2 3 9 13 8 -7 7 -9 -10 14 -12 -13 -14 -15 -16
leaf_value=-0.16913487173151226 -0.13721258290882768 0.41310593081372127 0.041832323711261984 0.32102585600538031 0.6415483439740326 -0.046957080037130651 -0.48732533165402225 -0.1919241327344251 0.089318544864654542 -0.37683657945858107 0.24452985744991085 0.19415889432032904 0.3317075769643526 -0.022256760199864709 0.00021800446510314943
leaf_weight=43 24 23 121 69 65 952 111 261 20 22 270 37 32 25 20
leaf_count=43 24 23 121 69 65 952 111 261 20 22 270 37 32 25 20
internal_value=2.23911e-06 -0.0772465 0.203684 -0.0095277 0.287651 -0.034001 -0.235438 -0.285495 0.524348 0.0371246 0.211427 0 0.111355 0.232709 -0.215301
internal_weight=2095 1521 574 1069 379 975 452 372 85 195 294 80 153 94 42
internal_count=2095 1521 574 1069 379 975 452 372 85 195 294 80 153 94 42
is_linear=0
shrinkage=0.05


Tree=8
num_leaves=15
num_cat=0
split_feature=89 89 89 21 61 24 119 51 47 86 79 102 15 109
split_gain=26436.3 5808.69 4044.92 2162.13 2080.13 2736.73 1855.96 2164.55 1760.17 1406.31 1545.88 1224.43 1215.9 1002.54
threshold=2.5000000000000004 11.500000000000002 -8.4999999999999982 0.28452380952380968 8.5365079243977888 -0.00031382960104752578 3.5000000000000004 -3.3125002702077224 -0.12499999813735484 -0.055060270028757442 0.059425053497155517 0.21843871841957047 -2.6666666666666665 -3.4527262183837588
decision_type=10 10 8 10 10 8 2 10 8 8 8 10 10 8
left_child=2 6 9 8 5 -3 13 -8 -4 -1 -11 -6 -5 -2
right_child=1 4 3 12 11 -7 7 -9 -10 10 -12 -13 -14 -15
leaf_value=0.037939324855804452 0.26249134026181242 0.033242506431798415 -0.30344306480955097 0.23733634646785889 0.5147479168878738 0.30365268436734238 0.34246251205760214 0.05103822168822314 -0.10546918519180837 -0.45445619276838889 -0.15633063840014594 0.082775085281442728 -0.086157860383391391 -0.061693274507248035
leaf_weight=20 21 141 164 52 109 284 86 222 368 199 65 22 55 287
leaf_count=20 21 141 164 52 109 284 86 222 368 199 65 22 55 287
internal_value=0.000104008 0.157464 -0.199426 -0.127816 0.273931 0.215486 0.0509019 0.13674 -0.168849 -0.355376 -0.38551 0.448281 0.0741848 -0.03559
internal_weight=2095 1172 923 639 556 425 616 308 532 284 264 131 107 308
internal_count=2095 1172 923 639 556 425 616 308 532 284 264 131 107 308
is_linear=0
shrinkage=0.05


Tree=9
num_leaves=15
num_cat=0
split_feature=107 61 107 79 30 86 100 104 48 20 61 50 7 73
split_gain=10780 5293.52 3522.62 2552.63 2618.18 2149.53 1848.46 1771.7 1399.59 1278.28 1145.28 928.431 629.73 519.643
threshold=1.0000000180025095e-35 -4.5887537479400651 -3.4999999999999996 0.037448968117435776 0.039253802224993715 0.049157164061010207 0.012032035134696363 -2141.3999999999996 -0.12535642196113864 -0.18176241263392423 -6.0342180093129487 1.8035714626312258 -0.14747038402128962 -0.085070562005663888
decision_type=2 8 2 10 10 10 8 10 8 8 8 8 8 10
left_child=2 8 9 4 -3 6 -4 -7 12 -1 -11 -5 -2 -10
right_child=1 3 5 11 -6 7 -8 -9 13 10 -12 -13 -14 -15
leaf_value=-0.6359629090015706 -0.19134934282302857 0.10472105292946841 0.081155220456532909 0.061238201086719839 0.31243117678933841 -0.52657327959934874 -0.07387525897378526 -0.11993814782932576 -0.17184754277651126 -0.38225622427636297 -0.097234102177687673 -0.28220405390705255 0.15685028582811356 -0.57807592010498055
leaf_weight=21 20 277 329 43 354 25 448 339 21 64 83 29 22 20
leaf_count=21 20 277 329 43 354 25 448 339 21 64 83 29 22 20
internal_value=0.0001843 0.146043 -0.0875821 0.190803 0.222868 -0.0553801 -0.0080686 -0.154759 -0.221804 -0.298077 -0.230147 -0.0857858 -0.0106123 -0.41239
internal_weight=2095 786 1309 703 631 1141 777 364 83 168 147 72 42 41
internal_count=2095 786 1309 703 631 1141 777 364 83 168 147 72 42 41
is_linear=0
shrinkage=0.05


Tree=10
num_leaves=16
num_cat=0
split_feature=83 107 88 54 35 81 13 99 103 80 36 16 1 37 92
split_gain=11729.1 5484.8 2869.06 2603.03 2316.58 2055.32 2173.22 1748.84 1705.83 1685.32 1594.08 1481.86 1456.66 871.634 823.003
threshold=-0.018642493585745486 1.0000000180025095e-35 126.98181818181821 -0.15135068446397779 0.039533176323660553 -0.1331496715623264 -0.59791666666666654 1.3928402705987137 -0.066519785432943263 -0.0040262993425130835 0.0014631745594235886 9.4166666666666696 -8.0833333333333304 0.088175068515887176 -0.18227513227513226
decision_type=8 2 10 8 10 8 10 10 8 10 8 10 10 10 10
left_child=2 7 5 9 -5 6 -1 8 -2 -3 14 -7 -9 -12 -4
right_child=1 3 10 4 -6 11 -8 12 -10 -11 13 -13 -14 -15 -16
leaf_value=-0.011003895456140693 0.090141293562099906 0.16180767692180711 0.026407881736755373 0.29022870750104973 0.027942404975848541 -0.064927407384608143 -0.37913524954124944 -0.2209019997372077 -0.10245127519504989 -0.19281914485479468 -0.29383580355808653 -0.30594920748680393 0.18842696326474351 0.11358037495613099 0.44768315380619417
leaf_weight=50 153 62 20 419 107 276 210 21 420 62 24 80 145 20 26
leaf_count=50 153 62 20 419 107 276 210 21 420 62 24 80 145 20 26
internal_value=-6.33587e-05 0.0842036 -0.165349 0.189555 0.237734 -0.203735 -0.310073 -0.00904419 -0.0506046 -0.0157191 0.0937542 -0.122715 0.131407 -0.114933 0.286047
internal_weight=2095 1389 706 650 526 616 260 739 573 124 90 356 166 44 46
internal_count=2095 1389 706 650 526 616 260 739 573 124 90 356 166 44 46
is_linear=0
shrinkage=0.05


Tree=11
num_leaves=15
num_cat=0
split_feature=89 89 89 79 105 1 18 84 13 56 27 68 51 81
split_gain=21541.8 4380.28 3550.61 2101.37 2057.43 1616.66 1811.71 1586.43 1492.65 1392.14 1309.92 1289.69 1133.35 716.991
threshold=5.5000000000000009 -6.4999999999999991 20.500000000000004 -0.052779662733276674 0.10000000000000002 -8.2083333333333304 0.33447793871164327 0.037632646660010018 0.3125 -0.6977451667189597 0.06164775480251674 0.015357941449160551 1.7500002384185793 -0.095062840219941866
decision_type=10 8 10 8 2 10 10 10 8 8 10 10 10 10
left_child=1 9 5 13 -5 8 -7 12 -2 -1 -11 -9 -4 -3
right_child=2 3 7 4 -6 6 -8 11 -10 10 -12 -13 -14 -15
leaf_value=-0.62090776646509771 -0.16609355420583771 -0.014075905621051788 0.79470756122044151 -0.066816469926175945 -0.32891838638408277 0.20320546908279816 0.013029002764207476 0.044989886405129062 0.11271248864608684 -0.2961797029141835 -0.031631336014928117 0.4153329504797092 0.23992485404014588 0.35551500286374776
leaf_weight=27 79 20 30 542 83 532 165 46 107 309 57 47 21 30
leaf_count=27 79 20 30 542 83 532 165 46 107 309 57 47 21 30
internal_value=-8.57627e-05 -0.156974 0.162987 -0.0786063 -0.104037 0.123939 0.15867 0.389897 -0.00669141 -0.28877 -0.256096 0.244304 0.608979 0.21893
internal_weight=2095 1068 1027 675 625 883 697 144 186 393 366 93 51 50
internal_count=2095 1068 1027 675 625 883 697 144 186 393 366 93 51 50
is_linear=0
shrinkage=0.05


Tree=12
num_leaves=14
num_cat=0
split_feature=83 105 31 114 85 2 30 18 15 7 24 64 3
split_gain=9902.35 4477.47 2494.72 2389.98 2212.84 2585.24 1983.18 1760.09 1647.38 1644.88 1460.56 1174.33 744.527
threshold=-0.018642493585745486 1.0000000180025095e-35 21.825244577805233 2262.1500000000005 -0.015878021096189795 6.5000000000000009 0.039253802224993715 -0.70840677712112654 0.83333333333333404 0.243244837038219 -0.018546406826418303 0.5946428571428567 0.035056596000989294
decision_type=8 2 10 10 10 2 10 8 10 10 10 10 10
left_child=3 7 6 4 5 -1 -3 8 -2 -9 -6 -5 -4
right_child=1 2 12 11 10 -7 -8 9 -10 -11 -12 -13 -14
leaf_value=-0.024548619135812914 0.51233852614338204 0.03461565307290717 0.61021153792738925 -0.15987586669910414 -0.22741023079427178 -0.26434478846007847 0.21597311746435507 -0.0034270861805930589 -0.029855085785190267 -0.24779653276961586 0.10608216406201287 -0.7097319839256151 0.18800159160579955
leaf_weight=176 25 270 35 21 38 314 345 593 25 73 134 23 23
leaf_count=176 25 270 35 21 38 314 345 593 25 73 134 23 23
internal_value=-1.14137e-06 0.0774242 0.169517 -0.151873 -0.125716 -0.179433 0.137355 -0.00964358 0.262264 -0.0319337 0.0277784 -0.491414 0.471786
internal_weight=2095 1389 673 706 662 490 615 716 50 666 172 44 58
internal_count=2095 1389 673 706 662 490 615 716 50 666 172 44 58
is_linear=0
shrinkage=0.05


Tree=13
num_leaves=14
num_cat=0
split_feature=83 107 54 59 86 34 56 20 99 103 83 38 100
split_gain=8993.74 4173.14 2295.91 2229.53 2181.56 2096.58 1939.54 1567.98 1526.47 1561.33 1389.45 1126.14 748.255
threshold=-0.018642493585745486 1.0000000180025095e-35 -0.15135068446397779 0.092243160082778733 0.037241785991785993 -21.018101035069396 -0.15985718132661919 0.0026129815313551412 1.3928402705987137 -0.066519785432943263 0.058029597252607347 -2.253630768847263 -0.50123371140632234
decision_type=8 2 8 10 10 10 8 10 10 8 10 10 10
left_child=3 8 7 5 -4 -1 -7 -3 9 -2 -10 -5 -13
right_child=1 2 4 11 -6 6 -8 -9 10 -11 -12 12 -14
leaf_value=0.25546524673700333 0.088229786085931572 -0.22185098292177607 0.24587116431562525 0.025789045083981294 -0.077518243989983554 -0.24884002527761223 -0.046886274645904884 0.12338677427094234 0.027764533892754586 -0.096002525631119218 0.33948386721313001 -0.092388307615633936 -0.41372842304087404
leaf_weight=35 153 53 470 21 56 185 328 71 119 420 47 26 111
leaf_count=35 153 53 470 21 56 185 328 71 119 420 47 26 111
internal_value=-2.24749e-06 0.0737844 0.16568 -0.14474 0.210942 -0.0952516 -0.121511 -0.0266664 -0.00754678 -0.0463854 0.123661 -0.30789 -0.358497
internal_weight=2095 1389 650 706 526 548 513 124 739 573 166 158 137
internal_count=2095 1389 650 706 526 548 513 124 739 573 166 158 137
is_linear=0
shrinkage=0.05


Tree=14
num_leaves=16
num_cat=0
split_feature=89 89 80 96 36 62 111 5 51 64 102 27 41 5 111
split_gain=17694.5 4023.21 2977.27 2258.52 1886.63 1869.72 2013.8 1885.9 1760.44 1756.6 1408.79 1251.54 1031.15 957.231 608.52
threshold=2.5000000000000004 11.500000000000002 -0.017177434482922152 -1.2444445192813871 0.049969719840947939 -4.2742786258459082 48.250000000000007 -0.087037991732358919 0.05242636439564486 -1.3333333333333328 -0.10108667494800597 -0.064951714951714951 -0.099107142857142824 0.028489241759396263 42.750000000000007
decision_type=10 10 8 8 10 8 10 10 8 8 10 10 8 10 10
left_child=2 3 10 13 9 7 -7 -4 -5 -3 14 -12 -6 -2 -1
right_child=1 4 5 8 12 6 -8 -9 -10 -11 11 -13 -14 -15 -16
leaf_value=0.024490155975023908 -0.19465361077847898 0.49338013919336454 -0.099739358071237808 0.2249709492473933 -0.30393841695785523 -0.091966115082766614 -0.33008615556409804 -0.40823655837047107 0.020450129327129762 0.21363572769744166 0.35039817937990514 0.0057461105985566977 0.12012681860257597 0.043591182633741378 -0.28375609740614893
leaf_weight=25 112 65 75 168 20 392 113 172 273 442 36 75 29 63 35
leaf_count=25 112 65 75 168 20 392 113 172 273 442 36 75 29 63 35
internal_value=-1.18043e-05 0.128685 -0.163294 0.0400078 0.225611 -0.205875 -0.14806 -0.318599 0.100124 0.254066 0.0242072 0.128242 -0.0641509 -0.109779 -0.162547
internal_weight=2095 1172 923 616 556 752 505 247 441 507 171 111 49 175 60
internal_count=2095 1172 923 616 556 752 505 247 441 507 171 111 49 175 60
is_linear=0
shrinkage=0.05


Tree=15
num_leaves=16
num_cat=0
split_feature=89 89 89 96 16 99 31 104 84 51 98 88 91 119 11
split_gain=16011.3 3638.77 2670.89 2045.33 1947.72 2110.42 1936.6 1829.03 1650.93 1609.73 1267.58 1130.32 1235.44 1052.14 580.873
threshold=2.5000000000000004 11.500000000000002 -8.4999999999999982 -1.2444445192813871 8.0000000000000036 -0.1503685996652333 23.528995590026661 -826.44999999999993 0.0089760720729827621 -3.1906565124338324 0.82571454029689406 46.133928571428562 -0.13888888888888884 3.5000000000000004 0.0078270739680482166
decision_type=10 10 8 8 8 10 10 8 10 8 10 10 10 2 10
left_child=2 3 11 10 5 -4 8 -6 -3 -5 -2 12 -1 -13 -8
right_child=1 6 4 9 7 -7 14 -9 -10 -11 -12 13 -14 -15 -16
leaf_value=-0.19011446246329478 -0.20710966985639745 0.28272434753258674 -0.13729036978457079 0.26565705232743947 -0.39751218143808709 0.077600414864718914 0.63044836935069837 -0.082771098429183343 0.098423866013703065 0.041381343180664637 0.06313706540838919 -0.24712587387434076 -0.43105551453984597 0.19942876696586609 0.20744840705394749
leaf_weight=114 108 221 246 101 84 205 31 104 284 340 67 23 127 20 20
leaf_count=114 108 221 246 101 84 205 31 104 284 340 67 23 127 20 20
internal_value=-3.33074e-05 0.122388 -0.155357 0.0380494 -0.0972274 -0.0397232 0.214568 -0.230314 0.181157 0.0952606 -0.104486 -0.28203 -0.323467 -0.0392459 0.498792
internal_weight=2095 1172 923 616 639 451 556 188 505 441 175 284 241 43 51
internal_count=2095 1172 923 616 639 451 556 188 505 441 175 284 241 43 51
is_linear=0
shrinkage=0.05


Tree=16
num_leaves=15
num_cat=0
split_feature=89 89 89 114 105 64 84 1 44 13 56 68 27 28
split_gain=14522.1 3147.02 2745.9 1915.71 2296.55 1788.29 1449.36 1386.55 1512.92 1378.83 1287.03 1116.28 1100.59 36.5748
threshold=5.5000000000000009 -6.4999999999999991 20.500000000000004 1849.7500000000002 0.16369047619047622 0.85912698412698429 1.0000000180025095e-35 -8.2083333333333304 -0.13577441077441074 0.3125 -0.6977451667189597 0.017461195659411548 0.06164775480251674 -141.9166666666666
decision_type=10 8 10 10 2 8 10 10 8 8 8 10 10 10
left_child=1 10 7 4 -3 -5 13 9 -9 -2 -1 -8 -12 -4
right_child=2 3 6 5 -6 -7 11 8 -10 -11 12 -13 -14 -15
leaf_value=-0.55595416333526371 -0.17386553325645981 0.0097666326006856444 0.70017793703079223 -0.065375206949101997 -0.30345596671104436 -0.4841468956321478 0.050597868670398997 -0.046884987990443522 0.16159829448369545 0.094119357976264195 -0.24663861744983753 0.37878058745332488 -0.0063452441425573443 0.34209822576779586
leaf_weight=27 79 512 20 59 61 43 55 99 598 107 309 48 57 21
leaf_count=27 79 512 20 59 61 43 55 99 598 107 309 48 57 21
internal_value=-7.4436e-06 -0.128826 0.13388 -0.0624291 -0.0258283 -0.256758 0.33329 0.0996108 0.131792 -0.0210122 -0.240524 0.214456 -0.209941 0.574978
internal_weight=2095 1068 1027 675 573 102 144 883 697 186 393 103 366 41
internal_count=2095 1068 1027 675 573 102 144 883 697 186 393 103 366 41
is_linear=0
shrinkage=0.05


Tree=17
num_leaves=16
num_cat=0
split_feature=89 89 80 96 52 31 113 108 64 68 102 98 6 21 111
split_gain=13253.1 3133.51 2598.39 1839.12 1781.94 1777.17 1699.43 1576.8 1400.71 1331.77 1263.13 1147.34 840.305 684.562 562.128
threshold=2.5000000000000004 11.500000000000002 -0.017177434482922152 -1.2444445192813871 0.28561507936507941 23.528995590026661 72.500000000000014 0.26670883595943462 0.30384615384615371 -0.019454700678126536 -0.10108667494800597 0.82571454029689406 -0.028430793279161055 0.19444444444444448 42.750000000000007
decision_type=10 10 8 8 10 10 8 8 10 10 10 10 10 10 10
left_child=2 3 10 11 6 8 -4 -5 -3 -6 14 -2 -12 -7 -1
right_child=1 5 4 7 9 13 -8 -9 -10 -11 12 -13 -14 -15 -16
leaf_value=0.034264262840151792 -0.19962365270913704 0.21124503563593949 -0.242693463932662 0.19502470593687168 -0.15781109840781601 0.60683916691276762 -0.054644576550983807 0.004961677917907404 0.01533127682253955 0.32930500745773317 0.29210622614870468 0.057566793164005509 0.016688977707534618 0.17410159766674044 -0.2603255790472031
leaf_weight=25 108 384 546 188 22 31 159 253 121 25 43 67 68 20 35
leaf_count=25 108 384 546 188 22 31 159 253 121 25 43 67 68 20 35
internal_value=-2.43964e-05 0.111353 -0.14134 0.0331034 -0.181133 0.196889 -0.201036 0.0873764 0.165012 0.107082 0.0335472 -0.102015 0.131805 0.468728 -0.143617
internal_weight=2095 1172 923 616 752 556 705 441 505 47 171 175 111 51 60
internal_count=2095 1172 923 616 752 556 705 441 505 47 171 175 111 51 60
is_linear=0
shrinkage=0.05


Tree=18
num_leaves=16
num_cat=0
split_feature=89 89 89 16 114 84 46 88 100 88 1 68 74 95 77
split_gain=11992.2 2741.55 2400.83 1847.09 1456.92 1380.33 1379.91 1321.34 1385.7 1251.09 1456.66 1011.15 886.919 680.129 302.904
threshold=5.5000000000000009 -7.4999999999999991 20.500000000000004 8.0000000000000036 1321.0000000000002 1.0000000180025095e-35 -0.049722222238779083 40.719230769230656 0.6247865353561084 -237.00416666666658 -8.2083333333333304 0.017461195659411548 -0.07263157206277053 0.031534049391634657 0.01345425347487131
decision_type=10 8 10 8 10 10 8 8 10 8 10 10 8 10 10
left_child=1 7 9 6 -5 14 -3 8 -1 13 -11 -7 -9 -2 -4
right_child=2 3 5 4 -6 11 -8 12 -10 10 -12 -13 -14 -15 -16
leaf_value=-0.20944449556219646 0.034079436184122014 -0.10493170486779901 0.68939768694914305 -0.093686646594508011 -0.36814285516738893 0.038507495435575648 0.059144390892105263 0.17652362646727726 -0.48387263146267367 -0.020545533662119871 0.1377283177044254 0.34969782944557803 -0.16369988692009396 -0.34271182775497439 0.28005022525787354
leaf_weight=176 21 217 21 166 67 55 298 24 68 184 658 48 52 20 20
leaf_count=176 21 217 21 166 67 55 298 24 68 184 658 48 52 20 20
internal_value=5.92449e-05 -0.116957 0.121772 -0.0636797 -0.178894 0.308188 -0.0102386 -0.238443 -0.294306 0.0897512 0.103165 0.193467 -0.0513791 -0.165907 0.542948
internal_weight=2095 1068 1027 748 233 144 515 320 244 883 842 103 76 41 41
internal_count=2095 1068 1027 748 233 144 515 320 244 883 842 103 76 41 41
is_linear=0
shrinkage=0.05


Tree=19
num_leaves=16
num_cat=0
split_feature=89 89 89 17 84 65 46 96 98 1 56 10 20 39 85
split_gain=10926.6 2690.98 1973.09 2014.89 1924.29 2254.63 1616.78 1543.25 1613.19 1456.01 1163.4 1126.91 1212.6 1065.48 767.276
threshold=2.5000000000000004 12.500000000000002 -8.4999999999999982 8.9404761904761916 0.0089760720729827621 0.11065141616078715 -0.05000000000000001 -1.0805554886658983 2.3813748829280503 -5.9166666666666652 -0.51669935101332753 -0.024081767107704776 -0.12046642861131461 1.3233141718839763 -0.044682788758566898
decision_type=10 10 8 10 8 8 8 8 10 10 10 8 8 10 10
left_child=2 7 11 6 13 -6 -4 8 -2 -9 -5 14 -13 -3 -1
right_child=1 4 3 10 5 -7 -8 9 -10 -11 -12 12 -14 -15 -16
leaf_value=-0.56210557796606209 -0.14837529374109137 0.36923766584595208 -0.2344667388400451 -0.14987792381218501 -0.074267938353736462 0.20371491455263768 -0.051671242420814847 -0.045768278601560623 0.18389378419898927 0.14298880096922095 0.18919176931667608 -0.35787040133947046 -0.10198861217765501 -0.013110805630683901 -0.13530166909098626
leaf_weight=36 163 149 192 30 104 222 326 144 42 328 91 64 164 20 20
leaf_count=36 163 149 192 30 104 222 326 144 42 328 91 64 164 20 20
internal_value=5.24841e-05 0.101227 -0.128216 -0.0783019 0.189266 0.1151 -0.121115 0.0358677 -0.077305 0.085421 0.102117 -0.237052 -0.180168 0.324625 -0.43408
internal_weight=2095 1172 923 639 495 326 518 677 205 472 121 284 228 169 56
internal_count=2095 1172 923 639 495 326 518 677 205 472 121 284 228 169 56
is_linear=0
shrinkage=0.05


Tree=20
num_leaves=15
num_cat=0
split_feature=89 89 89 102 47 26 18 77 105 37 83 30 25 61
split_gain=9910.12 2332.51 2112.77 1653.31 1923.64 1321.07 1558.73 1309.27 1264.11 1207.96 1138.72 1181.69 815.525 791.515
threshold=5.5000000000000009 -6.4999999999999991 20.500000000000004 0.026023880527645819 0.016666665131395478 -0.1297267594685157 0.33447793871164327 0.090656574815511717 0.090909090909090912 -0.13718620737671608 0.042965387304623938 -0.3804105904884636 -0.0086045960585276176 2.7531031370162968
decision_type=10 8 10 10 8 8 10 10 2 10 10 8 10 8
left_child=1 10 5 8 -5 9 -7 13 -3 -2 11 -1 -9 -4
right_child=2 3 7 4 -6 6 -8 12 -10 -11 -12 -13 -14 -15
leaf_value=0.11775645223947673 0.19209625163563976 -0.071525998094451954 0.086107514569392585 -0.080236141970626229 0.17774625391955826 0.13769480292495948 -0.030829638962665301 -0.13170674659054857 -0.3053431276852886 -0.20321441427083087 0.13695347309112549 -0.24428100195610294 0.24756755099764893 0.4583557446153812
leaf_weight=21 22 328 21 147 133 622 173 24 67 66 20 352 23 76
leaf_count=21 22 328 21 147 133 622 173 24 67 66 20 352 23 76
internal_value=-4.39936e-06 -0.106424 0.110594 -0.0492938 0.0430986 0.0805803 0.100996 0.285423 -0.114632 -0.0988347 -0.20257 -0.222478 0.0588922 0.386428
internal_weight=2095 1068 1027 675 280 883 795 144 395 88 393 373 47 97
internal_count=2095 1068 1027 675 280 883 795 144 395 88 393 373 47 97
is_linear=0
shrinkage=0.05


Tree=21
num_leaves=16
num_cat=0
split_feature=89 89 80 52 31 10 84 13 18 49 8 48 17 21 10
split_gain=9027.81 2307.06 2209.76 1604.72 1595.85 1478.32 1301.78 1267.32 1636.77 1479.04 1259.22 1204.89 945.692 588.526 574.504
threshold=2.5000000000000004 11.500000000000002 -0.017177434482922152 0.28561507936507941 23.528995590026661 -0.024549316207921643 -0.005404561758041381 -0.33819444444444446 0.21665426498899862 0.152563625946641 -0.19269939512014386 0.038099066831082821 -3.3333333333333335 0.19444444444444448 0.019816718878791849
decision_type=10 10 8 10 10 8 10 8 10 8 8 10 10 10 10
left_child=2 7 11 5 6 -4 -3 8 -2 -9 -5 12 -1 -6 -13
right_child=1 4 3 10 13 -7 -8 9 -10 -11 -12 14 -14 -15 -16
leaf_value=-0.25748917568652402 0.020529507092241921 0.23296566956124984 -0.32054345196635609 -0.1585924782752991 0.54932585525222954 -0.13487437903814781 0.068119611996180815 0.15918840134394882 -0.28614004005606358 -0.02550432142533884 0.31904030833393338 0.27866931356213714 0.055516983491593397 0.15216239142417909 0.0083152047685674715
leaf_weight=37 129 201 134 20 31 571 304 225 60 202 27 49 53 20 32
leaf_count=37 129 201 134 20 31 571 304 225 60 202 27 49 53 20 32
internal_value=8.57555e-06 0.0919758 -0.116581 -0.153301 0.165365 -0.172244 0.13547 0.0248563 -0.0814338 0.0724165 0.119125 0.0443821 -0.0794164 0.421961 0.179137
internal_weight=2095 1172 923 752 556 705 505 616 189 427 47 171 90 51 81
internal_count=2095 1172 923 752 556 705 505 616 189 427 47 171 90 51 81
is_linear=0
shrinkage=0.05


Tree=22
num_leaves=13
num_cat=0
split_feature=60 56 30 88 18 30 113 69 116 11 5 56
split_gain=4231.3 2152.61 1761.33 2057.23 1675.26 1643.75 1612.16 1377.55 1376.87 1120.92 1063.08 728.231
threshold=0.075403560325503369 -0.52885461569530878 0.032776335681167751 174.78333333333333 0.79171633099516237 -0.32428928961356479 45.500000000000007 0.0037547221129380502 1.0000000180025095e-35 -0.030152705825113865 -0.063519499264657484 -0.85059427469968785
decision_type=10 8 8 10 10 10 8 10 10 10 10 10
left_child=1 7 3 -3 5 9 -4 10 -7 -2 -1 -9
right_child=4 2 6 -5 -6 8 -8 11 -10 -11 -12 -13
leaf_value=-0.04983192539215088 0.15076436261798062 -0.11275035787223012 0.22827523766778582 0.23189814506851614 -0.2043207783252001 0.25374954096041619 -0.0010993230548631558 0.17017527685787243 0.073803707508539609 -0.18074989447754528 -0.49222149970856582 -0.20056011554681594
leaf_weight=20 38 588 81 42 34 251 697 21 193 58 50 22
leaf_count=20 38 588 81 42 34 251 697 21 193 58 50 22
internal_value=9.03715e-05 -0.043552 -0.0262221 -0.08805 0.115199 0.137098 0.0240229 -0.248801 0.177334 -0.0480631 -0.37824 -0.0195951
internal_weight=2095 1521 1408 630 574 540 778 113 444 96 70 43
internal_count=2095 1521 1408 630 574 540 778 113 444 96 70 43
is_linear=0
shrinkage=0.05


Tree=23
num_leaves=16
num_cat=0
split_feature=89 89 80 39 119 114 27 63 84 27 34 29 41 53 83
split_gain=7759.5 2009.13 1973.2 1650.05 1811.11 1434.33 1579.04 1309.92 1213.06 1165.25 1160.48 1010.69 885.541 860.91 210.581
threshold=2.5000000000000004 20.500000000000004 -0.017177434482922152 -2.1280977523871112 3.5000000000000004 1849.7500000000002 0.051860203288774685 0.33333333333333309 1.0000000180025095e-35 -0.064951714951714951 -6.3313414213044421 0.24107257059464857 -0.16666666666666663 -0.036536466050893064 0.052623985673893571
decision_type=10 10 8 8 2 10 8 8 10 10 10 8 8 10 10
left_child=2 3 9 11 -5 6 -4 -7 14 13 -11 -2 -10 -1 -3
right_child=1 8 5 4 -6 7 -8 -9 12 10 -12 -13 -14 -15 -16
leaf_value=0.010149847183908735 0.50053917259880998 0.60800578033924113 -0.16206091054702909 -0.032068054146895356 0.1047791366448079 -0.074860526499699584 0.0097629154110665164 -0.42937736821998107 -0.067714225862707408 0.17766715343608414 -0.13770428236041751 0.086862632148974661 0.24148365941185218 0.42434386857624712 0.25487503953851187
leaf_weight=23 28 20 449 435 533 44 188 71 30 38 86 32 73 24 21
leaf_count=23 28 20 449 435 533 44 188 71 30 38 86 32 73 24 21
internal_value=6.76544e-05 0.0853318 -0.108021 0.0600609 0.0433826 -0.142724 -0.111591 -0.302924 0.257333 0.0440271 -0.0375302 0.304334 0.151997 0.24308 0.475585
internal_weight=2095 1172 923 1028 968 752 637 115 144 171 124 60 103 47 41
internal_count=2095 1172 923 1028 968 752 637 115 144 171 124 60 103 47 41
is_linear=0
shrinkage=0.05


Tree=24
num_leaves=15
num_cat=0
split_feature=89 89 89 105 114 66 71 17 100 56 54 11 13 68
split_gain=7098.15 1882.38 1604.39 1516.97 1989.14 1246.94 1169.01 1532.3 1163.95 1134.5 995.55 992.942 967.333 207.721
threshold=5.5000000000000009 -6.4999999999999991 20.500000000000004 0.16369047619047622 1849.7500000000002 -1.0000000180025095e-35 -1.8571428571428568 6.8605769230769242 0.0046164773404598026 -0.6977451667189597 0.034567589638754732 0.036540287711457287 0.25773809523809521 0.018620476819247764
decision_type=10 8 10 2 10 10 8 10 8 8 8 10 10 8
left_child=1 9 6 4 -3 13 7 -2 -8 -1 -7 -11 -5 -4
right_child=2 3 5 12 -6 10 8 -9 -10 11 -12 -13 -14 -15
leaf_value=-0.4679246218467597 -0.33555765457642384 0.027216556251798425 0.24582653474062682 -0.37053234193187495 -0.22169798847091826 -0.13344226489964597 0.14471926233644414 0.17159655523300171 0.025913280205868555 -0.10100412513932278 0.21983317845640171 -0.29920638006093891 0.00090866329208497089 0.59875784397125242
leaf_weight=27 34 512 20 47 90 22 392 20 437 285 82 81 26 20
leaf_count=27 34 512 20 47 90 22 392 20 437 285 82 81 26 20
internal_value=0.000248163 -0.089773 0.093893 -0.0384998 -0.0114339 0.246223 0.0677482 -0.148251 0.0826825 -0.176122 0.14195 -0.148445 -0.246019 0.470325
internal_weight=2095 1068 1027 675 602 144 883 54 829 393 104 366 73 40
internal_count=2095 1068 1027 675 602 144 883 54 829 393 104 366 73 40
is_linear=0
shrinkage=0.05


Tree=25
num_leaves=16
num_cat=0
split_feature=60 57 56 7 13 30 82 27 13 112 61 84 4 59 101
split_gain=3335.96 1999.89 1825.06 1641.8 1727.9 1662.85 1319.27 1329.11 1029.54 954.137 877.243 813.998 807.557 1512.27 1015.01
threshold=0.075403560325503369 0.083356944785919054 -0.52885461569530878 -0.28635896772417857 -0.35607142857142843 0.032776335681167751 -0.035444383819897972 0.098575683575683595 -0.42889880952380949 12.464102564102566 5.4867381837632943 0.081212307016054794 0.010274710537244882 0.064737263014022689 0.0073692780249474408
decision_type=10 10 8 8 10 8 10 10 10 10 10 10 10 8 10
left_child=2 6 12 4 -4 -5 9 -8 10 -2 -3 -10 14 -14 -1
right_child=1 8 3 5 -6 -7 7 -9 11 -11 -12 -13 13 -15 -16
leaf_value=0.10682157593114035 -0.28242238452313123 0.02775267696380615 0.51973656437226701 -0.096327853153770182 -0.0051229473063722254 0.015052789784722815 0.2410661569225081 -0.055814437082280288 -0.063520388070786943 0.12547507843663616 -0.38835872584773651 0.16455634945737466 -0.023431098059966016 -0.56855033248330333 -0.27112608495596291
leaf_weight=30 22 20 23 595 35 755 290 41 84 26 26 65 21 30 32
leaf_count=30 22 20 23 595 35 755 290 41 84 26 26 65 21 30 32
internal_value=0.000176874 0.102386 -0.0385716 -0.0226178 0.226948 -0.0341746 0.168649 0.20386 -0.0271484 -0.0695411 -0.221477 0.0377638 -0.227554 -0.367116 -0.0931778
internal_weight=2095 574 1521 1408 58 1350 379 331 195 48 46 149 113 51 62
internal_count=2095 574 1521 1408 58 1350 379 331 195 48 46 149 113 51 62
is_linear=0
shrinkage=0.05


Tree=26
num_leaves=16
num_cat=0
split_feature=89 86 66 101 11 41 39 9 32 55 43 68 83 85 96
split_gain=6172.81 2099.29 1799.34 1699.98 1642.89 1623.16 1556.51 1500.8 1729.51 1388.33 1355.5 1247.7 1192.53 1015.46 641.355
threshold=2.5000000000000004 0.037241785991785993 -0.00093156499085376976 -0.1688984033995353 -0.042920675660489675 0.16666666666666669 0.29186650590963842 0.77053872053872052 8.4409786814664649 0.093075768323615207 0.75000000000000011 0.052087874035343026 0.093156657492121084 0.030312782774368944 -0.27579367160797114
decision_type=8 10 10 8 8 10 10 10 10 8 8 10 10 10 10
left_child=3 7 13 5 14 6 -1 8 -2 -4 -7 -6 -9 -3 -5
right_child=1 2 9 4 11 10 -8 12 -10 -11 -12 -13 -14 -15 -16
leaf_value=0.029195323424494785 0.10823816241894341 -0.0041769453410345778 -0.36901841310163341 0.28953495724843098 -0.22088155555317091 0.41940027409129677 -0.26227767165156379 -0.088915238363094298 0.42341369086123531 -0.038350463972279904 -0.075950803160667435 0.011424494177942545 0.22293234164581488 0.31095083467662338 -0.057810623892422378
leaf_weight=133 814 125 55 21 415 31 64 154 42 71 20 66 33 27 24
leaf_count=133 814 125 55 21 415 31 64 154 42 71 20 66 33 27 24
internal_value=9.84809e-05 0.0657489 -0.0554711 -0.111587 -0.162067 -0.00323543 -0.0693971 0.098217 0.126129 -0.191647 0.234815 -0.189113 -0.0292505 0.0596014 0.116028
internal_weight=2095 1321 278 774 526 248 197 1043 856 126 51 481 187 152 45
internal_count=2095 1321 278 774 526 248 197 1043 856 126 51 481 187 152 45
is_linear=0
shrinkage=0.05


Tree=27
num_leaves=15
num_cat=0
split_feature=89 89 16 113 89 90 29 58 77 26 18 99 56 64
split_gain=5645.25 1583.22 1662.05 1469.77 1350.74 1341.76 1180.51 1303.55 1178.4 1130.33 1276.1 1076.57 1006.88 828.538
threshold=5.5000000000000009 -7.4999999999999991 8.0000000000000036 51.500000000000007 20.500000000000004 -0.17433862433862427 -0.10846356488764285 0.18834096786255641 0.090656574815511717 -0.1297267594685157 0.33447793871164327 -0.4338041899957264 0.052901204520215593 0.30839160839160856
decision_type=10 8 8 8 10 8 8 8 10 8 10 10 10 10
left_child=1 6 5 -4 9 -3 -1 -8 13 11 -11 -2 -10 -6
right_child=4 2 3 -5 8 -7 7 -9 12 10 -12 -13 -14 -15
leaf_value=0.076408846176822087 0.069486752587060135 -0.13945616159973473 0.16803687991517965 -0.19547718912717843 0.38940487698731352 0.053191865300235945 -0.28822473015157823 -0.061490711507697908 -0.20813672276282752 0.11189245435645422 -0.040345036492191177 -0.26467091485857969 0.21270321496490699 0.0219755077958107
leaf_weight=39 43 111 28 205 77 404 178 103 22 622 173 45 25 20
leaf_count=39 43 111 28 205 77 404 178 103 22 622 173 45 25 20
internal_value=0.000175426 -0.080103 -0.0396765 -0.148971 0.0836909 0.0106318 -0.172382 -0.207819 0.223436 0.0597151 0.0786564 -0.105894 0.0136809 0.318927
internal_weight=2095 1068 748 233 1027 515 320 281 144 883 795 88 47 97
internal_count=2095 1068 748 233 1027 515 320 281 144 883 795 88 47 97
is_linear=0
shrinkage=0.05


Tree=28
num_leaves=15
num_cat=0
split_feature=89 89 64 84 65 59 89 48 112 28 10 10 13 23
split_gain=5109.33 2343.1 1596.13 1544.9 1971.56 1375.99 1222.5 1187.32 1321.79 1315.74 1121.46 1548.44 1317.81 382.544
threshold=11.500000000000002 -6.4999999999999991 -1.3229166666666659 -0.005404561758041381 0.11065141616078715 0.012871438823640348 16.500000000000004 0.047593373389515498 11.240384615384617 254.54999999999998 -0.024081767107704776 -0.0041352672225261197 -0.49285714285714294 -0.01098451856523752
decision_type=10 8 8 10 10 8 10 10 8 10 8 8 10 10
left_child=1 10 5 6 -5 -2 -4 9 -9 -3 12 -12 -1 -7
right_child=2 7 3 4 -6 13 -8 8 -10 -11 11 -13 -14 -15
leaf_value=0.018909827562478873 0.56488527365632968 -0.027107579666359894 0.096283457917161294 -0.13862405995360944 0.12455786674120334 -0.026919407168259992 0.3550557307804687 0.21853264134678274 0.0066204195409042422 -0.27148306260506316 0.12168071769898939 -0.15769043105509231 -0.4328105239377868 0.25496349215507508
leaf_weight=21 32 707 123 114 172 21 74 94 290 55 57 258 57 20
leaf_count=21 32 707 123 114 172 21 74 94 290 55 57 258 57 20
internal_value=0.000155382 -0.0467764 0.12941 0.0942094 0.018902 0.340704 0.200117 -0.0103839 0.0607654 -0.0464662 -0.151309 -0.10587 -0.316778 0.122265
internal_weight=2095 1539 556 483 286 73 197 1146 384 762 393 315 78 41
internal_count=2095 1539 556 483 286 73 197 1146 384 762 393 315 78 41
is_linear=0
shrinkage=0.05


Tree=29
num_leaves=16
num_cat=0
split_feature=86 79 17 79 11 98 57 16 102 48 90 13 16 24 62
split_gain=2783.76 2297.27 2103.15 1889.89 1857.02 1737.49 1645.55 1967.36 1589.67 1503 1489.04 1471.96 1256.62 1255.71 680.802
threshold=0.032662844210463289 -0.0022471491247415538 7.8720862470862469 0.059425053497155517 0.008481347291711851 -0.78573338710037322 -0.26459320386250812 -5.1666666666666652 0.12100147539538078 0.015575610056874299 0.027777777777777821 -1.0024999999999997 1.1999999999999995 -0.047517761588096612 -1.7137924768030641
decision_type=10 8 10 10 10 10 8 10 10 10 8 10 10 8 10
left_child=1 5 3 4 -2 10 7 -3 9 -4 -1 -7 -5 -8 -10
right_child=2 6 8 12 -6 11 13 -9 14 -11 -12 -13 -14 -15 -16
leaf_value=-0.17595593112794794 -0.082888986889440991 0.55946277520404419 0.055411830656933336 0.32681530049868995 -0.29338038880886924 -0.06646492965519428 0.26145477999340405 -0.0032676594028639241 -0.35616066478765929 0.45302040660753851 0.096171029832789579 0.19558578689303019 -0.11096603646874428 -0.054457945641711109 0.016216378659009933
leaf_weight=80 261 21 101 30 178 59 28 38 21 27 118 398 27 686 22
leaf_count=80 261 21 101 30 178 59 28 38 21 27 118 398 27 686 22
internal_value=0.000234144 0.0396324 -0.0837076 -0.135528 -0.170692 0.108167 -0.0186978 0.224305 0.0658976 0.153536 -0.0151587 0.161293 0.126413 -0.0402676 -0.182757
internal_weight=2095 1428 667 496 439 655 773 59 171 128 198 457 57 714 43
internal_count=2095 1428 667 496 439 655 773 59 171 128 198 457 57 714 43
is_linear=0
shrinkage=0.05


Tree=30
num_leaves=15
num_cat=0
split_feature=89 80 86 10 5 29 67 87 87 27 36 58 99 108
split_gain=4513.4 1695.28 1619.89 1420.4 1595.01 1549.98 1388.98 1186.11 2314.98 1165.98 1255.94 1048.23 1025.86 780.912
threshold=2.5000000000000004 -0.017177434482922152 0.037241785991785993 -0.024081767107704776 -0.087037991732358919 -0.17319319940482572 -0.034703651130746624 123.41666666666676 221.8333333333334 -0.064951714951714951 0.022221210752482779 0.012692449614405634 0.7895534455285883 -2.0624837552507711
decision_type=8 8 10 8 8 8 10 10 10 10 10 8 8 10
left_child=1 9 7 5 -5 -3 13 12 -9 -1 -11 -8 -2 -4
right_child=2 3 6 4 -6 -7 11 8 -10 10 -12 -13 -14 -15
leaf_value=0.27717485808852044 -0.015357770986833372 0.088773332192347607 0.31185665790523803 0.088699758775753548 -0.13304850662122797 -0.36265790459600472 -0.025877662580197965 0.30899574296122112 0.046792725426846836 -0.15177279702374635 0.21430113903113776 -0.25434879025927298 0.10505021358712939 -0.018437540978193286
leaf_weight=39 339 21 30 96 424 98 137 145 198 66 30 76 361 35
leaf_count=39 339 21 30 96 424 98 137 145 198 66 30 76 361 35
internal_value=0.000318936 -0.095179 0.0564587 -0.12906 -0.0915603 -0.282223 -0.0499979 0.0849843 0.160627 0.0637169 -0.0319339 -0.111591 0.0469721 0.144678
internal_weight=2095 774 1321 639 520 119 278 1043 343 135 96 213 700 65
internal_count=2095 774 1321 639 520 119 278 1043 343 135 96 213 700 65
is_linear=0
shrinkage=0.05


Tree=31
num_leaves=14
num_cat=0
split_feature=89 89 36 64 7 114 86 109 29 63 101 41 59
split_gain=4146.29 1913.62 1435.49 1430.2 1318.77 1135.07 1482.4 1384.34 1020.19 1191.74 1189.76 866.961 691.783
threshold=11.500000000000002 -6.4999999999999991 0.049969719840947939 -1.3333333333333328 -0.34715711697936052 1849.7500000000002 0.012760040885040904 0.16359523210961083 0.030575517409791548 1.0833333333333333 -0.089680173955148171 -0.099107142857142824 0.012871438823640348
decision_type=10 8 10 8 10 10 8 10 8 10 10 8 8
left_child=1 8 3 12 -5 7 -7 -3 10 -10 -1 -4 -2
right_child=2 5 11 4 -6 6 -8 -9 9 -11 -12 -13 -14
leaf_value=0.20203579879950648 0.51876619815826419 0.059872859987842808 -0.34789937400817872 0.29611160226843575 0.066631820528830085 0.023156588176886244 -0.26472625245805831 -0.061471560126717784 -0.13397491705198974 -0.40332467402848932 -0.12005413898894952 0.045899560959900131 0.16418031594250351
leaf_weight=38 30 591 20 72 370 85 87 383 225 49 81 29 35
leaf_count=38 30 591 20 72 370 85 87 383 225 49 81 29 35
internal_value=0.000360149 -0.041916 0.1168 0.141917 0.107019 -0.00902473 -0.125541 0.012036 -0.136384 -0.188687 -0.0127993 -0.131239 0.353915
internal_weight=2095 1539 556 507 442 1146 172 974 393 274 119 49 65
internal_count=2095 1539 556 507 442 1146 172 974 393 274 119 49 65
is_linear=0
shrinkage=0.05


Tree=32
num_leaves=14
num_cat=0
split_feature=89 39 116 53 61 16 105 44 100 91 22 91 66
split_gain=3816.06 1635.33 1305.31 1432.1 1273.43 1269.6 1851.61 1482.78 1299.12 1160.91 1090.77 928.087 902.121
threshold=5.5000000000000009 1.7197569287291985 -1.0000000180025095e-35 -0.14698684412689456 3.7159743626912438 8.0000000000000036 -0.69615384615384601 0.17804232804232809 0.10953583501811541 0.66574074074074086 -0.013888888888889004 0.023620129870129822 0.036733653778617363
decision_type=10 10 8 8 10 10 2 10 10 8 10 8 10
left_child=5 2 4 -4 -2 6 -1 -8 12 10 -3 -10 -7
right_child=1 9 3 -5 -6 8 7 -9 11 -11 -12 -13 -14
leaf_value=-0.41028557582758368 0.073004298568355233 -0.45981221552938223 -0.12221828442724313 0.079653620573836167 0.2379034640868064 -0.12620057174935936 -0.042621432603801919 0.19637178373063957 -0.12340366406874224 0.086418691008936538 -0.038424098693035751 -0.47747222684482316 0.20359843402355909
leaf_weight=27 276 27 114 331 209 123 751 66 39 38 32 42 20
leaf_count=27 276 27 114 331 209 123 751 66 39 38 32 42 20
internal_value=0.000348713 0.069017 0.0895136 0.0270436 0.145868 -0.0656507 -0.0369948 -0.0221769 -0.170239 -0.121762 -0.252901 -0.324662 -0.074417
internal_weight=2095 1027 930 445 485 1068 844 817 224 97 59 81 143
internal_count=2095 1027 930 445 485 1068 844 817 224 97 59 81 143
is_linear=0
shrinkage=0.05


Tree=33
num_leaves=13
num_cat=0
split_feature=89 89 36 64 75 48 46 18 56 59 41 59
split_gain=3516.56 1645.48 1306.8 1286.35 1199.64 1042.65 1436.51 1264.89 966.897 853.949 778.208 632.309
threshold=11.500000000000002 -6.4999999999999991 0.049969719840947939 -1.3333333333333328 0.2721946959694227 0.047593373389515498 0.58333332886298506 0.12888627623518309 -0.6977451667189597 0.22043434579179372 -0.099107142857142824 0.012871438823640348
decision_type=10 8 10 8 10 10 10 10 8 10 8 8
left_child=1 8 3 11 -5 6 -3 -7 -1 -10 -4 -2
right_child=2 5 10 4 -6 7 -8 -9 9 -11 -12 -13
leaf_value=-0.39325984809547665 0.48962696756635399 -0.026149243041422545 -0.33416358149051667 0.075262982084005378 0.40561524050931141 0.14444849774767599 -0.34199464595631551 -0.035154084167198132 -0.12828289794519662 0.10606796489821541 0.039341550364213829 0.15203570615500214
leaf_weight=27 30 729 20 417 25 199 33 185 326 40 29 35
leaf_count=27 30 729 20 417 25 199 33 185 326 40 29 35
internal_value=0.000217767 -0.0387137 0.107453 0.131441 0.098388 -0.00821123 -0.042033 0.058453 -0.126314 -0.101452 -0.129009 0.332405
internal_weight=2095 1539 556 507 442 1146 762 384 393 366 49 65
internal_count=2095 1539 556 507 442 1146 762 384 393 366 49 65
is_linear=0
shrinkage=0.05


Tree=34
num_leaves=14
num_cat=0
split_feature=89 80 80 29 86 66 55 74 51 60 27 36 16
split_gain=3221.24 1464.25 1357.72 1376.16 1287.37 1524 1253.45 1081.32 1509.63 1390.66 1048.13 1143.9 989.658
threshold=2.5000000000000004 -0.017177434482922152 0.070841152453795089 0.0359269566833973 0.037241785991785993 -0.00093156499085376976 0.093075768323615207 0.24238086791592653 -3.5831440188667982 0.12319772912721551 -0.064951714951714951 0.022221210752482779 6.9999999999999991
decision_type=8 8 10 10 10 10 8 10 8 10 10 10 10
left_child=1 10 3 -3 7 12 -7 8 -2 -9 -1 -12 -6
right_child=4 2 -4 -5 5 6 -8 9 -10 -11 11 -13 -14
leaf_value=0.2693316560577263 0.18336150032893714 -0.066531386697209205 0.18514820111764443 -0.22124752100861197 0.13745487133008347 -0.34101803186039131 -0.027596998528430339 0.27311196670315607 0.0068215395072385235 0.049367725519283166 -0.13858945436880624 0.21070040055683684 -0.13378593291466434
leaf_weight=39 146 367 32 240 109 55 71 130 617 150 66 30 43
leaf_count=39 146 367 32 240 109 55 71 130 617 150 66 30 43
internal_value=0.00022514 -0.0804488 -0.111964 -0.129094 0.0476564 -0.0472096 -0.172584 0.0730942 0.0416414 0.156393 0.0670375 -0.0239142 0.0585868
internal_weight=2095 774 639 607 1321 278 126 1043 763 280 135 96 152
internal_count=2095 774 639 607 1321 278 126 1043 763 280 135 96 152
is_linear=0
shrinkage=0.05


Tree=35
num_leaves=13
num_cat=0
split_feature=83 58 104 100 9 17 98 22 46 74 51 42
split_gain=1835.52 1859.76 1678.23 1513.28 1736.6 1419.99 1560.51 1306.71 1247.58 1205.43 1670.79 938.72
threshold=-0.020652873011735764 0.01412358788074926 -2309.8999999999996 -0.012534410014955475 0.99066951566951567 9.0069444444444446 -2.8899248713401815 -0.29027777777777775 0.1333333313465119 0.57712281122803699 6.7068601654033477 -0.16666666666666669
decision_type=8 8 10 10 10 10 10 10 8 10 8 8
left_child=2 3 -1 4 -2 6 -4 -5 -7 11 -11 -3
right_child=1 9 5 7 -6 8 -8 -9 -10 10 -12 -13
leaf_value=-0.39521507079134116 0.21511645457569389 -0.17403050883725849 0.088716294573476684 0.29594534329465921 -0.16908487234922018 -0.029474505512364982 -0.12854962340696791 -0.021030397346215465 0.27149835103673153 0.30385816569129626 -0.18942706489562988 -0.013148495906188324
leaf_weight=32 276 101 99 32 29 82 412 263 53 55 20 641
leaf_count=32 276 101 99 32 29 82 412 263 53 55 20 641
internal_value=0.000261089 0.0326423 -0.067085 0.0991119 0.176287 -0.0478434 -0.0859083 0.0175461 0.0938044 -0.0164177 0.168073 -0.0361327
internal_weight=2095 1417 678 600 305 646 511 295 135 817 75 742
internal_count=2095 1417 678 600 305 646 511 295 135 817 75 742
is_linear=0
shrinkage=0.05


Tree=36
num_leaves=14
num_cat=0
split_feature=89 89 36 64 7 108 102 12 20 44 79 3 114
split_gain=2858.04 1306.44 1199.44 1175.03 1221.61 1109.11 1234.2 958.586 1451.03 968.638 761.617 735.617 592.05
threshold=11.500000000000002 -6.4999999999999991 0.049969719840947939 -1.3333333333333328 -0.34715711697936052 -3.0531887412071224 -0.089376282513330796 -0.9083333333333331 -0.06322786146922714 0.22255291005291009 -0.02165757492184639 -0.18589360204835728 940.95000000000016
decision_type=10 8 10 8 10 8 10 8 8 10 10 10 10
left_child=1 7 3 12 -5 11 -7 8 -1 -9 -4 -3 -2
right_child=2 5 10 4 -6 6 -8 9 -10 -11 -12 -13 -14
leaf_value=-0.18474850860925823 0.16193245762716169 -0.12717864765570716 0.072978222370147713 0.27015132888087207 0.049812772723038995 -0.086802213100923439 0.023899795686472276 -0.16254301639161556 0.33196926299354129 0.15982066667996919 -0.2928339409251367 0.17029832593436028 0.49414380506194872
leaf_weight=21 41 21 23 72 370 454 553 327 24 21 26 118 24
leaf_count=21 41 21 23 72 370 454 553 327 24 21 26 118 24
internal_value=0.000249841 -0.0348455 0.096927 0.119942 0.0884372 -0.0076595 -0.0261424 -0.112903 0.0954729 -0.14096 -0.129342 0.122153 0.311844
internal_weight=2095 1539 556 507 442 1146 1007 393 45 348 49 139 65
internal_count=2095 1539 556 507 442 1146 1007 393 45 348 49 139 65
is_linear=0
shrinkage=0.05


Tree=37
num_leaves=14
num_cat=0
split_feature=89 39 16 105 100 116 32 53 91 86 37 22 91
split_gain=2601.93 1474.09 1173.34 1672.85 1140.71 1126.94 1481.36 1275.56 1056.29 1052.59 1001.88 981.684 847.885
threshold=5.5000000000000009 1.7197569287291985 8.0000000000000036 -0.69615384615384601 0.10953583501811541 -1.0000000180025095e-35 8.6048724850755143 -0.14698684412689456 0.66574074074074086 -0.050284900284900284 -0.13976918526339255 -0.013888888888889004 0.023620129870129822
decision_type=10 10 10 2 10 8 10 8 8 8 10 10 8
left_child=2 5 3 -1 10 6 -2 -7 11 -5 -4 -3 -6
right_child=1 8 4 9 12 7 -8 -9 -10 -11 -12 -13 -14
leaf_value=-0.38138866035878893 0.10445515834937601 -0.44532879507169132 0.17680706833215321 0.12844039644441455 -0.1085351869125258 -0.12218148203516779 0.46068911827169362 0.068308848196232119 0.0752743614339378 -0.03517228314329101 -0.13181990712505429 -0.043950548002848755 -0.44489720682514478
leaf_weight=27 458 27 29 109 39 114 27 331 38 708 114 32 42
leaf_count=27 458 27 29 109 39 114 27 331 38 708 114 32 42
internal_value=0.000345789 0.0570514 -0.0541481 -0.0266667 -0.154633 0.0765422 0.128887 0.0185826 -0.123921 -0.0126346 -0.0650347 -0.248855 -0.299253
internal_weight=2095 1027 1068 844 224 930 485 445 97 817 143 59 81
internal_count=2095 1027 1068 844 224 930 485 445 97 817 143 59 81
is_linear=0
shrinkage=0.05


Tree=38
num_leaves=11
num_cat=0
split_feature=89 12 7 60 31 6 84 76 37 11
split_gain=2435 1205.02 1231.42 1196.59 1183.78 1172.69 1146.69 1132.12 1055.6 564.919
threshold=11.500000000000002 2.4083333333333337 -0.28635896772417857 -0.21484673891047182 23.528995590026661 -0.36233460903167719 0.0089760720729827621 0.1431547651688258 -0.040278004050152687 0.0078270739680482166
decision_type=10 10 8 8 10 8 10 10 8 10
left_child=1 2 5 -4 6 -1 8 -8 -2 -6
right_child=4 -3 3 -5 9 -7 7 -9 -10 -11
leaf_value=-0.060260678779694349 0.30431617059417676 0.27165883722482248 -0.1805629780785622 -0.0319862478490298 0.42869228579931795 0.37171870989458905 -0.065444893823587341 0.15022654980421069 0.069999771083521234 0.071945743203163146
leaf_weight=26 69 27 147 1309 31 30 203 81 152 20
leaf_count=26 69 27 147 1309 31 30 203 81 152 20
internal_value=0.000241679 -0.0321505 -0.0384861 -0.0475876 0.0894793 0.181837 0.0644437 -0.0022251 0.148493 0.308599
internal_weight=2095 1539 1512 1456 556 56 505 284 221 51
internal_count=2095 1539 1512 1456 556 56 505 284 221 51
is_linear=0
shrinkage=0.05


Tree=39
num_leaves=12
num_cat=0
split_feature=89 11 101 26 17 72 92 92 95 52 20
split_gain=2275.66 1359.48 1446.98 1778.6 1335.31 1071.89 1153.91 1591.23 1397.29 905.182 855.632
threshold=-2.4999999999999996 -0.042920675660489675 -0.1688984033995353 0.058859658241271963 7.8720862470862469 -22.966666666666661 -0.06541005291005296 0.224404761904762 -0.068975212564819685 0.049417989417989423 -0.050837756731571253
decision_type=8 8 8 10 8 8 10 10 8 10 10
left_child=1 10 3 -3 -4 9 8 -8 -7 -2 -1
right_child=5 2 4 -5 -6 6 7 -9 -10 -11 -12
leaf_value=-0.085798086943449814 0 0.15401686273870016 -0.21936395350281362 -0.155685029762337 -0.029075538482517007 -0.20508045424632304 0.13205012744971933 -0.028337873974624946 0.0080143847951598193 0.40050914606286425 0.28567302048206333
leaf_weight=22 23 100 260 78 145 82 420 240 659 31 35
leaf_count=22 23 100 260 78 145 82 420 240 659 31 35
internal_value=0.000390345 -0.0778023 -0.100838 0.0174859 -0.152543 0.0349673 0.026037 0.0738775 -0.0167164 0.243968 0.146135
internal_weight=2095 640 583 178 405 1455 1401 660 741 54 57
internal_count=2095 640 583 178 405 1455 1401 660 741 54 57
is_linear=0
shrinkage=0.05


Tree=40
num_leaves=14
num_cat=0
split_feature=80 56 99 16 99 32 74 69 54 77 6 9 59
split_gain=1624.18 1781.53 1474.49 1339.57 1314.18 1192.71 1140.97 1099.55 1065.66 865.086 807.401 578.345 318.082
threshold=-0.010796098969876764 -0.6977451667189597 -1.3728610136053339 9.1833333333333353 -1.9804967171306818 8.6048724850755143 0.37783994851633912 0.0050896404767049258 -0.056458543365200363 0.0062152532239755373 0.21294511109590533 -0.14615199615199612 0.064737263014022689
decision_type=8 8 10 10 8 10 10 10 10 10 8 10 8
left_child=2 7 9 4 -3 8 -5 12 -4 10 -1 -11 -2
right_child=1 3 5 6 -6 -7 -8 -9 -10 11 -12 -13 -14
leaf_value=-0.09391928915484031 -0.20280216490993133 0.17040485160218344 0.0075594027027640334 -0.18446442755041542 -0.013204481533878935 0.3747276016407543 0.09286967501975596 -0.00056768501627034158 0.14512812519486215 -0.058955088364226485 0.23035609974925009 -0.42151435842880841 -0.56037962973117839
leaf_weight=56 21 103 288 177 992 31 43 24 273 23 23 21 20
leaf_count=56 21 103 288 177 992 31 43 24 273 23 23 21 20
internal_value=0.000398457 -0.0312453 0.0613354 -0.0180499 0.00471714 0.0940548 -0.129177 -0.277126 0.0752836 -0.0932752 0.00798684 -0.25837 -0.420268
internal_weight=2095 1380 715 1315 1095 592 220 65 561 123 79 44 41
internal_count=2095 1380 715 1315 1095 592 220 65 561 123 79 44 41
is_linear=0
shrinkage=0.05


Tree=41
num_leaves=9
num_cat=0
split_feature=12 80 56 16 99 69 83 96
split_gain=1660.22 1568.58 1660.18 1272.21 1234.39 1101.92 1033.52 865.634
threshold=2.4083333333333337 -0.010796098969876764 -0.6977451667189597 8.0000000000000036 -1.3728610136053339 0.0050896404767049258 0.020104270428419117 -2.2624998986721034
decision_type=10 8 8 10 10 10 10 10
left_child=1 4 5 -4 7 -3 -6 -1
right_child=-2 2 3 -5 6 -7 -8 -9
leaf_value=-0.2952573548588488 0.31938435077667238 -0.4222797309607268 -0.00077230744711578566 -0.1285391194870594 0.0054586358894143372 -0.00054419703524688197 0.14049521240427396 -0.0043212418964034636
leaf_weight=31 35 40 1059 234 243 24 339 90
leaf_count=31 35 40 1059 234 243 24 339 90
internal_value=0.000313682 -0.00584341 -0.0372327 -0.0243394 0.0545117 -0.276353 0.0847259 -0.0880141
internal_weight=2095 2060 1357 1293 703 64 582 121
internal_count=2095 2060 1357 1293 703 64 582 121
is_linear=0
shrinkage=0.05


Tree=42
num_leaves=13
num_cat=0
split_feature=89 11 101 17 55 86 114 9 46 94 23 75
split_gain=1923.67 1209.48 1297.27 1212.35 1197.09 1149.14 1360.41 1205.43 1380.52 1238.95 1139.75 778.491
threshold=-2.4999999999999996 -0.042920675660489675 -0.1688984033995353 7.8720862470862469 -0.16783441035076974 0.037241785991785993 2145.5500000000006 0.77053872053872052 -0.45000000149011604 1.2916666666666645 0.049722108058631427 0.031944448749224398
decision_type=8 8 8 8 8 10 10 8 10 10 10 10
left_child=1 11 4 -4 -3 7 10 8 -2 -9 -7 -1
right_child=5 2 3 -5 -6 6 -8 9 -10 -11 -12 -13
leaf_value=0.30623709559440615 -0.068420740159658294 0.19822382869259003 -0.20600437292231707 -0.024800831151505314 -0.070137824236400553 -0.055950389509653732 -0.36001662425696851 0.021075537136585193 0.11877914289274619 -0.22707845135281485 0.21627137502034507 -0.041358810312607713
leaf_weight=28 112 57 260 145 121 259 27 306 656 55 40 29
leaf_count=28 112 57 260 145 121 259 27 306 656 55 40 29
internal_value=0.000247239 -0.0716421 -0.0933823 -0.142345 0.018593 0.03204 -0.0500279 0.0558973 0.0911485 -0.0191809 -0.0164102 0.13951
internal_weight=2095 640 583 405 178 1455 326 1129 768 361 299 57
internal_count=2095 640 583 405 178 1455 326 1129 768 361 299 57
is_linear=0
shrinkage=0.05


Tree=43
num_leaves=13
num_cat=0
split_feature=89 91 58 100 14 105 1 21 76 115 65 51
split_gain=1787.26 1163.39 1806.37 1251.14 1116.51 1114.99 1104.23 1708.99 1451.25 1014.15 944.479 732.247
threshold=11.500000000000002 0.22222222222222229 0.027092071676937241 1.0000000180025095e-35 0.14434523809523817 -0.69615384615384601 -1.4166666666666663 -0.28472222222222215 -0.10009921342134474 0.44949494949494956 0.086969127102444588 1.0630951438631338
decision_type=10 10 10 8 10 2 10 8 8 2 10 8
left_child=5 2 3 -2 -4 11 8 -8 -7 -3 -11 -1
right_child=1 9 4 -5 -6 6 7 -9 -10 10 -12 -13
leaf_value=-0.42924405229943141 0.28046002058811442 0.22874424123764037 -0.1941527130855964 0.07890819456492891 0.09814058263983691 0.06360786205112208 0.20496957049601608 -0.0083029531506271254 -0.10746068069729342 -0.28342027971893552 0.015958108689825414 -0.047709574814765683
leaf_weight=23 148 20 60 168 61 159 103 716 512 45 54 26
leaf_count=23 148 20 60 168 61 159 103 716 512 45 54 26
internal_value=0.000207117 0.0766631 0.114183 0.17636 -0.0483543 -0.0275408 -0.019348 0.0195392 -0.0666797 -0.0597652 -0.126726 -0.250886
internal_weight=2095 556 437 316 121 1539 1490 819 671 119 99 49
internal_count=2095 556 437 316 121 1539 1490 819 671 119 99 49
is_linear=0
shrinkage=0.05


Tree=44
num_leaves=14
num_cat=0
split_feature=89 80 95 47 99 86 114 9 100 29 25 54 85
split_gain=1668.04 1146.39 1111.37 1790.94 1467.42 1026.57 1249.61 1050.6 1263.43 1158.78 1012.8 762.488 496.043
threshold=-2.4999999999999996 -0.017177434482922152 -0.0056188189607949751 0.27553872202682989 -1.3645105969202609 0.037241785991785993 2145.5500000000006 0.77053872053872052 0.0046164773404598026 0.064632280031219139 -0.18880333254734674 -0.037720628082752221 -0.055645574877659469
decision_type=8 8 10 10 10 10 10 8 10 8 10 10 10
left_child=1 11 3 -3 -4 7 10 8 -2 -9 -7 12 -1
right_child=5 2 4 -5 -6 6 -8 9 -10 -11 -12 -13 -14
leaf_value=-0.18372154725449427 0.14527446057674659 -0.082189648441327645 -0.0039991988221535811 0.26210901605528453 -0.29109046012163164 -0.27287996130831099 -0.34486615005880594 -0.17609765182926573 0.016738363823850896 0.031636291436107286 0.016371959212659434 0.26005378085642289 0.0790941412113607
leaf_weight=23 406 308 69 38 123 29 27 83 362 278 270 34 45
leaf_count=23 406 308 69 38 123 29 27 83 362 278 270 34 45
internal_value=0.000184915 -0.066756 -0.0958751 -0.041039 -0.190891 0.0297917 -0.0477684 0.0523433 0.0852533 -0.0177419 -0.0155448 0.0836692 -0.0156095
internal_weight=2095 640 538 346 192 1455 326 1129 768 361 299 102 68
internal_count=2095 640 538 346 192 1455 326 1129 768 361 299 102 68
is_linear=0
shrinkage=0.05


Tree=45
num_leaves=9
num_cat=0
split_feature=12 29 62 108 90 33 72 87
split_gain=1495.5 1142.35 1456.67 1731.07 1373.6 1229.96 1011.47 919.942
threshold=2.4083333333333337 -0.21489094942808148 -1.4620349059502284 0.64038436611493432 -0.149537037037037 -14.762068104073364 3.6666666666666665 -29.999999999999996
decision_type=10 8 8 8 8 10 10 10
left_child=1 5 4 -4 -3 7 -7 -1
right_child=-2 2 3 -5 -6 6 -8 -9
leaf_value=0.073229492199607199 0.30294052268378441 -0.19783936804583804 0.092889869361818866 -0.033790439701984198 -0.035122689043066611 -0.035165258039151569 0.19542562599693025 0.53343816518783571
leaf_weight=23 35 171 434 694 509 144 65 20
leaf_count=23 35 171 434 694 509 144 65 20
internal_value=0.000109769 -0.00573225 -0.0197262 0.0151007 -0.0772595 0.0929049 0.0392064 0.321591
internal_weight=2095 2060 1808 1128 680 252 209 43
internal_count=2095 2060 1808 1128 680 252 209 43
is_linear=0
shrinkage=0.05


Tree=46
num_leaves=11
num_cat=0
split_feature=89 75 100 58 37 7 6 56 49 15
split_gain=1494.89 1060.51 1017.61 1224.73 1123.25 987.071 1046.68 968.249 1444.77 1052.85
threshold=11.500000000000002 0.2721946959694227 1.0000000180025095e-35 0.087410444983591642 -0.13976918526339255 -0.28635896772417857 -0.36233460903167719 0.0088185047109921883 0.27508526761084801 16.833333333333339
decision_type=10 10 10 10 10 8 8 10 10 10
left_child=5 2 3 -2 -4 6 -1 9 -9 -7
right_child=1 -3 4 -5 -6 7 -8 8 -10 -11
leaf_value=-0.056636033808031394 0.15566304011818244 0.32605046531871751 0.16959912696922269 -0.10089509975293587 -0.091159073635935783 -0.044699639194427612 0.35143596572535385 0.051106072016812956 -0.20947689486977958 -0.21680633952841163
leaf_weight=26 250 33 49 53 171 869 30 464 55 95
leaf_count=26 250 33 49 53 171 869 30 464 55 95
internal_value=0.000210948 0.0701362 0.0509593 0.109715 -0.0303806 -0.0251641 0.172042 -0.0331976 0.0216606 -0.0627432
internal_weight=2095 556 523 303 220 1539 56 1483 519 964
internal_count=2095 556 523 303 220 1539 56 1483 519 964
is_linear=0
shrinkage=0.05


Tree=47
num_leaves=13
num_cat=0
split_feature=89 93 11 93 90 62 84 38 74 113 48 29
split_gain=1403.41 1091.75 1507.37 1018.29 957.602 1370.7 1359.02 1100.52 1092.26 1020.65 854.592 681.959
threshold=-2.4999999999999996 10.41666666666667 -0.036321145649297504 2.8333333333333326 -0.20393518518518522 -2.2082699537277217 -0.059958099077145242 -2.7108536850816254 0.097832038998603835 70.500000000000014 0.021879725158214573 0.0359269566833973
decision_type=8 10 8 10 8 10 10 8 10 8 10 8
left_child=1 2 11 -4 5 6 -2 8 -6 -7 -9 -1
right_child=4 -3 3 -5 7 9 -8 10 -10 -11 -12 -13
leaf_value=0.3105398224666715 0.049866791315857445 0.19987646644248774 -0.068573726326187495 -0.23804121460603633 0.083176000315595328 0.19010758412707796 -0.3813123830927993 0.0020305142337801278 0.44631878775544465 -0.077012895043784141 0.096455541810249554 0.0011651902904976968
leaf_weight=27 26 33 429 110 69 52 48 805 27 91 337 41
leaf_count=27 26 33 429 110 69 52 48 805 27 91 337 41
internal_value=0.000237804 -0.0611621 -0.0769524 -0.105121 0.0273965 -0.0683369 -0.235616 0.0444246 0.202844 0.022925 0.0302376 0.137546
internal_weight=2095 640 607 539 1455 217 74 1238 96 143 1142 68
internal_count=2095 640 607 539 1455 217 74 1238 96 143 1142 68
is_linear=0
shrinkage=0.05


Tree=48
num_leaves=9
num_cat=0
split_feature=12 89 34 86 5 56 40 104
split_gain=1357.77 1446.61 974.806 999.077 953.076 1479.92 905.242 399.312
threshold=2.4083333333333337 -2.4999999999999996 -21.513540394307189 0.012760040885040904 -0.087037991732358919 -0.60035558976232994 0.79166666666666685 -704.69999999999993
decision_type=10 8 8 10 8 8 8 10
left_child=1 4 7 -4 6 -6 -1 -3
right_child=-2 2 3 -5 5 -7 -8 -9
leaf_value=0.18222796160783342 0.28885265776887536 0.38698184192180635 0.043765882625552401 -0.046645370185507962 -0.3707612669338351 -0.07108993393560703 -0.077212576896828769 0.063797219753265383
leaf_weight=62 35 20 951 444 41 459 63 20
leaf_count=62 35 20 951 444 41 459 63 20
internal_value=0.000303841 -0.005262 0.0223721 0.0148903 -0.0684634 -0.0991896 0.0531448 0.251544
internal_weight=2095 2060 1435 1395 625 500 125 40
internal_count=2095 2060 1435 1395 625 500 125 40
is_linear=0
shrinkage=0.05


Tree=49
num_leaves=9
num_cat=0
split_feature=12 89 80 32 34 94 61 104
split_gain=1241.14 1312.15 1100.44 1157.8 899.917 971.629 645.442 367.62
threshold=2.4083333333333337 -2.4999999999999996 -0.017177434482922152 -2.0707084140415284 -21.513540394307189 12.083333333333334 -4.9837543699476425 -704.69999999999993
decision_type=10 8 8 10 8 10 10 10
left_child=1 2 6 -4 7 -6 -1 -3
right_child=-2 4 3 -5 5 -7 -8 -9
leaf_value=-0.087831690946691909 0.27621535383164886 0.37150256520509722 -0.030632252318742937 -0.18128210112687437 0.021777902277168696 -0.21185426300634511 0.16886226729386383 0.06124532890319824
leaf_weight=33 35 20 308 217 1354 41 67 20
leaf_count=33 35 20 308 217 1354 41 67 20
internal_value=0.000336258 -0.00498425 -0.0651778 -0.094118 0.021333 0.0141435 0.0835284 0.241527
internal_weight=2095 2060 625 525 1435 1395 100 40
internal_count=2095 2060 625 525 1435 1395 100 40
is_linear=0
shrinkage=0.05


Tree=50
num_leaves=13
num_cat=0
split_feature=89 84 65 66 37 105 1 53 33 100 50 76
split_gain=1189.77 1422.97 1220.08 1546.53 990.339 962.78 989.917 1469.29 1200.67 937.715 671.82 655.808
threshold=12.500000000000002 0.0089760720729827621 0.11065141616078715 0.0064232217553402702 0.12322237487701899 -0.69615384615384601 -1.4166666666666663 -1.1329337336122987 25.07998756083057 -1.3331547076981034 1.0303571701049796 0.19365078955888751
decision_type=10 8 8 10 10 2 10 10 10 8 8 10
left_child=5 4 3 -3 11 10 8 -8 -7 -4 -1 -2
right_child=1 2 9 -5 -6 6 7 -9 -10 -11 -12 -13
leaf_value=-0.39877926494394034 0.29193476168197935 0.035108617418087448 -0.21344191151169631 -0.34025464600750377 -0.04018515775068885 -0.040876803975026466 0.1622414631666165 -0.0078126794799490279 -0.32726422341970296 0.10645858372010074 -0.035760407897854049 -0.0076497984333680231
leaf_weight=23 111 60 21 44 37 668 150 699 34 201 26 21
leaf_count=23 111 60 21 44 37 668 150 699 34 201 26 21
internal_value=0.000365636 0.0677366 0.00586272 -0.131563 0.183206 -0.0205922 -0.013288 0.0229477 -0.0570345 0.0719426 -0.228229 0.245369
internal_weight=2095 495 326 104 169 1600 1551 849 702 222 49 132
internal_count=2095 495 326 104 169 1600 1551 849 702 222 49 132
is_linear=0
shrinkage=0.05


Tree=51
num_leaves=12
num_cat=0
split_feature=89 64 49 41 32 59 105 22 109 50 93
split_gain=1075.28 1043.74 1222.3 1572.98 1260.91 960.534 873.009 991.395 1224.94 617.55 418.761
threshold=11.500000000000002 -1.3229166666666659 -0.12061231466941534 -0.23174603174603173 1.9890300337257252 0.012871438823640348 -0.69615384615384601 0.4958333333333334 2.2218773715341325 1.0303571701049796 -1.3333333333333319
decision_type=10 8 10 8 10 8 2 10 10 8 10
left_child=6 5 4 -4 -3 -2 9 8 -8 -1 -7
right_child=1 2 3 -5 -6 10 7 -9 -10 -11 -12
leaf_value=-0.38240083115441459 0.4151014474195403 0.042825583370500492 -0.22317878420187817 0.035541104976283877 0.36168089696795358 -0.096795518681406983 -0.007407841707705554 0.26127641759812831 -0.18631688685278472 -0.034260780790880803 0.19094513505697253
leaf_weight=23 32 90 69 280 44 20 1365 27 98 26 21
leaf_count=23 32 90 69 280 44 20 1365 27 98 26 21
internal_value=0.000243035 0.0595512 0.0316696 -0.0178983 0.157128 0.229531 -0.0212745 -0.0140325 -0.02002 -0.218876 0.0542323
internal_weight=2095 556 483 349 134 73 1539 1490 1463 49 41
internal_count=2095 556 483 349 134 73 1539 1490 1463 49 41
is_linear=0
shrinkage=0.05


Tree=52
num_leaves=9
num_cat=0
split_feature=12 89 68 41 74 34 55 104
split_gain=1128.72 1109.09 910.847 1526.28 1138.11 825.573 908.724 322.943
threshold=2.4083333333333337 -2.4999999999999996 -0.017287917906551171 -0.13484848484848486 0.13992340009038648 -21.513540394307189 -0.075217372194553392 -704.69999999999993
decision_type=10 8 10 10 10 8 8 10
left_child=1 2 4 -4 -1 7 -7 -3
right_child=-2 5 3 -5 -6 6 -8 -9
leaf_value=-0.065812207560520627 0.26336363675771279 0.35232023158669473 0.13665570859161635 -0.087999346359539293 -0.2915754561601962 -0.052941358216203653 0.037205157624032606 0.060199384689331059
leaf_weight=251 35 20 121 184 69 380 1015 20
leaf_count=251 35 20 121 184 69 380 1015 20
internal_value=0.000274575 -0.00479803 -0.0601393 0.00173143 -0.118383 0.0193957 0.012512 0.230289
internal_weight=2095 2060 625 305 320 1435 1395 40
internal_count=2095 2060 625 305 320 1435 1395 40
is_linear=0
shrinkage=0.05


Tree=53
num_leaves=7
num_cat=0
split_feature=53 12 29 31 62 19
split_gain=1133.81 953.368 1040.87 1164.5 1067.56 830.595
threshold=0.86035566637292515 2.4083333333333337 -0.2123170554793129 9.3348873399185965 -5.0976477662722264 0.13795983170469606
decision_type=10 10 8 10 8 10
left_child=1 2 3 -1 -4 -2
right_child=5 -3 4 -5 -6 -7
leaf_value=0.030989257480937223 -0.35551248745698683 0.25806739243703919 -0.090852264130791269 0.27351578428026507 0.007298563157339906 0.028048325482254416
leaf_weight=190 33 32 339 63 1417 21
leaf_count=190 33 32 339 63 1417 21
internal_value=0.000302682 0.00655711 0.00189541 0.0957053 -0.0118255 -0.215766
internal_weight=2095 2041 2009 253 1756 54
internal_count=2095 2041 2009 253 1756 54
is_linear=0
shrinkage=0.05


Tree=54
num_leaves=9
num_cat=0
split_feature=12 89 5 56 86 72 86 23
split_gain=951.733 959.439 884.929 1336.66 820.55 791.173 965.029 540.878
threshold=2.4083333333333337 -2.4999999999999996 -0.087037991732358919 -0.60035558976232994 0.062081205831205848 -22.966666666666661 0.037241785991785993 0.013238707867761454
decision_type=10 8 8 8 10 8 10 10
left_child=1 2 4 -4 -1 7 -7 -3
right_child=-2 5 3 -5 -6 6 -8 -9
leaf_value=0.18015503399613975 0.24189305167645214 0.042106647576604574 -0.34333520555139885 -0.058883770324835751 -0.067170420399105008 0.032762135924511486 -0.067288645860408586 0.35807753849242419
leaf_weight=64 35 30 41 459 61 1077 305 23
leaf_count=64 35 30 41 459 61 1077 305 23
internal_value=0.00030797 -0.00434818 -0.0558223 -0.0854762 0.0611342 0.0181521 0.0104824 0.199136
internal_weight=2095 2060 625 500 125 1435 1382 53
internal_count=2095 2060 625 500 125 1435 1382 53
is_linear=0
shrinkage=0.05


Tree=55
num_leaves=10
num_cat=0
split_feature=53 1 87 89 48 87 21 42 19
split_gain=1027.43 931.079 1455.96 1580.89 1298.56 1249.29 1537.67 1492.24 751.996
threshold=0.86035566637292515 -7.7499999999999991 -123.16666666666673 17.500000000000004 0.10774992082345611 121.16666666666664 -0.30952380952380942 0.14861111111111117 0.13795983170469606
decision_type=10 10 8 8 8 8 10 10 10
left_child=1 2 4 -4 -1 6 -3 -7 -2
right_child=8 5 3 -5 -6 7 -8 -9 -10
leaf_value=0.38093765373482852 -0.33832451448236645 0.14789231602962202 -0.14916609042800988 0.10050235019951333 -0.1013765241091068 0.13363367937222312 -0.02733382729563251 -0.078516450355637757 0.026562822180298658
leaf_weight=28 33 138 286 77 21 390 1000 101 21
leaf_count=28 33 138 286 77 21 390 1000 101 21
internal_value=0.000330466 0.00628528 -0.0603861 -0.0954243 0.183058 0.0233113 -0.00548722 0.0895415 -0.205351
internal_weight=2095 2041 412 363 49 1629 1138 491 54
internal_count=2095 2041 412 363 49 1629 1138 491 54
is_linear=0
shrinkage=0.05


Tree=56
num_leaves=7
num_cat=0
split_feature=53 73 29 31 93 69
split_gain=939.535 847.555 919.936 1032.15 973.195 619.111
threshold=0.86035566637292515 0.47641155278931069 -0.2123170554793129 9.3348873399185965 -0.58333333333332849 0.023405088851313111
decision_type=10 10 8 10 10 10
left_child=1 2 3 -1 -4 -2
right_child=5 -3 4 -5 -6 -7
leaf_value=0.029677622035527842 -0.31690632790743717 0.29538183686137204 0.024046488300537176 0.25805131659349978 -0.050115728186619336 0.015657191551648655
leaf_weight=190 33 20 947 63 821 21
leaf_count=190 33 20 947 63 821 21
internal_value=0.00032404 0.00601947 0.00240932 0.0906381 -0.010408 -0.196362
internal_weight=2095 2041 2021 253 1768 54
internal_count=2095 2041 2021 253 1768 54
is_linear=0
shrinkage=0.05


Tree=57
num_leaves=13
num_cat=0
split_feature=79 16 32 9 62 20 10 98 49 51 81 62
split_gain=872.381 1198.53 1190.53 1177.99 1020.18 923.767 923.006 960.905 802.667 772.02 1450.31 1328.39
threshold=-0.024454436264932156 9.1833333333333353 3.6268164201517226 -0.017774817774818704 9.7917274832725543 -0.17204882750908532 0.058590645082638275 2.0509879561405309 0.0026232064701616768 -1.8563987697873789 0.13223480047573424 6.7450668377180909
decision_type=8 10 10 8 10 10 10 10 10 8 10 10
left_child=5 2 3 -2 -4 8 7 -3 -1 11 -11 -7
right_child=1 6 4 -5 -6 9 -8 -9 -10 10 -12 -13
leaf_value=0.051491782331356296 0.079802840716502788 -0.18981309484054404 -0.16122892397120825 -0.023090303305052854 0.15914556975166005 0.24517261761445869 0.13143595133508953 0.072503961995244032 -0.3509687546789646 -0.029419094705209137 0.19759874235914679 -0.13989154968796105
leaf_weight=22 483 200 159 642 25 113 30 39 20 245 93 24
leaf_count=22 483 200 159 642 25 113 30 39 20 245 93 24
internal_value=0.00034067 -0.0181201 0.00174063 0.0211985 -0.114377 0.0564166 -0.113216 -0.146195 -0.156041 0.0767363 0.0348685 0.174813
internal_weight=2095 1578 1309 1125 184 517 269 239 42 475 338 137
internal_count=2095 1578 1309 1125 184 517 269 239 42 475 338 137
is_linear=0
shrinkage=0.05


Tree=58
num_leaves=12
num_cat=0
split_feature=100 53 58 93 112 59 76 55 37 101 111
split_gain=857.985 1428.57 1333.52 1437.77 1331.66 1035.43 1093.25 1015.09 1009.19 993.262 903.784
threshold=0.0046164773404598026 0.70570265850983571 0.027092071676937241 5.833333333333333 15.226495726495727 -0.12699875487014647 -0.10947394371032713 -1.0000000180025095e-35 -0.32534220420088816 -0.089680173955148171 46.250000000000007
decision_type=8 10 10 10 8 8 10 8 8 10 10
left_child=2 8 5 4 -4 6 -1 -7 -2 -5 -10
right_child=1 -3 3 9 -6 7 -8 -9 10 -11 -12
leaf_value=0.18044822867329158 0.23145520824652455 -0.32289256725460291 0.05566380892747215 -0.31418361971011532 -0.23193457805095835 0.014867737915159929 -0.10060156475932849 0.18184073968439096 0.011277914971113205 0.055811555848257359 -0.082161878421059834
leaf_weight=43 34 35 275 60 42 139 119 268 620 23 437
leaf_count=43 34 35 275 60 42 139 119 268 620 23 437
internal_value=0.000328726 -0.0292713 0.0347496 -0.0348747 0.0143942 0.0836592 -0.0225334 0.125809 -0.018376 -0.213741 -0.0275112
internal_weight=2095 1126 969 400 317 569 162 407 1091 83 1057
internal_count=2095 1126 969 400 317 569 162 407 1091 83 1057
is_linear=0
shrinkage=0.05


Tree=59
num_leaves=6
num_cat=0
split_feature=12 53 39 85 77
split_gain=884.066 874.487 920.714 977.052 683.138
threshold=2.4083333333333337 0.86035566637292515 -3.3312776901681591 -0.033278256654739373 -0.033664023503661177
decision_type=10 10 8 8 10
left_child=1 2 -1 -4 -3
right_child=-2 4 3 -5 -6
leaf_value=0.25542380418096272 0.23311485879123214 0.0065509889807019916 -0.054044148147815545 0.020905673611596638 -0.34494693744363208
leaf_weight=30 35 23 637 1342 28
leaf_count=30 35 23 637 1342 28
internal_value=0.000275336 -0.00421133 0.00119336 -0.00326936 -0.199104
internal_weight=2095 2060 2009 1979 51
internal_count=2095 2060 2009 1979 51
is_linear=0
shrinkage=0.05


Tree=60
num_leaves=11
num_cat=0
split_feature=89 66 25 104 39 42 16 1 29 11
split_gain=798.044 1099.05 997.055 1002.22 867.702 755.48 704.298 663.883 387.392 262.65
threshold=20.500000000000004 -1.0000000180025095e-35 -0.23936965564886725 -2394.9499999999994 -2.3312378566789747 0.016666666666666666 6.2500000000000009 -6.4166666666666652 0.021210817620158199 -0.0074795159848631198
decision_type=10 10 8 8 8 8 10 8 8 8
left_child=2 9 8 5 -5 -4 7 -3 -1 -2
right_child=1 6 3 4 -6 -7 -8 -9 -10 -11
leaf_value=-0.067734602801501759 0.13450656613707543 -0.24642519595722359 -0.3697513092309237 0.16486590421176517 -0.0034361965495417605 0.011354880966246129 0.21518684219230308 0.045997194253972605 -0.36398420735047415 0.43671127372980117
leaf_weight=25 20 25 27 75 1782 21 28 51 21 20
leaf_count=25 20 25 27 75 1782 21 28 51 21 20
internal_value=0.000276688 0.111844 -0.00819716 -0.00232357 0.00375875 -0.216732 0.0209564 -0.0588508 -0.226385 0.318454
internal_weight=2095 144 1951 1905 1857 48 104 76 46 40
internal_count=2095 144 1951 1905 1857 48 104 76 46 40
is_linear=0
shrinkage=0.05


Tree=61
num_leaves=9
num_cat=0
split_feature=12 100 47 10 71 50 33 58
split_gain=804.01 809.921 1326.89 1295.9 1279.04 1424.07 833.645 805.219
threshold=2.4083333333333337 0.57749999985098854 -0.26934523809523803 0.005541235541644666 -1.1999999999999997 -6.4513889551162711 4.7878696826668339 0.012692449614405634
decision_type=10 10 8 10 8 8 10 8
left_child=1 4 6 -4 7 -6 -3 -1
right_child=-2 2 3 -5 5 -7 -8 -9
leaf_value=0.0050342437379138991 0.22230585113167767 -0.31961345091462134 -0.098487094762720606 0.10258338543837958 0.14885043072846851 0.0079155515517378532 -0.011377714731191334 -0.19264116110847049
leaf_weight=92 35 65 188 132 205 1235 33 110
leaf_count=92 35 65 188 132 205 1235 33 110
internal_value=0.00025777 -0.00401981 -0.0657432 -0.0150895 0.0118145 0.0284594 -0.221896 -0.104422
internal_weight=2095 2060 418 320 1642 1440 98 202
internal_count=2095 2060 418 320 1642 1440 98 202
is_linear=0
shrinkage=0.05


Tree=62
num_leaves=6
num_cat=0
split_feature=73 76 89 84 25
split_gain=757.124 844.461 966.152 1023.6 982.295
threshold=0.47641155278931069 0.43049451212088269 20.500000000000004 0.037632646660010018 -0.23936965564886725
decision_type=10 10 10 10 8
left_child=1 2 4 -4 -1
right_child=-2 -3 3 -5 -6
leaf_value=-0.23172737971569102 0.26839427518156861 -0.24663026188101089 0.298099344447945 0.021335820806173921 -0.0025929734414410436
leaf_weight=43 21 30 49 91 1861
leaf_count=43 21 30 49 91 1861
internal_value=0.000228758 -0.00310142 0.00104158 0.125487 -0.00838732
internal_weight=2095 2074 2044 140 1904
internal_count=2095 2074 2044 140 1904
is_linear=0
shrinkage=0.05


Tree=63
num_leaves=14
num_cat=0
split_feature=89 71 70 5 89 103 72 37 20 101 78 112 65
split_gain=748.021 1062.3 1022 1072.09 1034.61 1059.01 941.601 874.238 1393.54 1128.17 858.52 837.275 714.426
threshold=-7.4999999999999991 -1.9999999999999996 0.63961038961038963 -0.001577712559642702 -15.499999999999998 -0.078044462164065659 -7.7440476190476195 -0.13718620737671608 0.19812062914882392 0.026973371078570677 0.83333333333333326 12.904545454545456 -0.099132915306836364
decision_type=8 8 10 10 10 8 10 8 10 8 10 10 10
left_child=2 10 3 6 -4 -6 -1 8 -3 -9 12 -5 -2
right_child=1 7 4 11 5 -7 -8 9 -10 -11 -12 -13 -14
leaf_value=-0.068056576728820803 -0.0014840072095394135 0.13182138007776492 -0.47243146768638067 -0.0031470063541616713 0.1438647462376233 -0.27512502227909863 0.17503153589489157 0.052773895835285481 -0.19972384563750692 -0.03792146796253152 0.052272903213375493 -0.29388190711639367 -0.36354432026545208
leaf_weight=70 20 285 23 51 24 27 81 643 31 723 33 44 40
leaf_count=70 20 285 23 51 24 27 81 643 31 723 33 44 40
internal_value=0.000228853 0.012988 -0.0695015 -0.0186374 -0.226076 -0.0818201 0.0634517 0.0222755 0.0965363 0.00477072 -0.147043 -0.146264 -0.253025
internal_weight=2095 1775 320 246 74 51 151 1682 316 1366 93 95 60
internal_count=2095 1775 320 246 74 51 151 1682 316 1366 93 95 60
is_linear=0
shrinkage=0.05


Tree=64
num_leaves=9
num_cat=0
split_feature=72 52 105 51 71 83 50 75
split_gain=729.84 1069.03 958.819 920.631 1267.88 1130.71 471.845 89.2233
threshold=-22.966666666666661 0.049417989417989423 -0.69615384615384601 -4.895833206176758 -1.5916666666666661 0.09958191439509391 1.0303571701049796 0.030044493575890816
decision_type=8 10 2 8 10 10 8 10
left_child=1 -1 6 4 -4 -5 -2 -3
right_child=2 7 3 5 -6 -7 -8 -9
leaf_value=-0.056232440173625942 -0.37189325349262131 0.15679625642414277 -0.23496900439262391 -0.024220106685621703 0.10725723847947539 0.1783332398109552 -0.042999495621080755 0.37932327304173402
leaf_weight=35 21 21 25 1590 292 67 22 22
leaf_count=35 21 21 25 1590 292 67 22 22
internal_value=7.34168e-05 0.145411 -0.00586793 -0.000472333 0.076883 -0.015488 -0.226671 0.299342
internal_weight=2095 78 2017 1974 317 1657 43 43
internal_count=2095 78 2017 1974 317 1657 43 43
is_linear=0
shrinkage=0.05


Tree=65
num_leaves=9
num_cat=0
split_feature=110 29 33 113 100 79 96 14
split_gain=721.027 727.741 1040.02 960.777 897.195 1373.87 1098.54 636.296
threshold=11.500000000000002 -0.21489094942808148 -14.762068104073364 73.500000000000014 0.0046164773404598026 0.058954494073987014 -0.95297614733378111 -0.25227272727272715
decision_type=2 8 10 10 10 10 10 10
left_child=1 2 7 -4 6 -6 -3 -1
right_child=-2 4 3 -5 5 -7 -8 -9
leaf_value=0.46272044754028319 0.23563022501766684 -0.035980899220205913 -0.021339946926972053 0.26513977106128422 -0.075520001282306626 0.14962696715195975 0.066601145642832468 0.074916810695348043
leaf_weight=20 27 510 174 30 717 70 524 23
leaf_count=20 27 510 174 30 717 70 524 23
internal_value=7.82453e-05 -0.00353394 0.0760941 0.0258854 -0.0145408 -0.0546129 0.0160268 0.285743
internal_weight=2095 2068 247 204 1821 787 1034 43
internal_count=2095 2068 247 204 1821 787 1034 43
is_linear=0
shrinkage=0.05


Tree=66
num_leaves=6
num_cat=0
split_feature=12 53 39 85 77
split_gain=745.167 772.173 767.834 831.003 598.737
threshold=2.4083333333333337 0.86035566637292515 -3.3312776901681591 -0.033278256654739373 -0.033664023503661177
decision_type=10 10 8 8 10
left_child=1 2 -1 -4 -3
right_child=-2 4 3 -5 -6
leaf_value=0.23333739459514621 0.21397960454225542 0.0054854616522789007 -0.049731650725413246 0.019389578325324088 -0.32357816940709727
leaf_weight=30 35 23 637 1342 28
leaf_count=30 35 23 637 1342 28
internal_value=0.000210261 -0.00390685 0.00117023 -0.0029032 -0.187044
internal_weight=2095 2060 2009 1979 51
internal_count=2095 2060 2009 1979 51
is_linear=0
shrinkage=0.05


Tree=67
num_leaves=7
num_cat=0
split_feature=104 25 7 99 87 45
split_gain=699.21 915.74 1170.34 887.275 828.442 765.278
threshold=-2395.7999999999997 -0.25045927241444588 -0.29763025813736016 1.3439182777600855 25.166666666666632 0.0057040644540644484
decision_type=8 8 8 10 10 10
left_child=5 -2 4 -4 -3 -1
right_child=1 2 3 -5 -6 -7
leaf_value=0.032520647730520331 -0.22337110600499221 -0.06112163958068078 -0.015505103286008235 0.067459651458935413 0.28875393242132469 -0.33993455892609015
leaf_weight=23 38 21 1528 403 56 26
leaf_count=23 38 21 1528 403 56 26
internal_value=0.00021271 0.00491179 0.00980082 0.00191333 0.194815 -0.177359
internal_weight=2095 2046 2008 1931 77 49
internal_count=2095 2046 2008 1931 77 49
is_linear=0
shrinkage=0.05


Tree=68
num_leaves=13
num_cat=0
split_feature=55 2 7 83 7 79 75 38 95 92 92 102
split_gain=678.819 1433.59 1144.65 1117.89 1194.72 1159.64 1059.93 1158.37 1039 825.676 615.121 534.309
threshold=0.0023260815069079403 11.500000000000002 0.26570934305588412 0.093156657492121084 -0.28635896772417857 0.058441162730256721 0.15494228402773541 1.1875357039971279 0.019720689804655699 -0.10359147025813685 0.14146825396825399 0.28467208990283938
decision_type=8 2 10 10 8 10 10 8 8 10 10 10
left_child=3 2 8 4 9 -6 7 -3 -2 -1 -8 -4
right_child=1 6 11 -5 5 -7 10 -9 -10 -11 -12 -13
leaf_value=-0.037488415449857711 0.062377238746741517 -0.010053315339366179 -0.35382120013237001 0.28772860536208522 -0.082877000736332446 0.10861099560227659 0.36918896823278013 0.20332395832325953 -0.0459090823622611 0.37265345686880341 0.041397300459168576 -0.020002987854182721
leaf_weight=20 407 186 29 21 669 85 48 91 474 23 22 20
leaf_count=20 407 186 29 21 669 85 48 91 474 23 22 20
internal_value=0.000169789 0.0229428 -0.00948773 -0.0352443 -0.0455574 -0.060651 0.108902 0.0622302 0.00412977 0.196814 0.276463 -0.232963
internal_weight=2095 1277 930 818 797 754 347 277 881 43 70 49
internal_count=2095 1277 930 818 797 754 347 277 881 43 70 49
is_linear=0
shrinkage=0.05


Tree=69
num_leaves=9
num_cat=0
split_feature=12 80 54 113 38 62 39 48
split_gain=668.273 712.631 968.072 1409.99 1148.5 894.355 959.805 860.384
threshold=2.4083333333333337 -0.010796098969876764 inf 46.500000000000007 -3.8165106033266052 -8.9828924735387137 1.2583465211178313 0.10635324256727473
decision_type=10 8 8 8 10 10 10 8
left_child=1 5 4 -4 -3 7 -7 -1
right_child=-2 2 3 -5 -6 6 -8 -9
leaf_value=-0.3088271232162203 0.20270816676318645 0.26696983168904603 0.22207498819782187 -0.0062930765272443297 -0.071662677535677802 0.080012079393203817 -0.082052521631121644 0.074940407938427406
leaf_weight=30 35 21 73 502 761 546 105 22
leaf_count=30 35 21 73 502 761 546 105 22
internal_value=0.000267862 -0.00362994 -0.0247953 0.024278 -0.0608671 0.0370414 0.0533702 -0.153255
internal_weight=2095 2060 1357 575 782 703 651 52
internal_count=2095 2060 1357 575 782 703 651 52
is_linear=0
shrinkage=0.05


Tree=70
num_leaves=6
num_cat=0
split_feature=73 76 74 37 7
split_gain=663.367 765.723 877.611 1148.33 962.443
threshold=0.47641155278931069 0.43049451212088269 0.28196182089547323 -0.051625419067996052 -0.30602116489899339
decision_type=10 10 10 10 8
left_child=1 2 4 -4 -1
right_child=-2 -3 3 -5 -6
leaf_value=0.1735054414203534 0.2513130383995863 -0.23471523063523431 0.16217977161312561 -0.0069455405945046261 -0.02277568900946414
leaf_weight=60 21 30 173 228 1583
leaf_count=60 21 30 173 228 1583
internal_value=0.000299454 -0.00281639 0.00112726 0.0669943 -0.0150728
internal_weight=2095 2074 2044 401 1643
internal_count=2095 2074 2044 401 1643
is_linear=0
shrinkage=0.05


Tree=71
num_leaves=8
num_cat=0
split_feature=53 31 39 94 17 105 90
split_gain=648.558 825.28 762.393 779.954 750.124 564.343 116.07
threshold=0.75617502458792718 25.667050942306648 -3.3312776901681591 10.000000000000005 4.1483516483516523 0.33030303030303038 1.0000000180025095e-35
decision_type=10 10 8 10 10 2 8
left_child=1 2 -1 -4 6 -3 -2
right_child=4 5 3 -5 -6 -7 -8
leaf_value=0.24649185800263959 -0.13036134582757949 0.017831908538937569 0.0028777396140140668 -0.16047191748052445 0.054574281986682655 0.36142498431382358 -0.35820199489593507
leaf_weight=26 20 23 1887 71 26 22 20
leaf_count=26 20 23 1887 71 26 22 20
internal_value=0.000321692 0.00552991 0.000447494 -0.00341375 -0.148201 0.206155 -0.272535
internal_weight=2095 2029 1984 1958 66 45 40
internal_count=2095 2029 1984 1958 66 45 40
is_linear=0
shrinkage=0.05


Tree=72
num_leaves=7
num_cat=0
split_feature=104 25 58 101 93 53
split_gain=634.741 824.207 848.19 1427.5 828.675 610.63
threshold=-2395.7999999999997 -0.25045927241444588 0.01412358788074926 -0.18024758869983751 -5.9999999999999956 0.2065203618565907
decision_type=8 8 8 10 10 8
left_child=5 -2 3 -3 -4 -1
right_child=1 2 4 -5 -6 -7
leaf_value=-0.0042694938227985845 -0.21178211884053294 0.12580114110258586 0.031968296106076904 -0.0029287893417983459 -0.056243253109456708 -0.34339885138548337
leaf_weight=28 38 337 445 579 647 21
leaf_count=28 38 337 445 579 647 21
internal_value=0.000310864 0.00478892 0.00942807 0.044803 -0.0202688 -0.168875
internal_weight=2095 2046 2008 916 1092 49
internal_count=2095 2046 2008 916 1092 49
is_linear=0
shrinkage=0.05


Tree=73
num_leaves=14
num_cat=0
split_feature=1 99 87 64 108 76 6 1 56 89 91 50 112
split_gain=642.461 1325.32 1258.9 1402.41 1357.11 1149.51 1060.56 1129.65 1028.45 1020.07 1232.48 1027.72 893.996
threshold=-7.7499999999999991 1.8662048456483669 -123.16666666666673 0.36515151515151439 0.84223964313666033 -0.13606335967779157 0.014570325613021852 -1.5833333333333333 -0.63115259539335955 -7.4999999999999991 -0.083333333333333329 -5.4687499999999991 11.207142857142857
decision_type=10 8 8 10 10 8 8 10 10 10 10 8 10
left_child=2 9 8 5 -5 -4 7 -3 -1 10 -2 -11 -8
right_child=1 6 3 4 -6 -7 12 -9 -10 11 -12 -13 -14
leaf_value=-0.051741001605987547 0.021222674275285628 0.0057870459098082324 0.2223315810294528 -0.42375634547609553 0.0053233592347665271 -0.071658955001508567 0.20712097575098781 0.36292412260716617 0.37542289675309742 0.11839631258328331 -0.16714741780802056 -0.0064959185903109527 -0.021598315286712771
leaf_weight=25 158 34 33 47 28 263 54 61 24 200 184 833 151
leaf_count=25 158 34 33 47 28 263 54 61 24 200 184 833 151
internal_value=0.000235695 0.0141521 -0.0546603 -0.0866108 -0.272621 -0.0355681 0.108457 0.242287 0.171945 -0.00670573 -0.0809267 0.0180902 0.0419086
internal_weight=2095 1675 420 371 75 296 300 95 49 1375 342 1033 205
internal_count=2095 1675 420 371 75 296 300 95 49 1375 342 1033 205
is_linear=0
shrinkage=0.05


Tree=74
num_leaves=9
num_cat=0
split_feature=72 52 105 51 118 62 50 28
split_gain=640.745 989.745 835.103 773.612 1186.16 944.22 417.611 73.1306
threshold=-22.966666666666661 0.049417989417989423 -0.69615384615384601 -4.895833206176758 2.5000000000000004 -8.2922475958863888 1.0303571701049796 -22.166666666666739
decision_type=8 10 2 8 8 8 8 10
left_child=1 -1 6 4 -4 -5 -2 -3
right_child=2 7 3 5 -6 -7 -8 -9
leaf_value=-0.057162639200687405 -0.34791521759560479 0.14658311891555786 -0.049345525063108658 -0.14231878115485114 0.14634538813161865 -0.0028903216743653686 -0.038829975492424437 0.35532483934823955
leaf_weight=35 21 20 123 127 194 1530 22 23
leaf_count=35 21 20 123 127 194 1530 22 23
internal_value=0.000293688 0.136472 -0.00527222 -0.000235583 0.0706724 -0.0140028 -0.211338 0.28466
internal_weight=2095 78 2017 1974 317 1657 43 43
internal_count=2095 78 2017 1974 317 1657 43 43
is_linear=0
shrinkage=0.05


Tree=75
num_leaves=8
num_cat=0
split_feature=110 100 99 105 15 90 37
split_gain=615.016 628.354 1084.13 864.307 813.094 930.781 929.845
threshold=11.500000000000002 0.57749999985098854 -2.7907224549759735 -0.55158730158730152 -9.8333333333333286 -0.31900793650793641 0.28713534144461977
decision_type=2 10 10 2 8 8 10
left_child=1 4 -3 -4 5 -1 -6
right_child=-2 2 3 -5 6 -7 -8
leaf_value=-0.18226590425737443 0.21782290637493135 0.23945215927629637 -0.36389726519584659 -0.05789543047934384 0.0024446288501389149 0.10684677709972389 -0.20058935941907308
leaf_weight=26 27 24 20 380 1265 299 54
leaf_count=26 27 24 20 380 1265 299 54
internal_value=0.000275408 -0.00305932 -0.0569768 -0.0776226 0.0109467 0.0811551 -0.00655596
internal_weight=2095 2068 424 400 1644 325 1319
internal_count=2095 2068 424 400 1644 325 1319
is_linear=0
shrinkage=0.05


Tree=76
num_leaves=8
num_cat=0
split_feature=80 53 100 31 36 3 57
split_gain=600.59 649.828 839.58 749.171 783.993 524.744 350.416
threshold=0.098861218895763173 0.75617502458792718 -0.62932784733728575 25.667050942306648 -0.097077669762346261 -0.016145727907617882 0.14621027590086064
decision_type=10 10 10 10 8 10 8
left_child=1 3 -3 4 -1 -5 -4
right_child=-2 2 6 5 -6 -7 -8
leaf_value=0.25120649983485543 0.23907491793999305 0.097182140111923221 -0.079164940189570196 0.33140596978623293 -0.0063459705399315815 0.0006570716316883381 -0.38103786367794568
leaf_weight=25 21 20 20 24 1940 21 24
leaf_count=25 21 20 20 24 1940 21 24
internal_value=0.000232104 -0.00273138 -0.153618 0.00241744 -0.00241458 0.193557 -0.266923
internal_weight=2095 2074 64 2010 1965 45 44
internal_count=2095 2074 64 2010 1965 45 44
is_linear=0
shrinkage=0.05


Tree=77
num_leaves=6
num_cat=0
split_feature=12 73 56 86 98
split_gain=618.45 615.491 636.721 1219.89 743.501
threshold=2.4083333333333337 0.47641155278931069 -0.5707676797432617 0.050106143856143877 -2.7231085097834558
decision_type=10 10 8 10 8
left_child=1 2 3 -1 -4
right_child=-2 -3 4 -5 -6
leaf_value=0.018888258844769249 0.19502391390502455 0.23822903976990628 0.083104768049504077 -0.30369278554822887 -0.01125834980894273
leaf_weight=67 35 21 233 46 1693
leaf_count=67 35 21 233 46 1693
internal_value=0.000275615 -0.0034732 -0.00656366 -0.119308 0.000317067
internal_weight=2095 2060 2039 113 1926
internal_count=2095 2060 2039 113 1926
is_linear=0
shrinkage=0.05


Tree=78
num_leaves=10
num_cat=0
split_feature=114 56 20 90 58 17 17 13 2
split_gain=588.869 642.024 1087.4 1006.87 939.537 781.144 967.015 935.177 140.001
threshold=5055.5000000000009 -0.13526214795031893 0.14622113406658177 -0.15397727272727271 0.02849606819024 -14.568181818181818 -7.7916666666666652 -0.30277777777777787 7.5000000000000009
decision_type=8 10 10 8 8 10 10 10 2
left_child=1 2 3 -1 -4 7 -7 -3 -2
right_child=8 5 4 -5 -6 6 -8 -9 -10
leaf_value=-0.16251605110509057 0.055107050180435185 -0.27070850480037428 0.25032173049620399 -0.02528421652355178 -0.047750574586912994 0.16011884033679963 0.01619720757406138 0.022001624886285178 0.25228569132310374
leaf_weight=163 20 43 54 674 45 130 883 61 22
leaf_count=163 20 43 54 674 45 130 883 61 22
internal_value=0.000289251 -0.00368414 -0.0341543 -0.0528749 0.118572 0.0218425 0.0354118 -0.10543 0.175306
internal_weight=2095 2053 936 837 99 1117 1013 104 42
internal_count=2095 2053 936 837 99 1117 1013 104 42
is_linear=0
shrinkage=0.05


Tree=79
num_leaves=11
num_cat=0
split_feature=72 52 62 11 20 108 68 49 94 75
split_gain=585.793 900.992 645.292 1265.48 1199.06 1329.97 1051.4 789.242 659.198 88.2597
threshold=-22.966666666666661 0.049417989417989423 -5.2390484561522799 -0.033105427160784039 -0.18176241263392423 0.64038436611493432 0.021497954088431307 -0.006366495043039321 -9.0833333333333304 0.030044493575890816
decision_type=8 10 8 8 8 8 10 8 10 10
left_child=1 -1 3 7 6 -6 -4 -2 -5 -3
right_child=2 9 4 8 5 -7 -8 -9 -10 -11
leaf_value=-0.054217269718647002 0.28659421386454548 0.13870451284142643 -0.28170926900347698 0.11046313988592696 0.07155668101121164 -0.022133081730503181 0.027995153326614231 -0.041127210870189106 -0.12458517442359346 0.34796536631054353
leaf_weight=35 33 21 59 29 689 829 46 33 299 22
leaf_count=35 33 21 59 29 689 829 46 33 299 22
internal_value=0.000305713 0.130514 -0.00501518 -0.062006 0.00893717 0.0204539 -0.150469 0.130672 -0.102307 0.271904
internal_weight=2095 78 2017 394 1623 1518 105 66 328 43
internal_count=2095 78 2017 394 1623 1518 105 66 328 43
is_linear=0
shrinkage=0.05


Tree=80
num_leaves=10
num_cat=0
split_feature=16 74 1 12 16 119 36 18 115
split_gain=576.745 701.325 1352.48 1043.47 966.225 972.836 926.939 827.656 633.855
threshold=-22.291666666666664 0.31544646223386136 -2.7499999999999996 -0.43333333333333324 10.750000000000004 7.5000000000000009 -0.0210132498334125 -0.7884879192958274 0.53589743589743599
decision_type=8 10 10 10 10 2 10 8 2
left_child=8 4 3 -3 7 -6 -4 -2 -1
right_child=1 2 6 -5 5 -7 -8 -9 -10
leaf_value=-0.29390545480555907 0.15006688471122454 -0.25109093910039859 0.29364952355871599 0.031150536136566733 -0.14369787044543775 0.16439986507097881 0.069024166543662113 -0.0040650756358392324 0.040668580667288221
leaf_weight=29 88 38 70 133 195 25 132 1363 22
leaf_count=29 88 38 70 133 195 25 132 1363 22
internal_value=0.00034513 0.00469473 0.0662219 -0.0366371 -0.0091661 -0.105589 0.152319 0.00573159 -0.157942
internal_weight=2095 2044 373 171 1671 220 202 1451 51
internal_count=2095 2044 373 171 1671 220 202 1451 51
is_linear=0
shrinkage=0.05


Tree=81
num_leaves=11
num_cat=0
split_feature=34 98 8 18 2 74 40 74 75 41
split_gain=576.619 684.383 661.084 1036.14 1136.73 1035.39 934.799 1297.2 913.063 529.44
threshold=22.503499882896616 1.2979045557865734 -0.11110520875081419 -0.63336401587973035 4.5000000000000009 -0.07263157206277053 0.43055555555555569 -0.19240799887726703 -0.17119686305522916 -0.38819444444444434
decision_type=10 10 8 10 2 10 10 10 8 10
left_child=2 -2 3 5 -5 -1 8 -8 -4 -3
right_child=1 9 6 4 -6 -7 7 -9 -10 -11
leaf_value=-0.068727186358556513 -0.28133781731892854 -0.14282321754310812 0.099221235519895964 0.090715457130503913 -0.10389709367300384 0.27906306056266134 0.32415203535287035 0.038769627989624904 -0.011712271357970358 0.17369334924221039
leaf_weight=36 34 23 220 88 395 42 53 134 1050 20
leaf_count=36 34 23 220 88 395 42 53 134 1050 20
internal_value=0.000335755 -0.129621 0.00562727 -0.040237 -0.0677711 0.123472 0.0233982 0.126249 0.00777908 0.00611008
internal_weight=2095 77 2018 561 483 78 1457 187 1270 43
internal_count=2095 77 2018 561 483 78 1457 187 1270 43
is_linear=0
shrinkage=0.05


Tree=82
num_leaves=6
num_cat=0
split_feature=12 76 100 99 71
split_gain=568.997 591.59 665.361 1206.39 981.177
threshold=2.4083333333333337 0.43049451212088269 0.57749999985098854 -2.7907224549759735 -1.1999999999999997
decision_type=10 10 10 10 8
left_child=1 2 4 -4 -1
right_child=-2 -3 3 -5 -6
leaf_value=-0.088231305698725851 0.1871661387383938 -0.20136280671970264 0.25643194451414308 -0.078261762590804695 0.029518075554152409
leaf_weight=197 35 32 24 389 1418
leaf_count=197 35 32 24 389 1418
internal_value=0.000366244 -0.00322883 0.000360497 -0.0558579 0.014896
internal_weight=2095 2060 2028 413 1615
internal_count=2095 2060 2028 413 1615
is_linear=0
shrinkage=0.05


Tree=83
num_leaves=8
num_cat=0
split_feature=104 32 45 32 1 13 105
split_gain=552.508 715.993 627.25 613.678 1023.29 919.571 570.941
threshold=-2395.7999999999997 8.6048724850755143 0.0057040644540644484 3.3687830823195744 -7.7499999999999991 -1.2718253968253967 0.25595238095238099
decision_type=8 10 10 10 10 10 2
left_child=2 3 -1 4 -2 -5 -3
right_child=1 6 -4 5 -6 -7 -8
leaf_value=0.031887803891939778 -0.063444208830658086 0.031410415529420498 -0.30474461182471246 -0.30269604429602626 0.033310886209455576 -0.032411480355413934 0.35200281710578851
leaf_weight=23 342 33 26 30 1280 340 21
leaf_count=23 342 33 26 30 1280 340 21
internal_value=0.000359272 0.00453861 -0.157486 -0.000519266 0.012747 -0.0582035 0.176198
internal_weight=2095 2046 49 1992 1622 370 54
internal_count=2095 2046 49 1992 1622 370 54
is_linear=0
shrinkage=0.05


Tree=84
num_leaves=15
num_cat=0
split_feature=79 16 72 105 91 4 71 30 14 64 30 23 98 90
split_gain=542.608 881.933 1092.36 1272.57 1046.36 1398.69 850.322 839.231 905.486 812.347 871.258 724.835 581.089 450.672
threshold=-0.024454436264932156 6.9999999999999991 -22.966666666666661 -0.69615384615384601 -0.13888888888888884 -0.055305401949832834 -1.0136363636363634 -0.2090011626326789 0.24772727272727282 -1.2857142857142854 -0.13562334543094037 -0.010236136925717192 1.1842688345776813 0.083333333333333343
decision_type=8 10 8 2 8 10 10 10 10 10 10 10 10 8
left_child=7 2 -2 -4 5 -3 -6 8 12 11 -11 -9 -1 -10
right_child=1 4 3 -5 6 -7 -8 9 13 10 -12 -13 -14 -15
leaf_value=-0.061465021236887518 0.25332237499397853 -0.25075292846560482 -0.33630055644150292 0.0047635505417360268 -0.32139000655437006 0.19040333326046285 -0.08683643956547199 0.06250255180315839 -0.037286415831609208 0.29268683014494001 0.021733681748295056 0.41893672074281407 -0.3550753313919594 0.24797968363761902
leaf_weight=48 38 20 23 1168 44 60 225 31 28 28 312 26 24 20
leaf_count=48 38 20 23 1168 44 60 225 31 28 28 312 26 24 20
internal_value=0.000309798 -0.0142445 0.00572455 -0.00315951 -0.0837941 0.0712635 -0.130549 0.0445394 -0.0690863 0.0794412 0.0481108 0.246567 -0.176686 0.0928121
internal_weight=2095 1578 1229 1191 349 80 269 517 120 397 340 57 72 48
internal_count=2095 1578 1229 1191 349 80 269 517 120 397 340 57 72 48
is_linear=0
shrinkage=0.05


Tree=85
num_leaves=9
num_cat=0
split_feature=53 17 31 93 42 102 105 68
split_gain=540.806 667.129 619.452 700.915 1649.15 1434.16 458.863 145.076
threshold=0.75617502458792718 4.1483516483516523 25.667050942306648 -0.99999999999999634 0.11666666666666665 -0.12033662115434361 0.33030303030303038 0.012802536375695612
decision_type=10 10 10 10 8 10 2 10
left_child=2 7 3 5 -5 -1 -4 -2
right_child=1 -3 6 4 -6 -7 -8 -9
leaf_value=-0.028776507167286188 -0.34241320097446448 0.05526034005226628 0.01022292859852314 0.0082437442296056773 -0.142125423776404 0.088406389648619216 0.31879676660453837 -0.11042756450176239
leaf_weight=525 20 26 23 709 240 510 22 20
leaf_count=525 20 26 23 709 240 510 22 20
internal_value=0.000299454 -0.135323 0.00505742 0.000650099 -0.0302775 0.0290651 0.178875 -0.252689
internal_weight=2095 66 2029 1984 949 1035 45 40
internal_count=2095 66 2029 1984 949 1035 45 40
is_linear=0
shrinkage=0.05


Tree=86
num_leaves=10
num_cat=0
split_feature=114 79 32 12 13 30 50 49 113
split_gain=544.106 576.591 987.881 985.745 902.501 899.542 862.55 825.257 473.208
threshold=5055.5000000000009 -0.02273635814587275 3.6268164201517226 -0.60833333333333306 -1.2912946428571426 -0.2090011626326789 1.7736109415690111 0.16652454994618895 69.500000000000014
decision_type=8 8 10 8 10 10 8 10 10
left_child=1 5 3 -3 -4 7 -7 -1 -2
right_child=8 2 4 -5 -6 6 -8 -9 -10
leaf_value=-0.0041030093702008425 0.31733167695999148 0.075568548782256911 -0.39642051441165121 -0.026596629860915488 -0.077656764623643182 0.14309881307833297 -0.0018409247650074834 -0.30456855565309526 0
leaf_weight=98 20 303 21 1006 193 219 188 25 22
leaf_count=98 20 303 21 1006 193 219 188 25 22
internal_value=0.000267479 -0.00355096 -0.0192062 -0.00271239 -0.117502 0.0411013 0.0768176 -0.0750755 0.168502
internal_weight=2095 2053 1523 1309 214 530 407 123 42
internal_count=2095 2053 1523 1309 214 530 407 123 42
is_linear=0
shrinkage=0.05


Tree=87
num_leaves=13
num_cat=0
split_feature=55 6 46 62 39 119 55 98 86 74 79 86
split_gain=528.408 1205.73 1025.42 1279.86 1158.61 1009.61 971.039 718.085 710.523 693.306 536.569 494.332
threshold=0.0023260815069079403 0.26861450262367731 0.53333332836627967 8.4071525951226569 -1.8381634682078756 5.5000000000000009 0.39760578852146872 -2.7612050367029521 -0.028804021832867992 -0.15559134950550893 -0.016014692373573773 0.036627608502608523
decision_type=8 10 8 10 10 2 10 8 10 10 10 10
left_child=2 5 3 4 -1 7 -7 -2 -4 -3 -11 -10
right_child=1 9 8 -5 -6 6 -8 -9 11 10 -12 -13
leaf_value=0.21146485282385605 0.14935756661452171 0.07211797785374427 -0.35898609479006971 0.25220942786613176 -0.045412779695762295 0.055252339169206501 0.25857487829292525 -0.0058401605148295259 0.1070581271671332 -0.059861208462998985 -0.32892394953303872 -0.20517482858896258
leaf_weight=42 77 26 33 38 664 206 80 811 21 37 40 20
leaf_count=42 77 26 33 38 664 206 80 811 21 37 40 20
internal_value=0.000216257 0.0203111 -0.0310263 -0.01268 -0.0286812 0.0349185 0.115763 0.00832223 -0.202371 -0.13963 -0.211777 -0.04991
internal_weight=2095 1277 818 744 706 1174 286 888 74 103 77 41
internal_count=2095 1277 818 744 706 1174 286 888 74 103 77 41
is_linear=0
shrinkage=0.05


Tree=88
num_leaves=8
num_cat=0
split_feature=80 67 89 90 67 101 9
split_gain=535.29 565.403 1258.78 1091.77 1040.06 1438.5 1257.83
threshold=0.098861218895763173 -0.037896899166369437 -18.499999999999996 -0.27870879120879111 -0.015920417443349318 -0.10181911749800136 0.58238474488474445
decision_type=10 8 8 10 8 8 10
left_child=1 2 -1 -4 6 -6 -3
right_child=-2 4 3 -5 5 -7 -8
leaf_value=-0.25012471603936165 0.22570393658601323 -0.137759804485137 -0.04765434647825631 0.17036582603658074 0.073231562472836562 -0.03078086757643559 0.082426519858486522
leaf_weight=24 21 280 83 167 511 929 80
leaf_count=24 21 280 83 167 511 929 80
internal_value=0.000217567 -0.00257884 0.0636406 0.0982719 -0.012835 0.00622018 -0.0882337
internal_weight=2095 2074 274 250 1800 1440 360
internal_count=2095 2074 274 250 1800 1440 360
is_linear=0
shrinkage=0.05


Tree=89
num_leaves=6
num_cat=0
split_feature=73 76 74 37 41
split_gain=522.622 569.209 676.665 1008.56 747.885
threshold=0.47641155278931069 0.43049451212088269 0.31544646223386136 -0.027281443873467644 0.68333333333333346
decision_type=10 10 10 10 10
left_child=1 2 4 -4 -1
right_child=-2 -3 3 -5 -6
leaf_value=-0.0074390935660971578 0.22301817135168958 -0.20248676976987295 0.15017551806017845 -0.017140228014047212 -0.24110650577715464
leaf_weight=1661 21 30 168 185 30
leaf_count=1661 21 30 168 185 30
internal_value=0.000215666 -0.00254717 0.000849909 0.0633344 -0.0123127
internal_weight=2095 2074 2044 353 1691
internal_count=2095 2074 2044 353 1691
is_linear=0
shrinkage=0.05


Tree=90
num_leaves=8
num_cat=0
split_feature=114 104 25 7 45 118 112
split_gain=510.795 562.548 658.99 868.539 494.787 489.982 389.338
threshold=5055.5000000000009 -2395.7999999999997 -0.25045927241444588 -0.29763025813736016 0.015079365079365097 6.5000000000000009 14.14835164835165
decision_type=8 10 8 8 10 8 8
left_child=1 4 -3 -4 6 -2 -1
right_child=5 2 3 -5 -6 -7 -8
leaf_value=0.052943611807293373 -0.011494604154275015 -0.1914495696855146 0.16568170317971126 -0.00058368397583700277 -0.29190665044821801 0.30842314683474026 -0.18765358734461998
leaf_weight=40 21 38 77 1851 25 21 22
leaf_count=40 21 38 77 1851 25 21 22
internal_value=0.000190004 -0.00350881 0.0021158 0.0064421 -0.124363 0.163195 -0.0393162
internal_weight=2095 2053 1966 1928 87 42 62
internal_count=2095 2053 1966 1928 87 42 62
is_linear=0
shrinkage=0.05


Tree=91
num_leaves=7
num_cat=0
split_feature=110 80 49 29 33 44
split_gain=512.355 532.731 972.269 661.129 924.35 901.814
threshold=11.500000000000002 0.070841152453795089 -0.083510028169257552 -0.21489094942808148 -14.762068104073364 0.055092592592592582
decision_type=2 10 8 8 10 8
left_child=1 3 -3 4 -1 -5
right_child=-2 2 -4 5 -6 -7
leaf_value=0.26880874444354091 0.19872328042984011 0.35986395003274085 -0.034836802023806068 -0.049744519429031374 0.021708717265237983 0.02196998374349125
leaf_weight=42 27 23 33 986 203 781
leaf_count=42 27 23 33 986 203 781
internal_value=0.000158357 -0.00288307 0.142662 -0.00730242 0.0687977 -0.0180465
internal_weight=2095 2068 56 2012 245 1767
internal_count=2095 2068 56 2012 245 1767
is_linear=0
shrinkage=0.05


Tree=92
num_leaves=9
num_cat=0
split_feature=72 34 49 8 111 93 51 51
split_gain=494.566 620.63 792.938 687.548 1138.37 810.341 509.811 324.967
threshold=-22.966666666666661 22.503499882896616 0.10869680717587472 -0.11110520875081419 45.750000000000007 -5.3333333333333313 -5.7909722831514143 1.4181096120314172
decision_type=8 10 10 8 8 8 10 10
left_child=6 3 -3 4 -2 -5 -1 -8
right_child=1 2 -4 5 -6 -7 7 -9
leaf_value=-0.027424978807960687 0.028266426960252368 -0.30187815919709515 0.023987515843831575 0.098142116055400533 -0.11561112212413072 0.00094078716570160793 0.35153012394905092 0.073490629841883981
leaf_weight=33 260 34 34 259 282 1148 20 25
leaf_count=33 260 34 34 259 282 1148 20 25
internal_value=0.00024645 -0.00464059 -0.147777 0.000693172 -0.0468735 0.0191531 0.119889 0.220859
internal_weight=2095 2017 68 1949 542 1407 78 45
internal_count=2095 2017 68 1949 542 1407 78 45
is_linear=0
shrinkage=0.05


Tree=93
num_leaves=9
num_cat=0
split_feature=12 91 15 26 27 91 72 41
split_gain=497.558 529.397 1212.67 1092.87 997.224 805.817 838.021 837.645
threshold=2.4083333333333337 -0.13330026455026456 -17.416666666666661 0.066069342195987715 0.11332422207422209 -0.17500000000000002 -4.0166666666666657 0.041666666666666664
decision_type=10 10 10 10 10 10 8 10
left_child=1 5 3 -3 -4 6 -1 -7
right_child=-2 2 4 -5 -6 7 -8 -9
leaf_value=0.083063455910750608 0.17493446543812752 0.22345632897263551 -0.027693355965879598 -0.12489657630212606 -0.20504564773826595 0.032506686069217382 -0.022920978027372349 0.36515515952864114
leaf_weight=267 35 78 943 27 82 46 588 29
leaf_count=267 35 78 943 27 82 46 588 29
internal_value=0.000252156 -0.00310792 -0.0260723 0.13182 -0.0428566 0.0247318 0.0104083 0.176539
internal_weight=2095 2060 1130 105 1025 930 855 75
internal_count=2095 2060 1130 105 1025 930 855 75
is_linear=0
shrinkage=0.05


Tree=94
num_leaves=10
num_cat=0
split_feature=53 41 42 9 29 4 104 80 16
split_gain=495.966 615.13 552.702 1102.44 1029.66 1008 1030.46 998.777 727.547
threshold=0.75617502458792718 -0.017261904761904753 0.13333333333333328 0.092006604506604819 0.014349132388209306 -0.017392624865521438 -826.44999999999993 0.006177121152480443 3.8916666666666679
decision_type=10 10 10 8 8 10 10 10 10
left_child=2 -2 3 4 -1 6 -4 -5 -7
right_child=1 -3 5 7 -6 8 -8 -9 -10
leaf_value=0.11510749372858101 -0.25953801844269037 0.03142892122268677 -1.800790047034239e-05 0.013109059817112238 0.001837023051455617 0.074278349653950762 -0.25109657984464728 -0.106833999865662 -0.10695099591473003
leaf_weight=405 35 31 73 579 395 170 89 242 76
leaf_count=405 35 31 73 579 395 170 89 242 76
internal_value=0.000298901 -0.129579 0.00485633 0.0179868 0.0596011 -0.0467768 -0.141644 -0.0226178 0.0170744
internal_weight=2095 66 2029 1621 800 408 162 821 246
internal_count=2095 66 2029 1621 800 408 162 821 246
is_linear=0
shrinkage=0.05


Tree=95
num_leaves=7
num_cat=0
split_feature=11 80 49 53 100 85
split_gain=475.474 652.765 711.983 619.346 739.224 590.741
threshold=-0.10024509803921568 0.070841152453795089 -0.083510028169257552 0.75617502458792718 -0.3332092634712655 -0.04394781323415891
decision_type=8 10 8 10 10 8
left_child=-1 3 -3 5 -5 -2
right_child=1 2 -4 4 -6 -7
leaf_value=-0.17740714878246591 -0.04025318785706522 0.35657037540718362 0.00083126688567322811 0.057049417906794055 -0.27933837240118359 0.020903493701638631
leaf_weight=32 543 22 30 24 37 1407
leaf_count=32 543 22 30 24 37 1407
internal_value=0.000224589 0.00342635 0.170289 -0.00127519 -0.151936 0.00378874
internal_weight=2095 2063 52 2011 61 1950
internal_count=2095 2063 52 2011 61 1950
is_linear=0
shrinkage=0.05


end of trees

feature_importances:
diff_opening_spread=82
diff_off_three_and_out_rate_std=19
diff_def_injury_impact_roll3=18
diff_def_penalty_yards_drawn_roll6=18
diff_leading_off_epa_std=18
diff_off_sack_rate_roll6=18
diff_skill_injury_impact_roll3=18
diff_rb_weighted_epa_std=17
diff_win_pct=17
diff_div_def_epa_roll6=16
diff_leading_def_epa_std=16
diff_def_injury_impact_std=15
ats_margin_avg3_away=14
diff_off_success_rate_std=14
travel_miles_away=14
diff_away_def_epa_roll6=13
diff_ep_team_exp_fp_total_std=13
diff_ep_team_td_over_expected_std=13
diff_fg_pct_long_std=13
diff_off_rz_epa_roll6=13
diff_off_third_down_rate_roll3=13
diff_rb_weighted_epa_roll3=13
diff_def_explosive_rush_rate_std=12
diff_ep_team_rush_share_hhi_roll6=12
diff_ko_return_avg_std=12
diff_nondiv_def_epa_std=12
diff_off_avg_drive_yards_std=12
diff_off_cpoe_roll6=12
diff_off_drives_per_game_std=12
diff_off_sack_rate_roll3=12
diff_travel_miles=12
diff_def_penalty_yards_std=11
diff_div_off_epa_std=11
diff_opp_fumble_recovery_rate_std_roll3=11
diff_away_def_epa_roll3=10
diff_def_rz_epa_roll3=10
diff_def_rz_td_rate_roll3=10
diff_home_def_epa_std=10
diff_nondiv_def_epa_roll6=10
diff_off_penalty_yards_drawn_std=10
diff_off_rz_success_rate_roll3=10
diff_wins=10
diff_def_rz_pass_rate_std=9
diff_def_three_and_out_rate_std=9
diff_ep_team_exp_pass_fp_roll6=9
diff_ep_team_opportunity_hhi_std=9
diff_home_off_epa_roll3=9
diff_off_explosive_rush_rate_roll3=9
diff_off_top_seconds_std=9
diff_opp_fumble_recovery_rate_std=9
diff_pace_roll3=9
diff_skill_injury_impact_roll6=9
opening_total_home=9
diff_adj_off_epa_std=8
diff_def_avg_drive_plays_roll3=8
diff_def_explosive_pass_rate_roll3=8
diff_ep_team_fp_over_expected_roll3=8
diff_ep_team_fp_over_expected_roll6=8
diff_ko_return_avg_roll6=8
diff_leading_off_epa_roll6=8
diff_off_penalties_std=8
diff_off_third_down_rate_std=8
diff_punt_return_avg_roll3=8
diff_trailing_def_epa_std=8
diff_def_third_down_rate_roll3=7
diff_off_epa_per_play_roll6=7
diff_off_rush_epa_roll3=7
diff_off_rz_pass_rate_roll3=7
diff_off_rz_success_rate_roll6=7
diff_off_top_seconds_roll3=7
temperature_home=7
diff_fourth_down_success_rate_roll6=6
diff_ko_touchback_rate_std=6
diff_leading_off_epa_roll3=6
diff_off_explosive_pass_rate_roll3=6
diff_own_fumble_recovery_rate_std_roll3=6
diff_wr_te_weighted_epa_roll3=6
ref_penalties_per_game_away=6
diff_def_penalty_yards_drawn_roll3=5
diff_def_rz_epa_roll6=5
diff_fg_pct_roll6=5
diff_nondiv_off_epa_std=5
diff_off_sos_score_std=5
wins_home=5
coaching_tenure_home=4
diff_adj_def_epa_roll3=4
diff_away_off_epa_roll3=4
diff_def_rz_td_rate_roll6=4
diff_def_sack_rate_roll3=4
diff_def_third_down_rate_roll6=4
diff_ep_team_td_over_expected_roll3=4
diff_fourth_down_go_rate_roll3=4
diff_fourth_down_success_rate_std=4
diff_nondiv_def_epa_roll3=4
diff_off_explosive_rush_rate_roll6=4
diff_pace_roll6=4
diff_proe_roll6=4
diff_trailing_off_epa_std=4
losses_away=4
diff_adj_def_epa_std=3
diff_def_penalties_std=3
diff_def_sack_rate_std=3
diff_def_top_seconds_roll6=3
diff_fourth_down_go_rate_roll6=3
diff_off_explosive_pass_rate_roll6=3
diff_off_success_rate_roll3=3
diff_wr_te_weighted_epa_std=3
win_streak_away=3
diff_fg_pct_50plus_roll6=2
diff_off_drives_per_game_roll3=2
win_pct_home=2
wind_speed_away=2
diff_ep_team_opportunity_hhi_roll3=1
diff_fg_pct_short_roll3=1
diff_off_penalties_drawn_std=1
diff_off_rz_trips_roll6=1

parameters:
[boosting: gbdt]
[objective: regression]
[metric: l2]
[tree_learner: serial]
[device_type: cpu]
[data_sample_strategy: bagging]
[data: ]
[valid: ]
[num_iterations: 500]
[learning_rate: 0.05]
[num_leaves: 31]
[num_threads: 16]
[seed: 42]
[deterministic: 0]
[force_col_wise: 1]
[force_row_wise: 0]
[histogram_pool_size: -1]
[max_depth: 4]
[min_data_in_leaf: 20]
[min_sum_hessian_in_leaf: 0.001]
[bagging_fraction: 0.8]
[pos_bagging_fraction: 1]
[neg_bagging_fraction: 1]
[bagging_freq: 0]
[bagging_seed: 400]
[bagging_by_query: 0]
[feature_fraction: 0.7]
[feature_fraction_bynode: 1]
[feature_fraction_seed: 30056]
[extra_trees: 0]
[extra_seed: 12879]
[early_stopping_round: 0]
[early_stopping_min_delta: 0]
[first_metric_only: 0]
[max_delta_step: 0]
[lambda_l1: 1]
[lambda_l2: 5]
[linear_lambda: 0]
[min_gain_to_split: 0]
[drop_rate: 0.1]
[max_drop: 50]
[skip_drop: 0.5]
[xgboost_dart_mode: 0]
[uniform_drop: 0]
[drop_seed: 17869]
[top_rate: 0.2]
[other_rate: 0.1]
[min_data_per_group: 100]
[max_cat_threshold: 32]
[cat_l2: 10]
[cat_smooth: 10]
[max_cat_to_onehot: 4]
[top_k: 20]
[monotone_constraints: ]
[monotone_constraints_method: basic]
[monotone_penalty: 0]
[feature_contri: ]
[forcedsplits_filename: ]
[refit_decay_rate: 0.9]
[cegb_tradeoff: 1]
[cegb_penalty_split: 0]
[cegb_penalty_feature_lazy: ]
[cegb_penalty_feature_coupled: ]
[path_smooth: 0]
[interaction_constraints: ]
[verbosity: -1]
[saved_feature_importance_type: 0]
[use_quantized_grad: 0]
[num_grad_quant_bins: 4]
[quant_train_renew_leaf: 0]
[stochastic_rounding: 1]
[linear_tree: 0]
[max_bin: 255]
[max_bin_by_feature: ]
[min_data_in_bin: 3]
[bin_construct_sample_cnt: 200000]
[data_random_seed: 175]
[is_enable_sparse: 1]
[enable_bundle: 1]
[use_missing: 1]
[zero_as_missing: 0]
[feature_pre_filter: 1]
[pre_partition: 0]
[two_round: 0]
[header: 0]
[label_column: ]
[weight_column: ]
[group_column: ]
[ignore_column: ]
[categorical_feature: ]
[forcedbins_filename: ]
[precise_float_parser: 0]
[parser_config_file: ]
[objective_seed: 16083]
[num_class: 1]
[is_unbalance: 0]
[scale_pos_weight: 1]
[sigmoid: 1]
[boost_from_average: 1]
[reg_sqrt: 0]
[alpha: 0.9]
[fair_c: 1]
[poisson_max_delta_step: 0.7]
[tweedie_variance_power: 1.5]
[lambdarank_truncation_level: 30]
[lambdarank_norm: 1]
[label_gain: ]
[lambdarank_position_bias_regularization: 0]
[eval_at: ]
[multi_error_top_k: 1]
[auc_mu_weights: ]
[num_machines: 1]
[local_listen_port: 12400]
[time_out: 120]
[machine_list_filename: ]
[machines: ]
[gpu_platform_id: -1]
[gpu_device_id: -1]
[gpu_use_dp: 0]
[num_gpu: 1]

end of parameters

pandas_categorical:[]
