tree
version=v4
num_class=1
num_tree_per_iteration=1
label_index=0
max_feature_idx=119
objective=regression
feature_names=diff_opening_spread diff_off_epa_per_play_std diff_off_sack_rate_roll6 travel_miles_away diff_wr_weighted_yac_oe_roll3 diff_rb_weighted_epa_std diff_off_cpoe_roll6 diff_away_def_epa_roll6 diff_qb_pressure_rate_std diff_off_three_and_out_rate_roll6 diff_skill_injury_impact_std diff_def_penalty_yards_drawn_roll6 diff_off_rz_success_rate_std diff_adj_def_epa_std diff_off_penalties_std diff_off_success_rate_roll6 diff_div_def_epa_roll6 diff_ko_return_avg_std diff_wins diff_off_sack_rate_roll3 diff_rb_weighted_epa_roll3 diff_def_penalty_yards_std diff_wr_weighted_yac_oe_roll6 diff_opp_fumble_recovery_rate_std_std diff_fourth_down_success_rate_std diff_rb_time_to_los_roll6 diff_rb_weighted_ryoe_roll3 diff_off_success_rate_roll3 diff_off_avg_drive_yards_std diff_def_rz_epa_roll3 diff_adj_off_epa_std diff_leading_off_epa_roll6 diff_nondiv_def_epa_roll3 losses_away diff_nondiv_off_epa_roll6 diff_leading_def_epa_std diff_def_rz_pass_rate_roll6 diff_nondiv_off_epa_roll3 diff_proe_roll3 diff_win_streak diff_ko_touchback_rate_roll6 diff_punt_return_avg_std diff_off_explosive_rush_rate_roll3 diff_qb_pressure_rate_roll3 diff_def_explosive_rush_rate_roll3 wins_home diff_skill_target_share_hhi_roll6 diff_pace_roll3 diff_off_rush_epa_roll3 diff_off_explosive_pass_rate_std diff_skill_injury_impact_roll3 diff_div_def_epa_std diff_off_penalties_drawn_std diff_def_explosive_pass_rate_roll3 diff_own_fumble_recovery_rate_std_roll3 diff_off_rz_epa_roll3 diff_def_explosive_rush_rate_std diff_wr_te_weighted_epa_std diff_off_avg_drive_plays_std diff_off_pass_epa_roll6 diff_def_injury_impact_std diff_punt_return_avg_roll3 diff_off_third_down_rate_roll3 diff_fg_pct_long_std diff_off_avg_drive_plays_roll3 diff_leading_def_epa_roll3 diff_leading_off_epa_std diff_def_sack_rate_roll3 diff_def_epa_per_play_roll6 diff_off_rz_success_rate_roll3 win_pct_home coaching_tenure_home ats_margin_avg3_away diff_off_third_down_rate_std diff_def_penalties_drawn_roll3 diff_def_third_down_rate_roll6 diff_opp_fumble_recovery_rate_std diff_off_sos_score_std diff_def_third_down_rate_roll3 win_streak_away diff_def_sos_score_std diff_wr_te_weighted_epa_roll3 diff_def_three_and_out_rate_std diff_def_success_rate_roll3 diff_travel_miles diff_wr_weighted_separation_roll3 diff_off_top_seconds_roll3 diff_qb_dakota_roll6 diff_leading_def_epa_roll6 diff_off_penalty_yards_roll3 diff_def_rz_td_rate_roll6 diff_fg_att_roll6 diff_early_down_run_rate_roll6 diff_leading_off_epa_roll3 diff_fg_pct_roll3 diff_own_fumble_recovery_rate_std diff_home_def_epa_roll3 ats_cover_sum3_away diff_def_three_and_out_rate_roll3 diff_win_pct diff_off_rz_td_rate_roll3 temperature_away diff_home_def_epa_roll6 diff_trailing_off_epa_std win_pct_away diff_def_rz_success_rate_roll3 diff_off_cpoe_roll3 diff_def_epa_per_play_roll3 diff_off_explosive_rush_rate_roll6 diff_def_avg_drive_yards_roll6 diff_away_off_epa_roll6 diff_def_sack_rate_roll6 diff_fourth_down_success_rate_roll6 diff_wr_weighted_separation_roll6 opening_total_away diff_off_explosive_pass_rate_roll3 diff_trailing_off_epa_roll6 wind_speed_home diff_ko_return_avg_roll3 diff_away_off_epa_roll3
feature_infos=[-33:43] [-0.89615999162197113:0.84700344502925873] [-0.16287340596318245:0.14610389992594719] [0:5266.8000000000002] [-10.303168826437801:12.194614264735556] [-7.6779916545954237:10.559087289124728] [-30.688534736633301:38.514461517333984] [-0.76172319302956271:0.81195994466543198] [-0.48200000000000004:0.38499999999999995] [-0.4116161616161616:0.57575757575757569] [-2.4974933153018357:2.3574074074074076] [-69:77] [-0.73333331942558289:0.84615384042263031] [-0.71541596949100494:0.88652980327606201] [-7:6] [-0.38152013719081879:0.27322402596473694] [-0.86481103301048279:0.78134894371032715] [-48.5:47.125] [-11:12] [-0.1803727789471547:0.16151407609383264] [-8.528332817309348:10.559087289124728] [-94:80] [-7.469694309775833:6.0941490786325119] [-1:1] [-1:1] [-1.106444444444445:0.93211994949494903] [-6.1916161390349451:7.2467503276460814] [-0.38152013719081879:0.27322402596473694] [-39.345456123352051:36.8675217628479] [-2.8487167047957578:2.7074642988542714] [-0.89615999162197113:0.75189545750617981] [-8.3892935514450073:5.439639899879694] [-0.73443540185689926:0.88652980327606201] [0:15] [-0.66089094678560889:0.75189545750617981] [-5.3859257698059082:5.3745922148227692] [-0.8333333283662796:0.90909093618392944] [-0.74516201019287109:0.97462587058544159] [-0.32302161097758625:0.34008444829653667] [-17:16] [-1:1] [-26.999999523162842:45.416667938232422] [-0.23076923076923078:0.2533333333333333] [-0.48200000000000004:0.38499999999999995] [-0.2424242424242424:0.23763515067862895] [0:14] [-0.20393207644628103:0.15630206330898377] [-34:32] [-0.67900723963975906:1.0113861858844757] [-0.18837018837018837:0.2857142857142857] [-2.9489422087868058:2.8925925925374032] [-0.77946552634239197:0.78134894371032715] [-7:8] [-0.20532719313207118:0.21875] [-1:1] [-3.2184919714927673:2.6077703610062599] [-0.2424242424242424:0.20042417815482502] [-12.31318187713623:12.183483719825745] [-3.583333333333333:4.5] [-1.0129465758800507:1.5306223928928375] [-4.1500000000000004:3] [-26.999999523162842:45.416667938232422] [-0.44230771064758301:0.62727269530296326] [-1:1] [-3.583333333333333:4.5] [-6.2839754968881607:8.9713747501373291] [-4.8015694357454777:5.439639899879694] [-0.16011972352862358:0.1666666716337204] [-0.71541596949100494:0.88652980327606201] [-0.73333331942558289:0.84615384042263031] [0:1] [1:17] [-38:39] [-0.44230771064758301:0.62727269530296326] [-8:7] [-0.57142859697341919:0.56666663289070129] [-1:1] [-0.73939523100852966:0.81203330308198929] [-0.57142859697341919:0.56666663289070129] [-15:11] [-0.72077322006225586:0.75828441977500916] [-12.31318187713623:12.183483719825745] [-0.46153846153846156:0.40909090909090906] [-0.24968472123146057:0.30359803140163422] [-2719.8000000000002:1992.7000000000003] [-2.0745504969355917:2.1062744076974824] [-1114.3333333333333:879] [-0.36423890665173531:0.56892763823270798] [-5.3859257698059082:5.3745922148227692] [-75:50] [-1:1] [-4:4] [-0.43678160919540232:0.37921435199505099] [-8.9221019198497142:8.8304748088121414] [-1:1] [-1:1] [-0.94794753938913345:0.88652980327606201] [0:3] [-0.46153846153846156:0.40909090909090906] [-1:1] [-1:1] [1:97] [-0.80247220396995544:0.88652980327606201] [-1.9594758795574307:2.1133341491222382] [0:1] [-0.69230768084526062:0.8333333283662796] [-30.688534736633301:38.514461517333984] [-0.71541596949100494:0.88652980327606201] [-0.23076923076923078:0.2533333333333333] [-34.377778053283691:34.656564712524414] [-0.73939523100852966:0.84628571569919586] [-0.14705882966518402:0.1666666716337204] [-1:1] [-2.0745504969355917:2.0128921936957962] [10.5:63.5] [-0.18837018837018837:0.2857142857142857] [-2.5981578990817069:2.2618493437767029] [0:71] [-48.5:65.916666666666671] [-0.95676788687705994:0.98236359283328056]
tree_sizes=1377 1330 1428 1498 1511 1428 1512 1520 1428 1432 1424 1520 1414 1354 1449 1524 1438 1533 1515 1447 1439 1428 1510 1432 1505 1530 1444 1437 1438 1526 1359 1191 1185 1182 1443 1526 1527 1424 1005 1444 1281 1346 1093 1279 1358 1525 1546 1340 1511 1359 1099 1008 1535 1358 1358 1017 1091 842 1524 755 841 1108 1360 1094 933 1013 931 1093 909 593 943 1022 677 1261 1096 935 668 1439 937 1092 1105 1368 1438 1270 998 933 1250 1264 847 675 756 756 1100 1012 1269 1180 918 1332 928 843 1454 1015 838 1108 683 1009 932 1360 1021 1014 1354 933 1016 840 929 929 851 1003 1168 687 1104 1360 1018 848 1087 1005 844 1165 1450 1279 829 1005 674 1534 753 755 922 1089 1091 1018 1017 913 1355 1359 1013 922 1451 1020 1188 1438 1355 1351 1458 1019 768 924 1267 843 1442 1013 916 1464 1188 1016

Tree=0
num_leaves=15
num_cat=0
split_feature=0 0 0 27 63 9 84 15 9 73 73 23 58 105
split_gain=49490.6 9129.8 7775.18 2715.45 2544.52 2455.51 1956.41 1903.37 1755.52 1720.61 1612.59 1510.63 1337.9 1098.72
threshold=5.5000000000000009 -8.4999999999999982 16.500000000000004 0.042181059718132026 0.037698412698412738 0.068423012173012179 -1879.3999999999999 0.015795993308226262 0.10889989639989638 0.049328767206697245 -0.070300962393864588 -0.37638392857142849 -0.12771630079322491 0.11560845871766408
decision_type=10 8 10 10 8 8 8 10 8 10 10 10 10 10
left_child=1 9 5 6 7 10 -3 -4 -7 11 -2 -1 -5 -6
right_child=2 3 4 12 13 8 -8 -9 -10 -11 -12 -13 -14 -15
leaf_value=1.4198053019276882 1.6670814297775358 1.283860161950573 1.6608956910277559 1.4916825785519305 2.4154358356851113 1.4828564261258217 1.5505116483142853 2.105978002533003 1.8037405216450488 1.6704038929493084 1.9509460593525088 1.1143247773005271 1.8797174018031979 1.9443701945469845
leaf_weight=71 54 76 29 25 104 52 600 110 164 21 492 192 83 22
leaf_count=71 54 76 29 25 104 52 600 110 164 21 492 192 83 22
internal_value=1.70263 1.46486 1.94983 1.55466 2.18129 1.86668 1.51761 2.01455 1.72304 1.22398 1.92271 1.18979 1.78409 2.34593
internal_weight=2095 1068 1027 784 265 762 676 139 216 284 546 263 108 126
internal_count=2095 1068 1027 784 265 762 676 139 216 284 546 263 108 126
is_linear=0
shrinkage=1


Tree=1
num_leaves=14
num_cat=0
split_feature=0 0 0 27 25 14 60 63 91 87 4 47 36
split_gain=44802 8271 7073.74 2453.16 2382.71 2352.68 2430.77 1778.74 1638.35 1622.92 1467.83 1243.96 1181.3
threshold=5.5000000000000009 -8.4999999999999982 16.500000000000004 0.042181059718132026 0.26385832252739855 -2.0499999999999994 -0.49285714285714294 0.037698412698412738 0.94166666666666687 -0.059738380601629608 0.32829253484199755 -9.0000000000000018 -0.14574493467807767
decision_type=10 8 10 10 10 8 10 8 10 8 10 10 8
left_child=1 9 5 8 7 -2 -7 -4 -3 11 -5 -1 -11
right_child=2 3 4 10 -6 6 -8 -9 -10 12 -12 -13 -14
leaf_value=-0.25066086612641814 -0.27561277083812225 -0.19931079922676087 0.34249189082845932 0.24540347388533298 -0.054236446723341949 0.048836667129167712 0.23981864027329725 0.641929214303532 0.076643115917190183 -0.57198316220081213 -0.10850952270914589 -0.64523816715393756 -0.20276059277000882
leaf_weight=35 26 620 126 56 20 261 475 119 56 28 52 121 100
leaf_count=35 26 620 126 56 20 261 475 119 56 28 52 121 100
internal_value=0 -0.226236 0.235193 -0.14076 0.455962 0.155879 0.172947 0.498063 -0.175982 -0.455508 0.0772971 -0.567556 -0.302371
internal_weight=2095 1068 1027 784 265 762 736 245 676 284 108 156 128
internal_count=2095 1068 1027 784 265 762 736 245 676 284 108 156 128
is_linear=0
shrinkage=0.05


Tree=2
num_leaves=15
num_cat=0
split_feature=0 0 0 15 3 72 67 63 63 15 73 19 113 22
split_gain=40549 7538.8 6422.48 2387.1 2407.1 2290.62 2147.89 2111.84 1844.8 1714.78 1531.17 1419.62 1198.71 1102.85
threshold=5.5000000000000009 -8.4999999999999982 16.500000000000004 0.040328693886597967 1849.7500000000002 -8.2083333333333304 0.036168903733293227 0.037698412698412738 0.010019841269841291 0.015795993308226262 0.049328767206697245 0.059425053497155517 0.11549699541275028 -0.65143687889261126
decision_type=10 8 10 10 10 10 8 8 8 10 10 8 10 8
left_child=1 10 5 4 -3 12 -7 9 -5 -4 11 -1 -2 -9
right_child=2 3 7 8 -6 6 -8 13 -10 -11 -12 -13 -14 -15
leaf_value=-0.53445328362469613 -0.099964726358772293 -0.12396722479609895 -0.051639110638814816 -0.095090168631739094 -0.38464089219815267 0.13801925067535725 0.36310262273376193 0.18982735234670914 0.3431226181374355 0.36906180151778722 -0.016536666452884676 -0.23515502313418049 0.19430560218170287 0.65013561825183308
leaf_weight=198 119 594 29 49 102 461 139 21 39 110 21 65 43 105
leaf_count=198 119 594 29 49 102 461 139 21 39 110 21 65 43 105
internal_value=-7.79241e-05 -0.215317 0.223664 -0.133714 -0.164712 0.14809 0.192816 0.434025 0.106586 0.282197 -0.434204 -0.466436 -0.0180776 0.583973
internal_weight=2095 1068 1027 784 696 762 600 265 88 139 284 263 162 126
internal_count=2095 1068 1027 784 696 762 600 265 88 139 284 263 162 126
is_linear=0
shrinkage=0.05


Tree=3
num_leaves=16
num_cat=0
split_feature=1 18 99 18 3 2 5 5 16 28 43 72 44 14 102
split_gain=21437.3 6271.47 5206.94 2488.57 2726.25 2458.84 2314 2246.14 2099.21 2046 1554.32 1519.94 1474.43 1102.18 741.132
threshold=0.018200020564513076 -1.4999999999999998 0.039015151515151537 2.5000000000000004 2141.4000000000005 0.027584220437953874 1.3439182777600855 -1.2837799624456785 0.0019950019195675854 -5.4271061579386393 0.079666666666666663 -1.0833333333333333 -0.01139443889443891 -0.28571428571428575 -0.12338729326923686
decision_type=10 2 2 2 10 10 10 10 8 8 8 10 10 10 10
left_child=1 8 6 4 -3 7 10 -4 12 -10 -2 -8 -1 -7 -5
right_child=2 3 5 14 -6 13 11 -9 9 -11 -12 -13 -14 -15 -16
leaf_value=0.098743209013572114 -0.17770986064716621 -0.042571656483887742 -0.017913036778569223 0.43940430009557363 -0.3643347234044173 0.22797429489868659 -0.013403912425041199 0.34916600150296073 -0.52529689119976075 -0.24046910691123477 0.12084920248159997 0.36459071948414756 -0.23389532478507033 -0.18150291857974871 0.045463952532521001
leaf_weight=47 130 701 45 26 68 22 45 457 117 168 60 58 92 37 22
leaf_count=47 130 701 45 26 68 22 45 457 117 168 60 58 92 37 22
internal_value=0 -0.132499 0.192159 -0.0507944 -0.0732584 0.280744 0.0205147 0.31631 -0.287391 -0.364612 -0.0824904 0.206009 -0.12155 -0.0221534 0.281114
internal_weight=2095 1241 854 817 769 561 293 502 424 285 190 103 139 59 48
internal_count=2095 1241 854 817 769 561 293 502 424 285 190 103 139 59 48
is_linear=0
shrinkage=0.05


Tree=4
num_leaves=16
num_cat=0
split_feature=1 18 18 19 18 3 5 5 16 28 25 116 72 3 36
split_gain=19392.4 5687.96 4693.47 2352.77 2279.14 2480.24 2255.9 1989.16 1901.44 1880.72 1770.9 1726.55 1362.55 1335.42 596.423
threshold=0.018200020564513076 -1.4999999999999998 1.0000000180025095e-35 0.040506358879307917 2.5000000000000004 2141.4000000000005 -1.2837799624456785 1.3439182777600855 0.0019950019195675854 -6.8673634330431623 -0.048773289532109125 0.1466659223660827 -3.5833333333333326 674.00000000000011 0.058162791033585882
decision_type=10 2 2 10 2 10 10 10 8 8 8 10 10 10 8
left_child=1 8 7 6 5 -3 -4 10 11 -10 -2 -1 -9 -5 -6
right_child=2 4 3 13 14 -7 -8 12 9 -11 -12 -13 -14 -15 -16
leaf_value=-0.03438021610847735 0.10382582028706869 -0.040458146451128829 -0.041454474421891763 -0.31549436097534805 0.054082858783227432 -0.34736570194363597 0.33581632085927077 -0.084213487015051006 -0.54062644998016562 -0.25052617928793136 -0.18903372853261527 -0.49384722232818606 0.30129898091914453 0.15512716103759078 0.41185763310040202
leaf_weight=119 85 701 42 21 22 68 452 29 87 198 117 20 77 31 26
leaf_count=119 85 701 42 21 22 68 452 29 87 198 117 20 77 31 26
internal_value=-9.62353e-06 -0.126041 0.182744 0.270148 -0.0482279 -0.0697302 0.303546 0.0258002 -0.273552 -0.34705 -0.066028 -0.11569 0.196336 -0.0450575 0.269393
internal_weight=2095 1241 854 546 817 769 494 308 424 285 202 139 106 52 48
internal_count=2095 1241 854 546 817 769 494 308 424 285 202 139 106 52 48
is_linear=0
shrinkage=0.05


Tree=5
num_leaves=15
num_cat=0
split_feature=0 0 0 19 58 9 60 99 107 5 66 89 105 87
split_gain=32527.5 6108.51 5295.08 2240.67 2213.2 2091.86 2339.38 1888.98 1706.88 1613.39 1561.58 1092.88 1007.27 802.699
threshold=5.5000000000000009 -6.4999999999999991 12.500000000000002 -0.052779662733276674 0.27908480408480424 0.066618566618566605 -0.49285714285714294 0.10000000000000002 0.07228899995485942 1.5441658762121124 -0.6977451667189597 -6.833333333333333 0.17379679779211685 0.010598429769743236
decision_type=10 8 10 8 10 10 10 2 10 10 8 10 10 10
left_child=1 9 5 13 8 6 -2 -5 -4 10 -1 -7 -6 -3
right_child=2 3 4 7 12 11 -8 -9 -10 -11 -12 -13 -14 -15
leaf_value=-0.75349158068497979 -0.0058664414610734772 -0.034752039998769767 0.2737165482082215 -0.0904595310580142 0.47584801596336668 -0.30195515541867779 0.23066076682069145 -0.3424706132320518 -0.041963750975472586 -0.032727745521900269 -0.34215888782779674 0.021614893147749687 0.12937816951204748 0.35232767338199278
leaf_weight=25 172 20 221 542 194 39 259 83 51 38 330 62 29 30
leaf_count=25 172 20 221 542 194 39 259 83 51 38 330 62 29 30
internal_value=-0.000128829 -0.192909 0.200262 -0.100303 0.317305 0.0893264 0.13717 -0.126458 0.214657 -0.348581 -0.381328 -0.111206 0.434836 0.207503
internal_weight=2095 1068 1027 675 495 532 431 625 272 393 355 101 223 50
internal_count=2095 1068 1027 675 495 532 431 625 272 393 355 101 223 50
is_linear=0
shrinkage=0.05


Tree=6
num_leaves=16
num_cat=0
split_feature=0 0 0 28 61 21 2 0 17 20 87 66 91 23 20
split_gain=29475.3 6516.23 4372.07 2442.72 2396.43 2142.22 2156.07 2063.41 2007.55 1460.19 1316.86 1199.41 1199.08 1104.9 852.912
threshold=2.5000000000000004 11.500000000000002 -8.4999999999999982 8.5365079243977888 -1.2444445192813871 8.9404761904761916 -0.017177434482922152 20.500000000000004 -2.8493056138356532 0.82571454029689406 -0.059738380601629608 -0.51669935101332753 -0.1666666666666666 -0.36415986790986793 -0.67526874159036765
decision_type=10 10 8 10 8 10 8 10 8 10 8 10 10 10 10
left_child=2 4 10 7 9 6 -4 -3 -6 -2 13 -7 -12 -1 -5
right_child=1 3 5 14 8 11 -8 -9 -10 -11 12 -13 -14 -15 -16
leaf_value=-0.19085678378256357 -0.21164131852905307 0.16996427173752571 0.01854404917685315 0.13208878315985204 0.29629963252758768 -0.20146488662809137 -0.23186953659348478 0.45707260555139295 0.05172241411319705 0.078045415671335328 -0.36857616795521037 0.14088327915718157 -0.057994844944727036 -0.54590646617710592 0.53142860963025362
leaf_weight=36 108 349 107 20 109 30 411 76 332 67 71 91 57 120 111
leaf_count=36 108 349 107 20 109 30 411 76 332 67 71 91 57 120 111
internal_value=-0.000179805 0.165931 -0.210914 0.289284 0.0530796 -0.136424 -0.180365 0.22614 0.11493 -0.101368 -0.373083 0.0509803 -0.238026 -0.472754 0.477926
internal_weight=2095 1172 923 556 616 639 518 425 441 175 284 121 128 156 131
internal_count=2095 1172 923 556 616 639 518 425 441 175 284 121 128 156 131
is_linear=0
shrinkage=0.05


Tree=7
num_leaves=16
num_cat=0
split_feature=1 18 99 30 106 15 11 9 109 105 5 19 33 72 72
split_gain=14620.9 4312.6 3660.47 2654.03 2126.33 2024.47 1963.92 1925.72 1865.51 1822.96 1793.62 1651.06 1391.86 1313.95 1267.87
threshold=0.018200020564513076 -1.4999999999999998 0.039015151515151537 -0.091537056316743887 -9.901542703310648 -0.018487965067227687 10.41666666666667 0.022358891108891114 -2.121060339609778 0.0019492954015731814 1.3439182777600855 0.013254396927853428 2.5000000000000004 7.5833333333333348 -1.0833333333333333
decision_type=10 2 2 10 10 8 10 10 10 8 10 10 2 8 10
left_child=1 3 10 12 -5 8 7 -4 -3 -7 13 -8 -1 -2 -12
right_child=2 5 6 4 -6 9 11 -9 -10 -11 14 -13 -14 -15 -16
leaf_value=-0.16160450425619882 -0.015515365441475649 -0.036666258877259127 0.31958011845577006 -0.5480312371547793 -0.22902110389787966 0.16135944122057638 0.1436056891193902 0.051626889633663589 -0.27509169805262773 -0.043864389982051645 -0.021369045794010166 -0.30975387415216704 0.23509325632234901 -0.35853320307591385 0.32290839764570434
leaf_weight=43 161 204 388 66 279 157 66 84 135 321 45 23 36 29 58
leaf_count=43 161 204 388 66 279 157 66 84 135 321 45 23 36 29 58
internal_value=-0.000159181 -0.109596 0.158524 -0.238043 -0.297149 -0.0418317 0.232796 0.273039 -0.134378 0.0244108 0.0146278 0.0156691 0.0218072 -0.0759778 0.178007
internal_weight=2095 1241 854 424 345 817 561 472 339 478 293 89 79 190 103
internal_count=2095 1241 854 424 345 817 561 472 339 478 293 89 79 190 103
is_linear=0
shrinkage=0.05


Tree=8
num_leaves=15
num_cat=0
split_feature=0 0 0 11 3 112 0 61 58 9 115 104 19 118
split_gain=25221.7 4873.59 4179.11 2156.62 1923.97 1814.41 1739.11 2296.47 1532.87 1212.68 1208.23 1454.73 1186.23 98.1053
threshold=5.5000000000000009 -8.4999999999999982 20.500000000000004 8.0000000000000036 1321.0000000000002 -0.049722222238779083 11.500000000000002 -1.6666666766007741 0.26987685154351798 -0.080837773337773269 -1.0000000180025095e-35 0.40833333333333338 0.059425053497155517 -1.8571432431538903
decision_type=10 8 10 8 10 8 10 8 8 8 10 2 8 10
left_child=1 9 6 5 -5 -3 7 -2 -8 -1 13 -12 -11 -4
right_child=2 3 10 4 -6 -7 8 -9 -10 12 11 -13 -14 -15
leaf_value=0.022005444526672364 -0.12878050560212653 -0.15330946275774959 0.80200559616088862 -0.13130221416835081 -0.44529897750240482 0.029694388465821561 0.11225733140323363 0.12770997658779062 0.30883158883867573 -0.43555167598622335 0.39528967888009819 -0.05417218007720434 -0.1707423333026154 0.37817782661318783
leaf_weight=20 110 231 20 171 68 314 216 361 196 198 83 21 66 20
leaf_count=20 110 231 20 171 68 314 216 361 196 198 83 21 66 20
internal_value=-0.000245897 -0.170004 0.176209 -0.104404 -0.228139 -0.04847 0.133858 0.0669792 0.208475 -0.345985 0.42236 0.305752 -0.373939 0.656769
internal_weight=2095 1068 1027 784 239 545 883 471 412 284 144 104 264 40
internal_count=2095 1068 1027 784 239 545 883 471 412 284 144 104 264 40
is_linear=0
shrinkage=0.05


Tree=9
num_leaves=15
num_cat=0
split_feature=0 0 0 110 61 11 5 45 84 32 20 42 47 119
split_gain=22956.5 5023.12 3401.73 2180.03 1987.03 1919.59 2316.26 1888.85 1798.46 1767.09 1424.21 1239.8 1274.51 838.715
threshold=2.5000000000000004 11.500000000000002 -8.4999999999999982 -0.1278540374478325 -1.2222222288449602 8.0000000000000036 -0.1503685996652333 3.5000000000000004 -826.44999999999993 0.083356944785919054 0.82571454029689406 -0.020433726173044016 -9.1666666666666661 0.012511157896369697
decision_type=10 10 8 8 8 8 10 2 8 10 10 8 8 8
left_child=2 4 11 -3 10 6 -4 -6 -7 -5 -2 13 -13 -1
right_child=1 3 5 9 7 8 -8 -9 -10 -11 -12 12 -14 -15
leaf_value=-0.54230281382121825 -0.19827836003507779 -0.098819760943568036 -0.16503529519703522 0.33202740815265924 0.004879059812897801 -0.41898268101255542 0.06026844935757774 0.21232855790558289 -0.10493806577672105 0.10684112158939243 0.083675463497638713 0.061859071605345789 -0.29097461130965008 -0.20147040599527269
leaf_weight=83 111 38 246 398 229 84 205 207 104 120 69 29 138 34
leaf_count=83 111 38 246 398 229 84 205 207 104 120 69 29 138 34
internal_value=-0.00015303 0.14644 -0.186133 0.254747 0.0473382 -0.120412 -0.0629769 0.104774 -0.252734 0.281476 -0.0905854 -0.329191 -0.229396 -0.455984
internal_weight=2095 1172 923 556 616 639 451 436 188 518 180 284 167 117
internal_count=2095 1172 923 556 616 639 451 436 188 518 180 284 167 117
is_linear=0
shrinkage=0.05


Tree=10
num_leaves=15
num_cat=0
split_feature=0 0 0 62 41 99 84 75 29 77 53 21 17 30
split_gain=20813.9 4121.17 3645.86 1598.71 1754.91 1512.66 1701.56 1443.92 1865.43 1329.31 1610.68 1286.46 1141.79 929.867
threshold=5.5000000000000009 -6.4999999999999991 20.500000000000004 0.037632646660010018 -0.25029761876378726 0.13809523809523819 -1970.1499999999999 -0.1297267594685157 0.33447793871164327 0.079419307685124577 -0.024081767107704776 -5.1150793650793629 1.7500002384185793 0.049524241230554059
decision_type=10 8 10 10 10 2 8 8 8 10 8 10 10 10
left_child=1 9 7 12 -5 6 -3 11 -9 10 -1 -2 -4 -7
right_child=2 5 3 4 -6 13 -8 8 -10 -11 -12 -13 -14 -15
leaf_value=-0.51502790779639518 -0.31433203274055438 -0.29117157940681165 0.79600300516401024 -0.028709122066090748 0.4052136758642812 -0.38323042667160434 -0.019821407287234721 0.19642901060511209 0.034130700170129973 0.078068785755722625 -0.24525144317067499 0.067171574023086586 0.23970478864816519 -0.019261801338964893
leaf_weight=73 29 60 30 36 57 55 534 524 271 22 298 59 21 26
leaf_count=73 29 60 30 36 57 55 534 524 271 22 298 59 21 26
internal_value=-0.000283345 -0.154498 0.160011 0.389856 0.243839 -0.0784571 -0.0495157 0.120487 0.141726 -0.282351 -0.30461 -0.0681539 0.609686 -0.274895
internal_weight=2095 1068 1027 144 93 675 594 883 795 393 371 88 51 81
internal_count=2095 1068 1027 144 93 675 594 883 795 393 371 88 51 81
is_linear=0
shrinkage=0.05


Tree=11
num_leaves=16
num_cat=0
split_feature=0 0 2 0 107 38 99 53 60 29 82 42 50 46 35
split_gain=18950.7 4290.77 2940.19 1927.23 1848.54 1825.59 1798.75 1739.57 1606.84 1585.41 1359.21 1326.79 1269.7 1083.51 919.639
threshold=2.5000000000000004 12.500000000000002 -0.017177434482922152 -7.4999999999999991 0.0898218423438569 -0.11923439913291309 0.090909090909090912 0.0034445705422716942 -0.33819444444444446 0.21665426498899862 -0.062928837035979859 0.018005393793409232 -0.51689931683552748 -0.0072037501940413326 -0.036536466050893064
decision_type=10 10 8 8 10 10 2 10 8 10 10 10 8 10 10
left_child=2 8 10 5 11 -4 -5 -6 9 -2 14 -3 -10 -12 -1
right_child=1 4 3 6 7 -7 -8 -9 12 -11 13 -13 -14 -15 -16
leaf_value=-0.008450890119586673 0.030024279951042423 0.21053487090865 -0.079530907034253084 -0.10856506555336772 -0.24998808452061244 -0.38602082260089732 -0.40507718980312346 0.18854692364111544 0.2699109025913608 -0.25927301325968338 -0.21366012800823558 0.40612489362042281 0.060414490242819932 0.07380210664687735 0.40496375051236921
leaf_weight=23 143 252 67 417 30 213 55 59 86 65 61 154 383 61 26
leaf_count=23 143 252 67 417 30 213 55 59 86 65 61 154 383 61 26
internal_value=-0.000269188 0.132919 -0.169247 -0.211556 0.244097 -0.31554 -0.147105 0.0347598 0.0503625 -0.0641104 0.0172535 0.288884 0.101377 -0.0722884 0.227171
internal_weight=2095 1172 923 752 495 280 472 89 677 208 171 406 469 122 49
internal_count=2095 1172 923 752 495 280 472 89 677 208 171 406 469 122 49
is_linear=0
shrinkage=0.05


Tree=12
num_leaves=15
num_cat=0
split_feature=0 0 0 19 99 62 41 14 21 75 66 82 17 77
split_gain=17167.1 3413.13 3164.88 1775.61 1613.56 1495.85 1586.7 1493.51 1653.61 1314.44 1302.57 1342.73 1064.63 703.943
threshold=5.5000000000000009 -6.4999999999999991 20.500000000000004 -0.052779662733276674 0.10000000000000002 0.037632646660010018 -0.25029761876378726 -1.8571428571428568 6.8605769230769242 -0.1297267594685157 -0.6977451667189597 0.06164775480251674 1.7500002384185793 -0.095062840219941866
decision_type=10 8 10 8 2 10 10 8 10 8 8 10 10 10
left_child=1 10 7 13 -5 12 -7 8 -2 -9 -1 -12 -4 -3
right_child=2 3 5 4 -6 6 -8 9 -10 -11 11 -13 -14 -15
leaf_value=-0.57550085156108255 -0.33208804333057163 -0.025841621696949008 0.74982352529253282 -0.06149612129742528 -0.293708312375979 -0.038115931756612736 0.37320173526963885 -0.061239563269091073 0.19344622327387334 0.14608069938183962 -0.26610954994288316 -0.0013239603219253402 0.21855523494573742 0.33784548074007037
leaf_weight=27 34 20 30 542 83 36 57 82 20 747 309 57 21 30
leaf_count=27 34 20 30 542 83 36 57 82 20 747 309 57 21 30
internal_value=-0.000262424 -0.140319 0.145312 -0.071112 -0.0944995 0.359409 0.219651 0.108513 -0.1367 0.12527 -0.256675 -0.225581 0.571005 0.202337
internal_weight=2095 1068 1027 675 625 144 93 883 54 829 393 366 51 50
internal_count=2095 1068 1027 675 625 144 93 883 54 829 393 366 51 50
is_linear=0
shrinkage=0.05


Tree=13
num_leaves=14
num_cat=0
split_feature=1 5 9 15 56 32 4 26 8 54 60 77 5
split_gain=8768.36 2724.67 2693.64 2393.42 2349.53 2155.91 1949.1 1730.57 1695.71 1611.42 1395.62 1076.84 530.578
threshold=0.018200020564513076 -1.3972857755089387 0.056946063196063178 0.0091845517357190837 0.0062884743678875013 0.078316342396040767 -2.3205851532711645 -1.4509134905697352 -0.030107142857142857 -0.27675264550264544 -1.0357142857142856 0.074475313918406366 -2.2204879837044751
decision_type=10 10 10 10 10 8 8 10 8 10 10 10 10
left_child=2 11 6 7 10 -5 -1 -3 -8 -6 -4 12 -2
right_child=1 3 4 5 9 -7 8 -9 -10 -11 -12 -13 -14
leaf_value=-0.35768930915266628 0.16576772751631563 0.21225296782950565 0.25787079685500691 0.2789434409772179 -0.09011589357101206 0.08512755401145955 0.17032529835673896 -0.11275954451267572 -0.041591177759482005 -0.40709651748150377 -0.11761490681146583 -0.35504168745230991 -0.15062916680024221
leaf_weight=38 22 55 23 345 62 255 105 124 660 133 220 32 21
leaf_count=38 22 55 23 345 62 255 105 124 660 133 220 32 21
internal_value=-0.000208406 0.122672 -0.0849623 0.150513 -0.183996 0.198039 -0.030078 -0.00956958 -0.0115225 -0.311335 -0.077391 -0.157215 0.0106119
internal_weight=2095 854 1241 779 438 600 803 179 765 195 243 75 43
internal_count=2095 854 1241 779 438 600 803 179 765 195 243 75 43
is_linear=0
shrinkage=0.05


Tree=14
num_leaves=15
num_cat=0
split_feature=15 73 18 51 45 50 81 7 44 76 43 101 50 79
split_gain=7921.43 3410.07 2996.92 2270.8 2156.34 2145.64 2042.53 2252.91 1556.98 1474.32 1390.65 1375.55 1093.68 913.197
threshold=0.032073008517424263 -0.033278256654739373 1.5000000000000002 0.040849099587649117 3.5000000000000004 0.56782820760272446 0.66350288689136516 -0.016246665210928764 -0.01139443889443891 0.16666666666666674 0.013833333333333338 80.500000000000014 -1.3331547076981034 1.0000000180025095e-35
decision_type=10 8 2 10 2 10 10 8 10 8 10 8 10 10
left_child=1 3 6 8 9 -6 7 -2 -1 -3 -8 -5 -4 -14
right_child=2 4 12 11 5 -7 10 -9 -10 -11 -12 -13 13 -15
leaf_value=0.044762808654049885 0.48969137798184931 -0.17559507187564627 -0.041455623751076372 -0.32344042637437431 0.14131917517009526 -0.13408573779794905 0.029655083800408696 0.06881110452372452 -0.15571247401187219 0.0014661409756389716 -0.27234577410854399 0.063970478238730602 0.3966147508521875 0.15757431116055798
leaf_weight=155 41 192 21 192 333 85 147 111 244 290 46 24 145 69
leaf_count=155 41 192 21 192 333 85 147 111 244 290 46 24 145 69
internal_value=-0.000254207 -0.0604503 0.15607 -0.150682 0.00164469 0.0842746 0.0605024 0.194636 -0.0781197 -0.0700405 -0.0471316 -0.279695 0.291979 0.325127
internal_weight=2095 1515 580 615 900 418 345 152 399 482 193 216 235 214
internal_count=2095 1515 580 615 900 418 345 152 399 482 193 216 235 214
is_linear=0
shrinkage=0.05


Tree=15
num_leaves=16
num_cat=0
split_feature=0 0 2 6 61 28 66 105 69 7 73 94 116 118 92
split_gain=14096.9 3329.6 2450.74 1998.56 1828.15 1742.32 1619.51 1604.87 1603.59 1584.29 1305.43 1176.53 949.587 911.246 864.031
threshold=2.5000000000000004 11.500000000000002 -0.017177434482922152 -3.814660874505837 -1.2222222288449602 8.5365079243977888 -0.31077504960953117 0.26296614855527883 -0.13237734884023661 0.12223473268871508 -0.055645574877659469 0.068055555555555605 0.22846769502696895 -6.3499997456868487 1.0000000180025095e-35
decision_type=10 10 8 8 8 10 8 10 8 10 10 10 10 8 10
left_child=2 4 11 7 10 6 -3 -4 -6 -5 -2 12 -1 -7 -13
right_child=1 5 3 9 8 13 -8 -9 -10 -11 -12 14 -14 -15 -16
leaf_value=0.0084625599756836898 -0.34343419277242254 -0.15801901549100877 -0.33084405433882269 -0.064395501441648365 0.27775327276852396 0.050987735280284177 0.17982243865586911 0.10206431809526224 0.040108272175597592 -0.26449031424543534 -0.024874400523667402 0.36563484374965943 -0.32668384677833984 0.41804084533727481 -0.018361543478636905
leaf_weight=95 37 35 243 352 85 22 390 21 351 136 143 30 22 109 24
leaf_count=95 37 35 243 352 85 22 390 21 351 136 143 30 22 109 24
internal_value=-0.000202064 0.114667 -0.145946 -0.184581 0.0340108 0.202839 0.15037 -0.294965 0.0891754 -0.122378 -0.0981386 0.0240939 -0.0649525 0.360907 0.207029
internal_weight=2095 1172 923 752 616 556 425 264 436 488 180 171 117 131 54
internal_count=2095 1172 923 752 616 556 425 264 436 488 180 171 117 131 54
is_linear=0
shrinkage=0.05


Tree=16
num_leaves=15
num_cat=0
split_feature=1 5 119 51 99 116 50 58 47 72 118 30 103 50
split_gain=6745.16 2348.05 2307.35 2095.25 1960.79 2407.66 1816.14 1811.88 1657.16 1493.63 1428.07 859.742 957.059 476.576
threshold=0.018200020564513076 -1.3972857755089387 0.012511157896369697 0.048856455599889166 0.25595238095238099 -0.23418618105351921 -0.66559631057704483 -1.080895934873207 -5.3333333333333313 -13.08333333333333 -13.513888994852699 0.039685768714185728 0.25432886245350045 -0.077800798244201233
decision_type=10 10 8 10 2 10 10 8 8 10 8 10 8 10
left_child=2 11 3 10 9 -6 -5 13 -9 -3 -1 -2 -13 -4
right_child=1 4 7 6 5 -7 -8 8 -10 -11 -12 12 -14 -15
leaf_value=0.2967104208469391 -0.32015355802499335 -0.25949158461298794 -0.43623286419444618 0.021960594654083253 -0.12295171363013131 0.29503043457535244 -0.32849292615478376 0.2380182057905656 -0.010891818523959025 0.094273365832732478 -0.093357368153062087 0.22717194746434691 -0.20606886842825381 -0.095103416485445846
leaf_weight=20 34 27 22 45 37 243 182 73 464 472 412 20 21 23
leaf_count=20 34 27 22 45 37 243 182 73 464 472 412 20 21 23
internal_value=-0.000201274 0.107571 -0.0745397 -0.138242 0.133442 0.238434 -0.259828 -0.00176154 0.0247365 0.0726481 -0.071996 -0.152056 0.00590235 -0.289824
internal_weight=2095 854 1241 659 779 280 227 582 537 499 432 75 41 45
internal_count=2095 854 1241 659 779 280 227 582 537 499 432 75 41 45
is_linear=0
shrinkage=0.05


Tree=17
num_leaves=16
num_cat=0
split_feature=15 9 18 68 15 81 7 56 23 49 17 9 75 20 94
split_gain=6142.87 3098.22 2364.11 1908.85 1992.68 1902.22 2046.37 1879 2106.89 1814.17 1779.6 1286.45 980.365 1179.57 1016.2
threshold=0.032073008517424263 0.058606902356902406 1.5000000000000002 -0.053585867087046296 -0.078426160911718987 0.66350288689136516 -0.016246665210928764 0.010500780151661603 -0.35966424448567297 0.02745260473161101 9.6515151479027512 -0.043816137566137565 -0.020405251532793042 -0.24148684116529343 0.16666666666666682
decision_type=10 10 2 8 8 10 8 10 10 10 8 10 10 10 10
left_child=1 3 5 10 -5 6 -2 9 -9 -3 -1 -7 14 -14 -4
right_child=2 7 12 4 -6 11 -8 8 -10 -11 -12 -13 13 -15 -16
leaf_value=0.14937070848070572 0.46314095064349803 -0.030664196086023349 0.45000015012919903 -0.42673928669907835 -0.028747530059299253 0.045214546977203028 0.062234076973179286 -0.007033358109665328 -0.37810310980068967 -0.4196395299452193 -0.21446785566229851 -0.21662191413342954 -0.089752037097246218 0.24252309659694105 0.088076532610199043
leaf_weight=256 41 266 83 28 712 124 111 53 137 29 34 69 34 89 29
leaf_count=256 41 266 83 28 712 124 111 53 137 29 34 69 34 89 29
internal_value=-0.000276874 -0.0532889 0.137381 -0.00398345 -0.0466367 0.0525037 0.181998 -0.156788 -0.277685 -0.0754258 0.103632 -0.0512492 0.258089 0.150366 0.364484
internal_weight=2095 1515 580 1030 740 345 152 485 190 295 290 193 235 123 112
internal_count=2095 1515 580 1030 740 345 152 485 190 295 290 193 235 123 112
is_linear=0
shrinkage=0.05


Tree=18
num_leaves=16
num_cat=0
split_feature=0 0 2 53 15 11 17 58 51 60 46 82 5 9 33
split_gain=11576.2 2652.87 2118.93 1587.19 1741.97 1660.87 1585.54 1568.39 1625.53 1437.94 1158.1 1141.65 1116.4 1074.48 805.844
threshold=2.5000000000000004 11.500000000000002 -0.017177434482922152 -0.024549316207921643 -0.018889912714560832 -0.63333333333333275 -5.680681744488802 0.26987685154351798 -0.22976099979132411 -0.33819444444444446 0.050310591901750794 -0.064951714951714951 0.90257499805462083 0.05349002849002852 1.5000000000000002
decision_type=10 10 8 8 10 8 8 8 8 8 10 10 10 10 2
left_child=2 6 11 4 -4 -5 13 8 -3 -8 -9 14 -13 -2 -1
right_child=1 7 3 5 -6 -7 9 10 -10 -11 -12 12 -14 -15 -16
leaf_value=0.0068408460452638823 0.34817323582867782 0.32469889931696455 -0.43482987969966214 -0.028672051784324359 -0.062884719890576826 -0.19783554368692896 -0.12393528159416045 0.29044704048437214 0.027016722046932496 0.052960577851346127 -0.077201387572747027 -0.14048059726400036 0.18563434713416629 -0.0078893678615222108 0.40530040136405399
leaf_weight=24 55 54 96 244 49 363 161 268 213 368 21 93 31 32 23
leaf_count=24 55 54 96 244 49 363 161 268 213 368 21 93 31 32 23
internal_value=-0.00030127 0.10379 -0.132375 -0.168304 -0.315757 -0.130707 0.0317706 0.182499 0.0922679 -0.00144 0.262703 0.0256394 -0.0545292 0.223353 0.223015
internal_weight=2095 1172 923 752 145 607 616 556 267 529 289 171 124 87 47
internal_count=2095 1172 923 752 145 607 616 556 267 529 289 171 124 87 47
is_linear=0
shrinkage=0.05


Tree=19
num_leaves=15
num_cat=0
split_feature=0 0 0 21 24 61 21 58 64 20 16 23 46 72
split_gain=10471.1 2399.07 1889.27 1823.75 1765.57 1644.35 1567.14 1412.02 1614.37 1171.33 1128.43 1269.82 1052.21 991.815
threshold=2.5000000000000004 11.500000000000002 -8.4999999999999982 8.9404761904761916 -0.083041954030106932 -1.2222222288449602 0.84242424242424374 0.26987685154351798 -0.060975135975136478 0.82571454029689406 -0.10846356488764285 -0.2910078347578347 0.050310591901750794 -1.4166666666666663
decision_type=10 10 8 10 8 8 8 8 10 10 8 10 10 10
left_child=2 5 10 4 -4 9 -7 8 -3 -2 -1 -12 -9 -5
right_child=1 7 3 13 -6 6 -8 12 -10 -11 11 -13 -14 -15
leaf_value=0.028677466372027994 -0.19251977585513017 0.18864897058609828 -0.24423631907991283 -0.076569121837053666 -0.049862130774823842 0.18800309190849718 -0.0014516549162566662 0.27619066575453399 -0.057205806665284478 0.063574034468950449 -0.097487806043652606 -0.34628921538548318 -0.074083638993593368 0.20565470862082946
leaf_weight=35 111 157 176 48 342 191 245 268 110 69 81 168 21 73
leaf_count=35 111 157 176 48 342 191 245 268 110 69 81 168 21 73
internal_value=-0.000217475 0.0987801 -0.125831 -0.0769814 -0.117704 0.0302864 0.0826206 0.17363 0.087987 -0.0950152 -0.232335 -0.269063 0.249741 0.0947056
internal_weight=2095 1172 923 639 518 616 436 556 267 180 284 249 289 121
internal_count=2095 1172 923 639 518 616 436 556 267 180 284 249 289 121
is_linear=0
shrinkage=0.05


Tree=20
num_leaves=15
num_cat=0
split_feature=0 0 114 91 87 44 78 62 47 45 93 42 83 45
split_gain=9471.71 2207.47 1936.32 1875.09 2173.55 2017.51 1585.08 1469.19 1467.12 1327.7 1260.16 1184.62 1175.12 360.391
threshold=2.5000000000000004 20.500000000000004 42.250000000000007 0.41666666666666669 -0.0071029810079683764 0.037936177432436463 -0.2334656106928984 1.0000000180025095e-35 -2.1666666666666674 3.5000000000000004 -0.4831677190959453 0.017461195659411548 0.0072150131066640319 5.5000000000000009
decision_type=10 10 10 10 10 10 8 10 8 2 10 10 10 2
left_child=2 6 8 5 -5 -4 -2 13 10 -8 -1 -9 -10 -3
right_child=1 7 3 4 -6 -7 9 11 12 -11 -12 -13 -14 -15
leaf_value=0.26647268781295191 -0.25046545086722627 0.25374005401134492 -0.15408055832108053 -0.13287675899919124 0.29837248066351529 -0.39414775853719175 0.016957081095782169 -0.0024146876980861032 -0.20486800571700106 0.13282824557851444 -0.037451300266626721 0.32772325528258422 0.044844840690493583 0.66335464486709006
leaf_weight=60 33 20 359 91 37 118 464 55 114 531 69 48 75 21
leaf_count=60 33 20 359 91 37 118 464 55 114 531 69 48 75 21
internal_value=-0.000231477 0.0939221 -0.119701 -0.171869 -0.00131222 -0.217045 0.0674067 0.274263 -0.0191714 0.0791988 0.108204 0.159023 -0.106916 0.513929
internal_weight=2095 1172 923 605 128 477 1028 144 318 995 129 103 189 41
internal_count=2095 1172 923 605 128 477 1028 144 318 995 129 103 189 41
is_linear=0
shrinkage=0.05


Tree=21
num_leaves=15
num_cat=0
split_feature=0 0 0 3 99 72 29 15 62 41 66 82 113 17
split_gain=8661.25 2072.22 1754.7 1557.26 1903.21 1441.98 1593.14 1382.28 1368.9 1319.86 1188.69 1154.17 1122.14 1049.78
threshold=5.5000000000000009 -6.4999999999999991 20.500000000000004 1849.7500000000002 0.16369047619047622 -8.2083333333333304 0.33447793871164327 -0.030498522023359922 0.037632646660010018 -0.15925927443636786 -0.6977451667189597 0.06164775480251674 0.11549699541275028 1.7500002384185793
decision_type=10 8 10 10 2 10 10 10 10 10 8 10 8 10
left_child=1 10 5 4 -3 12 -7 -5 13 -10 -1 -12 -2 -4
right_child=2 3 8 7 -6 6 -8 -9 9 -11 11 -13 -14 -15
leaf_value=-0.48969551250338555 -0.20461597932259959 0.019444480541700813 0.63309506546173777 -0.39587887346744544 -0.26566347156961762 0.15054978340355082 -0.026132556808126324 -0.031821052929419176 -0.084529048343037455 0.28247762215634187 -0.1993656605938865 0.041282077970343736 0.044559485360980033 0.13895307836624293
leaf_weight=27 66 512 30 50 61 532 165 52 38 55 309 57 120 21
leaf_count=27 66 512 30 50 61 532 165 52 38 55 309 57 120 21
internal_value=-0.000118952 -0.0996083 0.103275 -0.045762 -0.0128564 0.0758952 0.108765 -0.220908 0.262651 0.135346 -0.19023 -0.161702 -0.0466377 0.461091
internal_weight=2095 1068 1027 675 573 883 697 102 144 93 393 366 186 51
internal_count=2095 1068 1027 675 573 883 697 102 144 93 393 366 186 51
is_linear=0
shrinkage=0.05


Tree=22
num_leaves=16
num_cat=0
split_feature=0 0 11 0 3 62 14 21 41 59 33 42 6 17 56
split_gain=7860.76 1898.8 1709.1 1613.47 1427.63 1259.99 1211.22 1417.95 1202.88 1192.92 1166.09 1012.84 1025.51 958.767 883.176
threshold=5.5000000000000009 -8.4999999999999982 8.0000000000000036 20.500000000000004 1321.0000000000002 0.037632646660010018 -1.8571428571428568 6.8605769230769242 -0.15925927443636786 -0.229563457891345 1.0000000180025095e-35 -0.020433726173044016 -2.9823664079109826 1.7500002384185793 0.0078270739680482166
decision_type=10 8 8 10 10 10 8 10 10 8 2 8 10 10 10
left_child=1 11 10 6 -4 13 7 -2 -7 -8 -3 14 -13 -5 -1
right_child=3 2 4 5 -6 8 9 -9 -10 -11 -12 12 -14 -15 -16
leaf_value=-0.12754532481328801 -0.32782648828549266 0.25186440712068142 -0.081869967272161226 0.60596242078713014 -0.35026725220863952 -0.080794043180554415 0.34520682161457317 0.16044252586364749 0.26953073400693633 0.072731183634616961 -0.025201520607136336 -0.21368004536877075 0.035852174317815171 0.13334150990614524 -0.42505849926297867
leaf_weight=47 34 36 171 30 68 38 38 20 55 791 509 103 64 21 70
leaf_count=47 34 36 171 30 68 38 38 20 55 791 509 103 64 21 70
internal_value=-0.000159116 -0.0949405 -0.0540631 0.0983401 -0.164052 0.251163 0.0720876 -0.147867 0.129058 0.0872757 -0.00468571 -0.204725 -0.119498 0.441528 -0.31608
internal_weight=2095 1068 784 1027 239 144 883 54 93 829 545 284 167 51 117
internal_count=2095 1068 784 1027 239 144 883 54 93 829 545 284 167 51 117
is_linear=0
shrinkage=0.05


Tree=23
num_leaves=15
num_cat=0
split_feature=0 0 2 101 3 76 110 45 73 32 4 111 22 100
split_gain=7137 1881.24 1772.36 1526.74 1676.5 1528.56 1466.58 1353.93 1527.06 1236.8 1005.01 904.991 902.945 605.125
threshold=2.5000000000000004 11.500000000000002 -0.017177434482922152 72.500000000000014 1187.4000000000003 0.1647126022126022 -0.1278540374478325 3.5000000000000004 -0.072686765622347591 0.083356944785919054 -0.36126031174548334 0.033804057631641633 0.59178305971875467 -0.055555555555555657
decision_type=10 10 8 8 10 10 8 2 8 10 10 10 10 10
left_child=2 7 10 5 -5 -4 -3 11 -9 -8 13 -2 -12 -1
right_child=1 6 3 4 -6 -7 9 8 -10 -11 12 -13 -14 -15
leaf_value=0.043056329262667691 -0.085814301942366389 -0.13760069801017297 -0.1322757325699549 0.10659333485162865 -0.20655934939077542 -0.33675677989299102 0.21203120247248292 -0.22497996948659421 0.13120166442724288 0.027408395650610332 0.2302525419993578 0.15892994896593421 -0.039136888566593246 -0.27982576340436938
leaf_weight=24 269 38 462 113 62 115 398 29 279 120 69 39 51 27
leaf_count=24 269 38 462 113 62 115 398 29 279 120 69 39 51 27
internal_value=-0.000121079 0.0816054 -0.10383 -0.136717 -0.00673035 -0.175659 0.147875 0.0210012 0.0944471 0.170028 0.0402911 -0.0526205 0.118376 -0.136711
internal_weight=2095 1172 923 752 175 577 556 616 308 518 171 308 120 51
internal_count=2095 1172 923 752 175 577 556 616 308 518 171 308 120 51
is_linear=0
shrinkage=0.05


Tree=24
num_leaves=16
num_cat=0
split_feature=0 0 0 63 14 46 11 64 103 20 50 53 68 101 17
split_gain=6476.21 1681.6 1426.06 1961.33 1530.02 1441.15 1399.58 1484.4 1368.93 1236.91 1196.5 1115.37 1699.6 978.422 931.462
threshold=5.5000000000000009 -6.4999999999999991 16.500000000000004 0.037698412698412738 -1.3333333333333333 0.0043470079512495938 8.0000000000000036 0.18899572649572652 -0.0124642682261765 2.967926724555308 0.10953583501811541 -0.024081767107704776 -0.05200706781276191 68.500000000000014 1.9880278723686351
decision_type=10 8 10 8 8 10 10 10 8 10 10 8 8 10 8
left_child=1 11 4 5 14 -4 7 -3 -6 -5 -8 13 -13 -1 -2
right_child=2 6 3 9 8 -7 10 -9 -10 -11 -12 12 -14 -15 -16
leaf_value=-0.45355366942073616 0.0039914280176162721 -0.056826668831603068 0.23273129179142416 0.40569975888043142 0.18116896034152888 -0.081805628700291413 -0.061311828147391889 0.12033020770070198 0.029310991865251282 0.020024564710911366 -0.36234444526058662 0.16324837855670765 -0.16713424649316566 -0.069611065388016868 -0.32669218310560938
leaf_weight=51 46 364 59 99 215 80 93 169 467 27 49 41 274 27 34
leaf_count=51 46 364 59 99 215 80 93 169 467 27 49 41 274 27 34
internal_value=-0.000178534 -0.0862109 0.0892242 0.18824 0.0537217 0.0548009 -0.0377305 0 0.078227 0.327355 -0.174321 -0.167833 -0.122097 -0.333453 -0.146911
internal_weight=2095 1068 1027 265 762 139 675 533 682 126 142 393 315 78 80
internal_count=2095 1068 1027 265 762 139 675 533 682 126 142 393 315 78 80
is_linear=0
shrinkage=0.05


Tree=25
num_leaves=16
num_cat=0
split_feature=9 34 4 56 110 4 80 54 81 95 5 43 74 77 110
split_gain=3701.4 2324.5 1766.38 1636.48 1562.19 1428.79 1885.54 1336.6 1303.71 1216.52 1502.07 1164.63 1157.7 1002.47 848.699
threshold=0.058606902356902406 0.083258059527724998 -0.16422391634277927 1.0000000180025095e-35 0.026117814239114526 -1.9594063296357436 -0.01262904578886394 -0.10998677248677245 1.5695153623819353 0.28392255892255897 1.4102829552488336 0.013833333333333338 -0.58333333333333293 -0.24349822793155906 -0.14970631649096805
decision_type=10 10 8 10 8 8 10 10 10 8 10 8 10 10 8
left_child=1 5 8 9 -4 6 -1 -7 -3 10 -2 14 -13 -11 -5
right_child=3 2 4 11 -6 7 -8 -9 -10 13 -12 12 -14 -15 -16
leaf_value=0.051768604785643726 -0.016293720607795392 0.11229747133950392 -0.06046267161835675 -0.52606713987886911 0.23910146314703243 -0.043719034706891487 -0.46812281334722372 0.073132843759703345 -0.14106076296249576 -0.0043778672721236948 0.37178690879894744 -0.30823054514148018 -0.030257194273644927 -0.37736817786568094 -0.19367386737749692
leaf_weight=31 174 115 49 35 279 523 32 451 83 35 24 50 123 33 58
leaf_count=31 174 115 49 35 279 523 32 451 83 35 24 50 123 33 58
internal_value=-0.000218747 0.0385588 0.123639 -0.113537 0.193963 -0.00493469 -0.226572 0.010434 0.00498694 -0.0247227 0.0384987 -0.200073 -0.117279 -0.199522 -0.339736
internal_weight=2095 1563 526 532 328 1037 63 974 198 266 198 266 173 68 93
internal_count=2095 1563 526 532 328 1037 63 974 198 266 198 266 173 68 93
is_linear=0
shrinkage=0.05


Tree=26
num_leaves=15
num_cat=0
split_feature=0 0 2 21 53 10 89 110 57 94 102 116 87 106
split_gain=5642.77 1872.86 1544.9 1458.89 1440.3 1685.32 1368.76 1262.29 1222.48 1182.18 1133.24 860.932 821.045 510.176
threshold=2.5000000000000004 11.500000000000002 -0.017177434482922152 0.74583333333333368 -0.024081767107704776 0.041949394101498942 -8.1666666666666643 -0.1278540374478325 0.16359523210961083 0.068055555555555605 -0.20042228295157349 0.17673000639382133 -0.050319450383540236 -3.1046049098173776
decision_type=8 10 8 10 8 8 10 8 10 10 10 10 10 10
left_child=2 3 9 6 12 -6 -2 -3 -5 11 -9 -1 -4 -11
right_child=1 7 4 8 5 -7 -8 10 -10 13 -12 -13 -14 -15
leaf_value=0.035848753467986459 -0.030736847863747526 -0.13272346547523212 -0.41391398652511485 0.034432101772668276 0.0056184260614893658 -0.17621051912105853 0.14538640671623473 0.25452468321344801 -0.15806918152329108 0.40740553557872777 0.096695145222248369 -0.2891278813992228 -0.13529646494349495 0.054470588266849522
leaf_weight=71 190 38 63 151 215 305 252 176 172 20 342 23 56 21
leaf_count=71 190 38 63 151 215 305 252 176 172 20 342 23 56 21
internal_value=-0.000371089 0.0623521 -0.107199 0.0113166 -0.139501 -0.101598 0.0700685 0.131756 -0.0687708 0.0448593 0.152337 -0.0537482 -0.293945 0.253291
internal_weight=2095 1321 774 765 639 520 442 556 323 135 518 94 119 41
internal_count=2095 1321 774 765 639 520 442 556 323 135 518 94 119 41
is_linear=0
shrinkage=0.05


Tree=27
num_leaves=15
num_cat=0
split_feature=9 19 11 68 34 30 21 94 68 81 55 22 46 26
split_gain=3229.27 2055.01 1891.93 2062.9 1782.29 1632.27 1526.61 1765.59 1440.17 1425.73 1141.41 911.487 800.18 947.083
threshold=0.058606902356902406 -0.02273635814587275 10.750000000000004 -0.063949956946695835 0.15938525035356485 -0.057313368590613756 8.1597222222222268 0.099999999999999936 -0.18026201737423736 5.2598492701848363 0.33155404388283694 0.508257139226997 0.019619706817028518 0.032787768694235143
decision_type=10 8 10 8 10 10 10 10 10 10 10 10 10 8
left_child=1 4 3 -3 5 -1 7 8 -2 -6 -4 -9 13 -8
right_child=6 2 10 -5 9 -7 12 11 -10 -11 -12 -13 -14 -15
leaf_value=0.2933033408041586 0.055277463895353408 0.153790778682587 -0.25986222332599118 -0.015642891468804914 0.32848562527988251 -0.0043023972116686682 -0.07184308883216646 0.095893668068779844 -0.26401211559073073 -0.087818645106421581 0.048959807985358768 -0.18850320965142511 -0.17600830555893482 0.23049408555962148
leaf_weight=52 39 230 97 758 126 238 40 85 246 22 40 36 27 59
leaf_count=52 39 230 97 758 126 238 40 85 246 22 40 36 27 59
internal_value=-0.000386069 0.0358328 -4.19899e-05 0.0243256 0.12705 0.0529587 -0.106232 -0.153 -0.219948 0.265428 -0.170794 0.00676031 0.0441711 0.110276
internal_weight=2095 1563 1125 988 438 290 532 406 285 148 137 121 126 99
internal_count=2095 1563 1125 988 438 290 532 406 285 148 137 121 126 99
is_linear=0
shrinkage=0.05


Tree=28
num_leaves=15
num_cat=0
split_feature=0 72 111 29 9 0 104 108 101 52 34 65 49 61
split_gain=4905.24 1397.87 1903.94 1450.03 1366.17 1348.59 1340.23 1715.51 1219.65 1088.66 2108.51 1179.11 1063.99 1027.45
threshold=5.5000000000000009 -8.2083333333333304 0.043503284920006997 0.86104957293719064 0.044926184926184963 -8.4999999999999982 0.74166666666666681 -0.03198475943250137 61.500000000000007 0.63961038961038963 -0.17020228831097481 1.0530625805258753 -0.018619179171234939 0.71666665871938096
decision_type=10 10 8 10 10 8 2 8 8 10 10 8 10 10
left_child=5 4 3 -3 8 9 7 -7 -2 11 -11 -1 -8 -4
right_child=1 2 13 -5 -6 6 12 -9 -10 10 -12 -13 -14 -15
leaf_value=-0.20343499781876587 0.22966789597389747 0.092222493485280124 0.16338161708492982 -0.23021997851697176 -0.31635398922695057 0.072710302723630979 0.25723995322982474 -0.11752636750471 -0.054355313715665314 -0.67970746021185613 -0.094351072004064923 0.027705353727858317 -0.013406246963300204 0.49254575896669517
leaf_weight=132 46 667 71 32 31 152 55 487 141 23 39 90 90 39
leaf_count=132 46 667 71 32 31 152 55 487 141 23 39 90 90 39
internal_value=-0.000350313 0.0774543 0.10761 0.0758599 -0.0341325 -0.0752269 -0.0408069 -0.0719836 0.0194124 -0.167723 -0.346765 -0.110963 0.094072 0.296861
internal_weight=2095 1027 809 699 218 1068 784 639 187 284 62 222 145 110
internal_count=2095 1027 809 699 218 1068 784 639 187 284 62 222 145 110
is_linear=0
shrinkage=0.05


Tree=29
num_leaves=16
num_cat=0
split_feature=0 0 10 49 1 11 82 36 62 110 53 17 6 112 59
split_gain=4477.05 1509.21 1286.04 1203.53 1240.12 1164.21 1651.51 1556.91 1156.37 1795.85 1152.89 1285.92 1004.02 919.408 766.267
threshold=2.5000000000000004 11.500000000000002 0.041949394101498942 -0.032128135246978613 -0.0040333301760256254 7.0000000000000036 0.048421875872856242 -0.029185742139816281 0.0089760720729827621 0.41035688955647259 -0.024081767107704776 0.65995358153656636 5.6013477941354131 -0.37916666120290748 -0.13245458827198792
decision_type=8 10 8 8 8 10 10 10 10 8 10 10 10 10 10
left_child=2 3 10 13 -5 6 -4 -7 12 -10 14 -12 -3 -2 -1
right_child=1 8 5 4 -6 7 -8 -9 9 -11 11 -13 -14 -15 -16
leaf_value=-0.33108437840234151 -0.035036233812570573 0.13803587344763205 -0.16051533814604907 -0.11167958990514817 0.032525495188026061 -0.52025926428158653 0.12229734690627084 -0.082643807558444055 0.00061953491701261844 0.3143786731091413 0.099797554349615458 -0.12493603363012273 0.38590105972413363 0.27834607648538123 -0.023989440960188707
leaf_weight=39 34 184 279 216 453 41 59 41 269 50 184 91 53 62 40
leaf_count=39 34 184 279 216 453 41 59 41 269 50 184 91 53 62 40
internal_value=-0.000377306 0.0554901 -0.0955356 0.00967307 -0.0144429 -0.154219 -0.10994 -0.319351 0.117793 0.054045 -0.0245943 0.0243496 0.2005 0.170622 -0.186872
internal_weight=2095 1321 774 765 669 420 338 82 556 319 354 275 237 96 79
internal_count=2095 1321 774 765 669 420 338 82 556 319 354 275 237 96 79
is_linear=0
shrinkage=0.05


Tree=30
num_leaves=14
num_cat=0
split_feature=0 49 110 73 2 30 6 93 92 82 81 91 5
split_gain=4070.57 1409.9 1928.19 1390.62 1326.78 1510.99 1973.67 1165.17 1140.48 1090.69 973.457 924.792 795.7
threshold=2.5000000000000004 -0.032128135246978613 -0.21160193206742403 -0.070300962393864588 -0.017177434482922152 -0.087037991732358919 -2.538860609134038 -0.2196805005272229 -0.033520026201731244 -0.064951714951714951 -0.027684713403383823 -0.25833333333333325 -0.69052442183556717
decision_type=8 8 8 8 8 8 8 8 10 10 10 10 10
left_child=4 7 12 -4 9 8 -7 -2 -6 -1 -9 -11 -3
right_child=1 2 3 -5 5 6 -8 10 -10 11 -12 -13 -14
leaf_value=0.25626940183680164 -0.038466066358292979 -0.050087467186591211 -0.11944040717171119 0.067025598244238344 -0.12762925466843719 -0.27348732215433902 -0.074531253457616894 0.40433580995057572 0.17140036363574401 -0.22699925302550561 0.080251987958731869 0.076542612497623161 -0.43275747216981036
leaf_weight=39 36 29 106 1024 53 212 308 61 66 36 41 60 24
leaf_count=39 36 29 106 1024 53 212 308 61 66 36 41 60 24
internal_value=-0.000359422 0.0529104 0.0347715 0.0490409 -0.0910962 -0.121053 -0.157571 0.201403 0.0380398 0.0496011 0.284372 -0.0423931 -0.246602
internal_weight=2095 1321 1183 1130 774 639 520 138 119 135 102 96 53
internal_count=2095 1321 1183 1130 774 639 520 138 119 135 102 96 53
is_linear=0
shrinkage=0.05


Tree=31
num_leaves=12
num_cat=0
split_feature=0 100 105 12 85 108 63 25 86 32 1
split_gain=3724.58 1302.89 1635.97 1531.69 1246.01 1211.96 1198.85 1184.51 1747.27 1180 1091.01
threshold=5.5000000000000009 -0.19444444444444442 0.19272743165493011 0.014982803414265307 -0.42317877719948011 0.083338915180528342 -0.19999999999999998 0.014920047616032274 176.16666666666666 0.083356944785919054 0.11258766528141376
decision_type=10 8 10 8 8 10 10 8 10 10 10
left_child=5 2 4 6 -2 7 -3 8 -1 -5 -9
right_child=1 3 -4 9 -6 -7 -8 10 -10 -11 -12
leaf_value=-0.058173225994201272 -0.026136261146319541 -0.19130714061483742 -0.18450676663606258 0.13027369014173748 0.31253992617130283 0.22912939848268735 0.019119683837173815 -0.10260478168497529 0.19877309399963464 -0.042789240356248162 -0.36867452398982159
leaf_weight=402 33 95 22 420 126 29 206 525 74 125 38
leaf_count=402 33 95 22 420 126 29 206 525 74 125 38
internal_value=-0.000376877 0.0674178 0.187462 0.0407253 0.24329 -0.0656259 -0.0491714 -0.0749588 -0.0164728 0.0904613 -0.123739
internal_weight=2095 1027 181 846 159 1068 301 1039 476 545 563
internal_count=2095 1027 181 846 159 1068 301 1039 476 545 563
is_linear=0
shrinkage=0.05


Tree=32
num_leaves=12
num_cat=0
split_feature=0 0 47 12 26 61 9 105 81 110 102
split_gain=3450.12 1469.93 1327.51 1232.45 1981.77 1866.73 1088.49 1607.95 1554.14 1072.57 990.733
threshold=-2.4999999999999996 11.500000000000002 10.41666666666667 -0.070990397735978608 1.3195502040791969 -0.27579367160797114 0.044926184926184963 -0.17230339969197908 -2.9941226641337075 -0.1278540374478325 -0.20042228295157349
decision_type=8 10 10 10 10 8 10 8 10 8 10
left_child=2 6 3 5 -5 -1 7 -2 -8 -3 -11
right_child=1 9 -4 4 -6 -7 8 -9 -10 10 -12
leaf_value=0.13358744271429043 0.23606189404698938 -0.13722274226331435 0.19231156651910986 -0.21203483151965385 0.18428525510761473 -0.13633272846654795 0.16142672865458255 0.0059303739176174795 -0.14186742907606584 0.21997460584819978 0.073095456256345989
leaf_weight=101 83 38 33 318 31 157 48 558 210 176 342
leaf_count=101 83 38 33 318 31 157 48 558 210 176 342
internal_value=-0.000369266 0.0421543 -0.0966989 -0.113936 -0.174585 -0.0299454 0.00245173 0.0374029 -0.0832543 0.105667 0.124722
internal_weight=2095 1455 640 607 349 258 899 641 258 556 518
internal_count=2095 1455 640 607 349 258 899 641 258 556 518
is_linear=0
shrinkage=0.05


Tree=33
num_leaves=12
num_cat=0
split_feature=0 56 47 0 115 115 56 12 29 66 114
split_gain=3113.94 1372.73 1420.13 1353.19 1749.86 1705.24 1338.42 1327.88 1134.88 1058.32 845.132
threshold=-2.4999999999999996 -0.042920675660489675 10.41666666666667 16.500000000000004 0.0077585171824458227 0.021408676675893325 -0.097330067415224986 0.077401722160478456 0.14659911518295607 -0.5707676797432617 44.750000000000007
decision_type=8 8 10 10 10 10 8 10 10 8 10
left_child=1 10 9 6 8 -6 -2 -8 -5 -3 -1
right_child=3 2 -4 4 5 -7 7 -9 -10 -11 -12
leaf_value=0.31896088546322243 -0.31271687080462773 -0.34978248775005344 0.1839612003611891 0.38115647370324418 -0.25006120216101407 0.12208556622377974 -0.0050020339887057791 0.11829252527304122 -0.022093967864146601 -0.11044622447805907 -0.043066317256953979
leaf_weight=26 25 48 33 80 35 129 880 285 21 502 31
leaf_count=26 25 48 33 80 35 129 880 285 21 502 31
internal_value=-0.000275896 -0.0917935 -0.114871 0.0401215 0.141225 0.0373196 0.0170682 0.025494 0.299753 -0.134387 0.133668
internal_weight=2095 640 583 1455 265 164 1190 1165 101 550 57
internal_count=2095 640 583 1455 265 164 1190 1165 101 550 57
is_linear=0
shrinkage=0.05


Tree=34
num_leaves=15
num_cat=0
split_feature=0 0 89 50 84 101 64 50 118 16 43 30 116 0
split_gain=2867.41 1475.92 1442.15 1180.5 1230.76 1276.06 1164.38 1088.93 1029.51 1002.21 1239.55 1161.57 920.748 965.301
threshold=11.500000000000002 -6.4999999999999991 4.3333333333333313 1.0000000180025095e-35 -939.74999999999989 64.500000000000014 0.25049395049395123 0.012032035134696363 -4.4999996821085597 0.030575517409791548 0.25816666666666671 -0.050754002384984717 1.76450431595246 23.500000000000004
decision_type=10 8 10 10 10 8 8 10 8 8 8 10 8 10
left_child=1 9 8 4 5 -2 -6 -4 -3 11 -11 -1 13 -5
right_child=3 2 7 12 6 -7 -8 -9 -10 10 -12 -13 -14 -15
leaf_value=0.19453983305364242 0.036180061938203112 0.058900185531591265 0.1446490567103787 -0.0092999708735280583 0.18859262113508427 0.36414954718567577 -0.062333526683377695 -0.021805259986980897 -0.078512290381861305 -0.24602796292114679 -0.021783048569224778 -0.11458068516105413 -0.26973403859883549 0.24333568785029153
leaf_weight=44 44 173 216 175 90 97 86 174 583 179 95 75 21 43
leaf_count=44 44 173 216 175 90 97 86 174 583 179 95 75 21 43
internal_value=-0.000259566 -0.0354586 -0.00657402 0.0965295 0.159037 0.266891 0.0673699 0.0709223 -0.0468213 -0.118421 -0.170242 0.00254836 0.0118567 0.0446463
internal_weight=2095 1539 1146 556 317 141 176 390 756 393 274 119 239 218
internal_count=2095 1539 1146 556 317 141 176 390 756 393 274 119 239 218
is_linear=0
shrinkage=0.05


Tree=35
num_leaves=16
num_cat=0
split_feature=0 9 44 108 16 96 40 17 50 58 84 25 62 74 79
split_gain=2597.51 1470.11 1463.87 1410.27 1577.67 1391.29 1365.72 1139.88 1072.49 1135.14 1116.85 1549.7 1248.82 1056.28 928.031
threshold=11.500000000000002 0.049268324268324275 -0.010955654847179174 -0.039393401485792789 0.056573611994584404 0.52970968140289199 0.2777777777777779 -5.680681744488802 1.0000000180025095e-35 0.21168785598932652 -939.74999999999989 -0.038455172294508115 0.018451663355032597 1.4166666666666672 -1.4999999999999998
decision_type=10 10 10 8 8 8 10 8 10 10 10 8 8 10 10
left_child=1 3 5 4 -1 -3 -4 -5 10 13 11 -2 -12 -10 -11
right_child=8 2 6 7 -6 -7 -8 -9 9 14 12 -13 -14 -15 -16
leaf_value=0.31294997162382371 0.47934800444864756 0.06369334754582516 -0.20465357751975477 0.1220652667724568 0.0027711846874755564 -0.2861515479052768 0.090976509212100126 -0.047051659147467069 -0.16910901460796596 0.26254517464288352 0.21381725511407554 0.12623606466874479 -0.048862130633581469 0.19685813480615616 -0.0059699327733955887
leaf_weight=66 46 168 284 110 98 29 42 742 95 53 74 95 102 20 71
leaf_count=66 46 168 284 110 98 29 42 742 95 53 74 95 102 20 71
internal_value=-0.000198223 -0.033701 -0.101381 0.00141508 0.133461 0.00613761 -0.165616 -0.0245742 0.0919218 0.0112068 0.151502 0.254249 0.064162 -0.0994954 0.114139
internal_weight=2095 1539 523 1016 164 197 326 852 556 239 317 141 176 115 124
internal_count=2095 1539 523 1016 164 197 326 852 556 239 317 141 176 115 124
is_linear=0
shrinkage=0.05


Tree=36
num_leaves=16
num_cat=0
split_feature=0 34 76 62 2 38 55 24 29 3 25 68 119 36 75
split_gain=2459.67 1175.62 1387.7 1433.31 1152.16 1288.89 2150.72 1504.23 1113.15 1066.31 988.691 966.569 856.14 659.193 517.492
threshold=-2.4999999999999996 0.14414235957277319 -0.23577380952380947 0.044529547293980905 -0.017177434482922152 0.017571501869920906 0.13692551571875813 0.27553872202682989 0.56217662245035183 670.15000000000009 -0.0070602266158679141 0.072413667493189393 0.3186145499348641 -0.046005137264728539 0.0061719572792450781
decision_type=8 10 8 10 8 10 10 10 10 8 8 10 10 10 10
left_child=4 2 3 -2 10 7 -7 -6 12 -4 13 -10 -3 -1 -12
right_child=1 8 9 -5 5 6 -8 -9 11 -11 14 -13 -14 -15 -16
leaf_value=0.0067292510435499001 -0.012216910450109121 0.19572446695548573 -0.033199896507300812 -0.35332515498995787 -0.10106280971939366 -0.099086660747321295 -0.52844939705398353 0.18021409552883019 0.14236832690238951 0.073277123911507203 0.093653347969055181 -0.27303473558629671 0.005547796404537033 0.35258945730679181 -0.20911282783045487
leaf_weight=24 82 232 389 45 355 93 40 50 20 579 20 28 80 29 29
leaf_count=24 82 232 389 45 355 93 40 50 20 579 20 28 80 29 29
internal_value=-5.02805e-05 0.0358502 0.00984905 -0.142266 -0.0813905 -0.110519 -0.243049 -0.0644411 0.113582 0.0304862 0.0697634 -0.101904 0.147976 0.210917 -0.0873797
internal_weight=2095 1455 1095 127 640 538 133 405 360 968 102 48 312 53 49
internal_count=2095 1455 1095 127 640 538 133 405 360 968 102 48 312 53 49
is_linear=0
shrinkage=0.05


Tree=37
num_leaves=15
num_cat=0
split_feature=0 3 28 3 11 25 4 100 85 73 23 4 26 20
split_gain=2248.87 1170.06 1848.61 1575.39 1720.33 1562.14 1091.46 1260.57 1591.84 1574.97 1102.57 694.726 550.797 376.73
threshold=2.5000000000000004 1849.7500000000002 -4.2871610270606135 1578.3500000000001 3.6666666666666665 -0.0070602266158679141 1.9267307798490247 -0.21666666666666662 -0.25599842880893581 -0.059222969903141041 -0.21828379953379953 2.6431733291661312 -0.5524411977713779 -3.4817618163052759
decision_type=10 10 10 8 10 8 10 8 8 8 8 10 8 10
left_child=1 3 13 5 -5 -1 7 8 -2 -9 -8 -12 -4 -3
right_child=6 2 12 4 -6 -7 10 9 -10 -11 11 -13 -14 -15
leaf_value=0.029231549541766461 -0.056884207442823444 -0.16363978966654813 -0.18232197595330388 0.36387691417088114 -0.14399289279072375 -0.11928452992402926 -0.081825271592690402 -0.16316046066200124 0.25999141411650611 0.033047158640506565 0.44579440649462554 0.090453352687519889 0.099491921969904362 -0.43491199463605884
leaf_weight=308 57 30 21 43 22 405 21 112 113 807 36 26 47 47
leaf_count=308 57 30 21 43 22 405 21 112 113 807 36 26 47 47
internal_value=-0.000113168 -0.0583389 -0.186397 -0.0333702 0.193261 -0.0553025 0.0457526 0.0318525 0.15487 0.0083274 0.215388 0.315397 0.00524943 -0.346254
internal_weight=2095 923 145 778 65 713 1172 1089 170 919 83 62 68 77
internal_count=2095 923 145 778 65 713 1172 1089 170 919 83 62 68 77
is_linear=0
shrinkage=0.05


Tree=38
num_leaves=10
num_cat=0
split_feature=0 78 6 7 31 66 41 61 38
split_gain=2085.36 1319.32 1769.3 1368.98 1175.13 926.67 904.316 1132.96 697.36
threshold=-6.4999999999999991 -0.2334656106928984 1.106227701405684 -0.3184036783253153 -0.075217372194553392 -0.6977451667189597 -4.0009091122583902 -0.40972225616375596 -0.022148953035343266
decision_type=8 8 10 8 8 8 8 8 10
left_child=5 2 -2 8 -5 -1 -7 -8 -3
right_child=1 3 -4 4 -6 6 7 -9 -10
leaf_value=-0.36342994556762281 -0.43767783003193994 0.058320250300069654 0.096006595889727278 -0.044101401791177247 0.050361231015379197 -0.33444936033338313 0.053471968779019247 -0.12962853221186238 0.40579135516244502
leaf_weight=27 30 28 25 459 1129 27 140 199 31
leaf_count=27 30 28 25 459 1129 27 140 199 31
internal_value=-0.000110384 0.0238964 -0.206475 0.0322213 0.0229734 -0.103198 -0.0792269 -0.0541883 0.25911
internal_weight=2095 1702 55 1647 1588 393 366 339 59
internal_count=2095 1702 55 1647 1588 393 366 339 59
is_linear=0
shrinkage=0.05


Tree=39
num_leaves=15
num_cat=0
split_feature=9 50 8 91 5 95 11 61 113 13 72 44 10 78
split_gain=1701.12 1411.86 1581.72 1747.15 1312.65 1432.21 1373.74 1241.69 1202.22 1422.43 1169.32 1713.34 859.799 596.245
threshold=0.058606902356902406 0.0046164773404598026 -0.045171428571428578 1.0000000180025095e-35 1.5832580849723779 0.28756613756613758 15.083333333333336 -0.95297614733378111 0.062480684940815941 0.107945259199256 -5.083333333333333 -0.021987502280534896 0.16662500012355547 0.051118317991495139
decision_type=10 8 10 10 10 8 10 10 10 10 10 10 10 10
left_child=1 2 3 -1 6 -6 -3 -4 10 12 13 -12 -10 -2
right_child=8 4 7 -5 5 -7 -8 -9 9 -11 11 -13 -14 -15
leaf_value=0.045892992453613821 -0.37278020711901266 -0.02637262436251735 -0.11174350127178644 0.27511941991849909 0.23688917988101427 -0.11884960290931522 -0.32825985960662368 0.074631178817949326 0.17777088532714469 -0.27834750939817993 0.09624389387748164 -0.17290052208118142 -0.039499665980928404 -0.04450127458572388
leaf_weight=177 59 693 135 157 87 37 35 242 90 29 87 163 84 20
leaf_count=177 59 693 135 157 87 37 35 242 90 29 87 163 84 20
internal_value=-0.0001805 0.0261003 0.0778794 0.156259 -0.0172536 0.129861 -0.0430948 0.00717228 -0.07701 0.0183123 -0.135369 -0.0789916 0.0744288 -0.297863
internal_weight=2095 1563 711 334 852 124 728 377 532 203 329 250 174 79
internal_count=2095 1563 711 334 852 124 728 377 532 203 329 250 174 79
is_linear=0
shrinkage=0.05


Tree=40
num_leaves=13
num_cat=0
split_feature=9 4 69 54 65 49 77 56 66 93 105 105
split_gain=1545.01 1383.98 1482.16 1373.53 1336.45 1312.88 1566.56 1279.99 1246.88 917.767 673.438 531.698
threshold=0.058606902356902406 -1.9594063296357436 -0.0049103858570257999 -0.26543320105820095 0.53135892642118676 0.02745260473161101 0.088430917555186436 0.036540287711457287 -0.0028586657329772859 -0.052070927030096449 -0.059319150944550807 0.030636722842852269
decision_type=10 8 8 10 10 10 10 10 8 10 10 10
left_child=1 8 3 -3 -4 6 7 -2 10 -8 -1 -7
right_child=5 2 4 -5 -6 11 9 -9 -10 -11 -12 -13
leaf_value=-0.045454594951409563 -0.03472452791872032 -0.032062150256242608 0.011352606075804246 0.13861792574195961 -0.23140540123291192 -0.39217002682742619 -0.0008709357941851896 -0.25774957352783534 0.068866167272009504 0.39173108890652658 -0.40734253341243387 -0.067129829581137057
leaf_weight=21 344 155 797 461 56 37 29 75 36 25 37 22
leaf_count=21 344 155 797 461 56 37 29 75 36 25 37 22
internal_value=-0.000243702 0.0248013 0.0369098 0.095678 -0.00578198 -0.073464 -0.0440722 -0.0773321 -0.156229 0.197836 -0.291114 -0.286463
internal_weight=2095 1563 1469 616 853 532 473 419 94 54 58 59
internal_count=2095 1563 1469 616 853 532 473 419 94 54 58 59
is_linear=0
shrinkage=0.05


Tree=41
num_leaves=14
num_cat=0
split_feature=0 99 72 119 69 63 17 74 8 98 81 12 17
split_gain=1811.88 1163.12 1146.24 1579.1 1236.91 1047.4 1369.96 1514.44 1201.56 1216.65 1101.14 832.419 697.515
threshold=11.500000000000002 -0.69615384615384601 -1.4166666666666663 0.28352438658475881 -0.10009921342134474 -0.23174603174603173 1.8708333969116213 0.58333333333333315 -0.053849999999999988 0.15088383838383843 -0.32390725860993058 0.027575734954995993 1.0630951438631338
decision_type=10 2 10 8 8 8 10 10 8 10 10 10 8
left_child=1 12 4 -4 -3 6 7 -2 10 -10 -7 -8 -1
right_child=5 2 3 -5 -6 8 11 -9 9 -11 -12 -13 -14
leaf_value=-0.43085902120385855 -0.39844951764112568 0.052207129827995857 -0.01361563761807137 0.16293921307362139 -0.10580365946840647 -0.0073116041589802241 -0.078894424527883533 0.10868594825267792 0.025183233528248146 0.29399980066382153 0.34942000826820729 0.33671106445789339 -0.055922748460885019
leaf_weight=23 36 159 668 151 512 29 20 20 312 44 75 20 26
leaf_count=23 36 159 668 151 512 29 20 20 312 44 75 20 26
internal_value=-0.000338463 -0.0283232 -0.0199554 0.0196665 -0.0681783 0.0765958 -0.0705333 -0.222447 0.107837 0.0621581 0.253716 0.14212 -0.256438
internal_weight=2095 1539 1490 819 671 556 96 56 460 356 104 40 49
internal_count=2095 1539 1490 819 671 556 96 56 460 356 104 40 49
is_linear=0
shrinkage=0.05


Tree=42
num_leaves=11
num_cat=0
split_feature=0 78 6 86 84 86 66 82 105 9
split_gain=1703.58 1180.61 1561.93 1132.97 1491.66 1334.42 860.282 839.53 852.818 805.979
threshold=-6.4999999999999991 -0.2334656106928984 1.106227701405684 123.41666666666676 -1915.5999999999997 195.99999999999991 -0.6977451667189597 0.06164775480251674 0.26006354888280242 0.091740435490435507
decision_type=8 8 10 10 8 10 8 10 10 10
left_child=6 2 -2 4 -3 -5 -1 8 -8 -9
right_child=1 3 -4 5 -6 -7 7 9 -10 -11
leaf_value=-0.34393708510324361 -0.41368156548057283 -0.15644191078841688 0.087949958046277366 0.21324134254418081 0.022904835186619791 0.033318089123994282 -0.12613814301286594 0.25488518447511727 0.17559016633492253 -0.096039009406681988
leaf_weight=27 30 125 25 154 1066 302 288 31 21 26
leaf_count=27 30 125 25 154 1066 302 288 31 21 26
internal_value=-0.000291981 0.0214044 -0.196506 0.0292843 0.00346457 0.0958439 -0.0934685 -0.0704703 -0.103004 0.0991719
internal_weight=2095 1702 55 1647 1191 456 393 366 309 57
internal_count=2095 1702 55 1647 1191 456 393 366 309 57
is_linear=0
shrinkage=0.05


Tree=43
num_leaves=13
num_cat=0
split_feature=0 11 99 2 100 105 46 12 115 44 90 19
split_gain=1587.39 1115.33 1495.19 1138.64 1056.67 1362.78 1396.96 1268.18 1073.62 1046.79 962.607 971.77
threshold=5.5000000000000009 8.0000000000000036 -0.69615384615384601 0.070841152453795089 -0.19444444444444442 0.19272743165493011 -0.033201265446399612 0.014982803414265307 0.040839944782372829 -0.0081050038345509955 0.33194444444444443 -0.025388863558570538
decision_type=10 10 2 10 8 10 10 8 10 8 8 10
left_child=1 2 -1 -4 5 6 -2 8 -6 -9 11 -3
right_child=4 10 3 -5 7 -7 -8 9 -10 -11 -12 -13
leaf_value=-0.35148899536579847 0.54444511211835422 0.048210361946460813 -0.014411249059781786 0.29935551315546033 -0.11468104632299539 -0.18563632352484599 0.13365976034396596 0.15349006431810025 0.10013578132993411 0.011022834929092881 0.16020485508441926 -0.22473670502590856
leaf_weight=27 21 38 792 25 228 22 138 204 73 341 20 166
leaf_count=27 21 38 792 25 228 22 138 204 73 341 20 166
internal_value=-0.000316471 -0.0429213 -0.0161988 -0.00298674 0.0439341 0.151918 0.203164 0.0200155 -0.0616343 0.0653515 -0.140838 -0.173717
internal_weight=2095 1068 844 817 1027 181 159 846 301 545 224 204
internal_count=2095 1068 844 817 1027 181 159 846 301 545 224 204
is_linear=0
shrinkage=0.05


Tree=44
num_leaves=14
num_cat=0
split_feature=9 21 94 85 4 55 93 4 66 107 17 4 100
split_gain=1269.13 1290.31 1361.91 1520.08 1230.99 1243.86 1555.33 1422.46 1141.36 903.82 762.887 870.277 658.771
threshold=0.058606902356902406 8.1597222222222268 0.099999999999999936 -0.12503540169780256 -1.9594063296357436 -0.41478995978832239 0.17243528715334835 1.9267307798490247 -0.0028586657329772859 -0.030551648388306298 -7.1041669845581046 -0.74766647662239716 0.016666666666666666
decision_type=10 10 10 8 8 8 10 10 8 10 8 10 10
left_child=4 2 3 -2 8 6 -6 -7 12 -4 -3 -12 -1
right_child=1 10 9 -5 5 7 -8 -9 -10 -11 11 -13 -14
leaf_value=-0.40072254866361617 -0.28824734427302862 -0.17602291233264483 -0.099454347919950739 -0.056243933980854657 0.20543773441374166 -0.0028847725022936015 -0.07551283491364516 0.19755658392483991 0.066950085686474314 0.16336083427813719 -0.081210590702657764 0.21755771258702647 -0.049750261966671261
leaf_weight=35 134 21 62 151 187 1128 63 91 36 59 32 73 23
leaf_count=35 134 21 62 151 187 1128 63 91 36 59 32 73 23
internal_value=-0.00022927 -0.0665934 -0.109729 -0.168588 0.0224676 0.0338916 0.13435 0.0127835 -0.148252 0.0296957 0.0709016 0.126497 -0.277332
internal_weight=2095 532 406 285 1563 1469 250 1219 94 121 126 105 58
internal_count=2095 532 406 285 1563 1469 250 1219 94 121 126 105 58
is_linear=0
shrinkage=0.05


Tree=45
num_leaves=16
num_cat=0
split_feature=0 25 116 37 58 29 97 32 108 27 63 58 0 36 27
split_gain=1434.89 1036.72 1098.5 1458.96 1197.72 1001.34 973.213 1961.07 1622.87 1407.75 1309.14 1914.04 1111.47 553.313 439.389
threshold=11.500000000000002 -0.19291202390582415 -0.27343464052925498 -0.12419795927902061 1.1317437192437201 -0.31238733232021326 1.5000000000000002 -0.22549564542714504 0.017206015217750937 -0.00037989517052969263 -0.083333333333333301 -0.59154909179418957 -5.4999999999999991 0.12204971412817643 0.099488094449043288
decision_type=10 10 10 10 10 10 10 10 8 10 8 10 8 8 10
left_child=6 5 3 -3 -4 13 10 8 -8 -9 11 -1 -12 -2 -7
right_child=1 2 4 -5 -6 14 7 9 -10 -11 12 -13 -14 -15 -16
leaf_value=-0.20918160838562991 -0.15445470643043518 0.1106266474531543 0.034930692693671668 -0.35294303162489088 0.3952268982380629 0.37918264569159144 0.37048170174838924 -0.079220528537673612 -0.0096438667121923199 0.085517204082706605 -0.19417196782022186 0.12733638302848346 -0.051695186168610054 0.12607481725513936 0.078664241850376126
leaf_weight=51 20 26 328 35 20 52 61 345 48 201 192 168 473 55 20
leaf_count=51 20 26 328 35 20 52 61 345 48 201 192 168 473 55 20
internal_value=-0.000266519 0.0681951 0.0262664 -0.161186 0.0610838 0.179823 -0.025173 0.0208788 0.209567 -0.0182589 -0.0592769 0.045826 -0.094048 0.045664 0.306883
internal_weight=2095 556 409 61 348 147 1539 655 109 546 884 219 665 75 72
internal_count=2095 556 409 61 348 147 1539 655 109 546 884 219 665 75 72
is_linear=0
shrinkage=0.05


Tree=46
num_leaves=16
num_cat=0
split_feature=19 65 55 2 26 113 61 24 25 91 118 74 51 93 86
split_gain=1189.93 1510.19 1700.81 1707.11 1537.15 1304.75 1676.23 1473.89 1272.42 1331.84 1196.64 1060.24 1052.48 672.864 506.077
threshold=-0.024454436264932156 -0.034737199544906609 -0.41478995978832239 0.020710887853056199 1.1555285792213474 -0.23299606584260776 -1.1686507562796273 -0.23784721955390908 -0.015503917698477919 -1.0000000180025095e-35 4.6597220102945967 -0.58333333333333293 0.23916650020206973 -0.049124493263661854 -40.833333333333364
decision_type=8 10 10 10 10 8 10 10 10 10 10 10 8 10 10
left_child=8 5 3 -3 -4 7 -7 -2 9 11 -11 -1 13 -10 -14
right_child=1 2 4 -5 -6 6 -8 -9 12 10 -12 -13 14 -15 -16
leaf_value=-0.17517669311036235 -0.25007037866567633 0.22329157613319894 -0.18860985480934242 -0.13892847622855237 0.11872908935571712 -0.030800706922236895 0.11187764558642399 -0.0052639000167509602 -0.048236051572288961 0.32860323508373568 -0.0025426904602748593 0.12746441430197314 -0.3739053874015808 0.12565865896303546 -0.05755949740608534
leaf_weight=41 84 68 313 54 43 396 419 201 108 103 36 73 20 105 31
leaf_count=41 84 68 313 54 43 396 419 201 108 103 36 73 20 105 31
internal_value=-0.00017144 -0.0217821 -0.0954978 0.0634134 -0.150219 0.0104927 0.0427257 -0.0806573 0.0652701 0.14426 0.245381 0.0154126 -0.0115167 0.0381733 -0.204817
internal_weight=2095 1578 478 122 356 1100 815 285 517 253 139 114 264 213 51
internal_count=2095 1578 478 122 356 1100 815 285 517 253 139 114 264 213 51
is_linear=0
shrinkage=0.05


Tree=47
num_leaves=14
num_cat=0
split_feature=0 14 78 6 59 107 30 34 6 4 38 107 100
split_gain=1252.61 1116.64 986.618 1263.27 1055.16 951.725 802.532 1196.04 1003.9 1238 998.508 653.087 429.7
threshold=-6.4999999999999991 -1.9999999999999996 -0.2334656106928984 0.76088268061478925 -0.2426690353507486 0.076880639729400499 -0.091537056316743887 -0.27521745377841089 -3.0747015625238414 1.1567236528056044 -0.10303267534889096 -0.13634470229347542 -0.060317460317460374
decision_type=8 8 8 10 8 10 8 10 8 10 8 10 10
left_child=6 5 3 -3 -4 11 7 -1 9 -8 -10 -2 -9
right_child=1 2 4 -5 -6 -7 8 12 10 -11 -12 -13 -14
leaf_value=-0.14678389704541159 -0.19860420746263119 -0.39344882604275505 0.16974348966032268 0.06312321376753971 0.022773750587424813 -0.3770935609456032 -0.27667948764150702 0.3746204674243927 0.24401640519499779 0.087712866356295938 -0.080217990969681449 0.10634621561337741 0.050328991619440225
leaf_weight=33 27 26 129 27 1433 26 118 20 23 26 152 34 21
leaf_count=33 27 26 129 27 1433 26 118 20 23 26 152 34 21
internal_value=-0.000194471 0.0184063 0.0280045 -0.174603 0.0354463 -0.151062 -0.0800954 0.0645098 -0.114272 -0.209815 -0.031732 -0.0326944 0.233132
internal_weight=2095 1702 1615 53 1562 87 393 74 319 144 175 61 41
internal_count=2095 1702 1615 53 1562 87 393 74 319 144 175 61 41
is_linear=0
shrinkage=0.05


Tree=48
num_leaves=16
num_cat=0
split_feature=0 89 9 44 108 66 21 25 5 91 64 58 33 39 46
split_gain=1205.19 1150.28 1794.78 1483.99 1448.53 1060.61 1068.52 943.123 1040.22 1043.59 1025.86 1897.47 928.148 446.135 277.157
threshold=11.500000000000002 4.3333333333333313 0.044926184926184963 -0.0068817608459552293 -0.039393401485792789 -0.6977451667189597 -13.725 -0.19291202390582415 -0.46184689809531043 -0.23333333333333325 -0.054761904761905005 0.21750795500795575 7.5000000000000009 2.5000000000000004 -0.001779541694368794
decision_type=10 10 10 10 10 8 8 10 10 8 10 10 2 8 10
left_child=1 5 4 -4 -3 14 -7 8 13 -10 12 -12 -9 -2 -1
right_child=7 2 3 -5 -6 6 -8 10 9 -11 11 -13 -14 -15 -16
leaf_value=-0.38031785647074384 0.1751859260373749 0.34930743480909549 0.085724145905855531 -0.17890714706508098 0.061697066012532158 -0.20091326148443236 -0.024695347493457618 0.043777607215775387 0.027777412245350498 0.42237914527924558 -0.24708520640413481 0.047252638408129939 0.315875206593838 -0.063127643797619676 -0.10335039315888515
leaf_weight=25 27 48 83 130 277 91 864 112 26 48 72 185 40 46 21
leaf_count=25 27 48 83 130 277 91 864 112 26 48 72 185 40 46 21
internal_value=-0.000223338 -0.0230515 0.0356411 -0.0759575 0.108975 -0.0546666 -0.0424978 0.0625177 0.168971 0.294901 0.0225575 -0.0381586 0.12348 0.0299544 -0.277385
internal_weight=2095 1539 538 213 325 1001 955 556 147 74 409 257 152 73 46
internal_count=2095 1539 538 213 325 1001 955 556 147 74 409 257 152 73 46
is_linear=0
shrinkage=0.05


Tree=49
num_leaves=14
num_cat=0
split_feature=0 72 111 41 93 11 99 2 21 60 80 104 17
split_gain=1111.33 1030.88 1611.24 1072.85 999.245 972.473 1271.07 1047.15 972.055 1030.54 895.78 895.29 232.852
threshold=5.5000000000000009 -8.2083333333333304 0.043503284920006997 0.27108516774375696 -0.15135068446397779 8.0000000000000036 -0.69615384615384601 0.070841152453795089 -8.966666666666665 0.39722222222222237 -0.1182571664367887 0.74166666666666681 1.0000000180025095e-35
decision_type=10 10 8 10 8 10 2 10 8 10 8 2 10
left_child=5 8 4 -4 -3 6 -1 -8 12 -10 -7 -12 -2
right_child=1 2 3 -5 -6 10 7 -9 9 -11 11 -13 -14
leaf_value=-0.32002720438176768 -0.37462270033359529 -0.076668974347178287 0.10209881636137899 0.42581985249467524 0.065712402792139496 -0.34411163549870255 -0.0097168115406429199 0.29118802785873416 -0.070464986219465384 0.20599995245310396 -0.1431232406757772 0.095222076145424092 -0.10259368628263475
leaf_weight=27 20 154 69 41 545 35 792 25 139 39 139 50 20
leaf_count=27 20 154 69 41 545 35 792 25 139 39 139 50 20
internal_value=-0.000169246 0.0368519 0.0628311 0.236461 0.0339509 -0.0358216 -0.0108946 0.00114518 -0.0585801 -0.00564459 -0.127236 -0.0789821 -0.266231
internal_weight=2095 1027 809 110 699 1068 844 817 218 178 224 189 40
internal_count=2095 1027 809 110 699 1068 844 817 218 178 224 189 40
is_linear=0
shrinkage=0.05


Tree=50
num_leaves=11
num_cat=0
split_feature=50 35 41 8 60 5 95 15 76 5
split_gain=1099.72 1607.24 1480.91 1231.85 1419.84 1147.27 1776.11 1015.54 876.953 849.31
threshold=0.0046164773404598026 0.70570265850983571 -4.542870395051108 -0.045928571428571395 -0.30277777777777787 1.5148651860457802 0.28756613756613758 0.010016802698373796 0.063825757575757605 -2.6728082430670348
decision_type=10 10 8 8 10 8 8 10 8 10
left_child=2 5 8 4 -4 9 -7 -5 -1 -2
right_child=1 -3 3 7 -6 6 -8 -9 -10 -11
leaf_value=-0.42627718625245276 0.1083486905522846 -0.35116288632154469 -0.0088607102991586709 -0.018322132998267463 0.26311863383324052 0.20267404610650586 -0.15129100984105698 0.091088519241361895 -0.014447842682561569 -0.070528431797138399
leaf_weight=22 69 35 78 609 117 109 47 319 26 664
leaf_count=22 69 35 78 609 117 109 47 319 26 664
internal_value=-0.000192365 -0.0408768 0.0319052 0.0439521 0.156575 -0.0267092 0.0943336 0.0195208 -0.226554 -0.0530023
internal_weight=2095 924 1171 1123 195 889 156 928 48 733
internal_count=2095 924 1171 1123 195 889 156 928 48 733
is_linear=0
shrinkage=0.05


Tree=51
num_leaves=10
num_cat=0
split_feature=7 29 50 35 41 29 47 58 14
split_gain=996.072 1238.36 1166.92 1329.42 1314.92 1072.78 1012.94 907.862 693.169
threshold=-0.29763025813736016 -0.07010240977009137 0.0046164773404598026 0.70570265850983571 -4.542870395051108 -0.90699190894762671 5.833333333333333 0.17667637917637971 0.66025641025641024
decision_type=8 10 10 10 8 8 8 10 10
left_child=1 7 4 5 8 -4 -6 -1 -2
right_child=2 -3 3 -5 6 -7 -8 -9 -10
leaf_value=-0.12353633700736932 -0.0070555501584229734 0.41222142858896405 0.19024218126219147 -0.33654520695026102 0.074184890953463756 -0.05086801452915074 -0.025805888838134707 0.24810410288197027 -0.37573749015728636
leaf_weight=37 23 27 44 34 688 800 395 22 25
leaf_count=37 23 27 44 34 688 800 395 22 25
internal_value=-0.000229849 0.161554 -0.00756408 -0.0506819 0.0259402 -0.037193 0.0377185 0.0228169 -0.217352
internal_weight=2095 86 2009 878 1131 844 1083 59 48
internal_count=2095 86 2009 878 1131 844 1083 59 48
is_linear=0
shrinkage=0.05


Tree=52
num_leaves=16
num_cat=0
split_feature=8 45 50 54 88 31 25 27 50 88 47 67 72 109 51
split_gain=977.328 1582.69 1222.81 1682.54 1275.02 1115.98 1287.18 1051.38 846.992 970.389 838.504 1125.16 1124.95 827.234 138.965
threshold=-0.042642857142857142 5.5000000000000009 -0.2702483315659942 0.42916666666666675 0.11527281037221354 0.31126331786314648 -0.048773289532109125 0.075860197345415784 0.97507391130620713 -0.23852399860819179 -3.1666666666666674 0.0099656805396080034 -7.7499999999999991 0.27532386779785162 -0.015489335590973494
decision_type=10 2 8 8 10 8 10 8 10 10 10 10 10 10 8
left_child=1 2 3 -1 -4 6 -3 -7 10 14 11 -2 -12 -11 -10
right_child=8 5 4 -5 -6 7 -8 -9 9 13 12 -13 -14 -15 -16
leaf_value=0.19784300922442022 0.12172342926077545 0.20740464659673827 0.00064048888417744495 -0.10855689692226322 -0.17625273391890986 0.44492920176126066 -0.058052921448580666 0.085251761713753579 -0.16605926929758147 0.10073626140246586 -0.22013230632333194 -0.070213614033174609 -0.023268251124341471 -0.18604059035961446 -0.41987374531371258
leaf_weight=139 195 79 468 61 125 43 96 41 21 44 80 119 514 47 23
leaf_count=139 195 79 468 61 125 43 96 41 21 44 80 119 514 47 23
internal_value=-0.000218928 0.0336817 -0.00154795 0.103779 -0.0377256 0.139723 0.0639369 0.284586 -0.0344574 -0.149015 -0.0166476 0.0488658 -0.0514816 -0.0488337 -0.329061
internal_weight=2095 1052 793 200 593 259 175 84 1043 135 908 314 594 91 44
internal_count=2095 1052 793 200 593 259 175 84 1043 135 908 314 594 91 44
is_linear=0
shrinkage=0.05


Tree=53
num_leaves=14
num_cat=0
split_feature=2 66 5 65 93 98 108 15 64 25 101 15 43
split_gain=939.919 1343.14 1137.1 1106.64 1589.16 1140.68 1005.1 942.69 1095.65 979.881 725.052 739.378 278.772
threshold=-0.010796098969876764 -0.6977451667189597 -1.3728610136053339 -0.034737199544906609 -0.41422233730554575 0.20439976689976688 0.0050896404767049258 0.039700585107008614 1.4996632996633001 -0.026176306248506306 55.500000000000007 0.019404351711273197 0.12183333333333339
decision_type=8 8 10 10 10 10 10 10 10 10 10 10 8
left_child=2 6 10 5 -5 -3 12 9 -9 -4 -1 -12 -2
right_child=1 3 7 4 -6 -7 -8 8 -10 -11 11 -13 -14
leaf_value=0.10303436275571586 -0.50387477028369909 0.028986933697974528 0.11211634902530257 0.023073141448318013 -0.17765469323714492 -0.23177791197191586 0.018717676914971452 0.18625683486421149 -0.090410987897352746 -0.059116049776262142 -0.046910127925758181 -0.33959469704164402 -0.1767053908453538
leaf_weight=32 20 888 146 184 204 39 24 225 39 182 60 31 21
leaf_count=32 20 888 146 184 204 39 24 225 39 182 60 31 21
internal_value=-0.000241305 -0.024354 0.0460744 -0.012903 -0.0832545 0.016778 -0.237834 0.0748507 0.144279 0.0174921 -0.0895492 -0.159631 -0.374809
internal_weight=2095 1380 715 1315 388 927 65 592 264 328 123 91 41
internal_count=2095 1380 715 1315 388 927 65 592 264 328 123 91 41
is_linear=0
shrinkage=0.05


Tree=54
num_leaves=14
num_cat=0
split_feature=0 78 6 93 40 20 16 26 46 30 44 96 50
split_gain=897.546 924.021 1227.27 906.63 1233.3 1094.66 788.959 1078.21 2112.26 912.635 905.089 813.17 695.82
threshold=-6.4999999999999991 -0.2334656106928984 0.41982016960779828 -0.24170857301214707 -0.13273809523809529 -2.7612050367029521 0.030575517409791548 1.2179976765613578 0.0073143229388785017 -0.050754002384984717 0.021261919512861768 -0.040599486790597432 -0.50123371140632234
decision_type=8 8 10 8 10 8 8 8 10 10 10 10 10
left_child=6 2 -2 4 -3 -5 9 12 -9 11 -11 -1 -8
right_child=1 3 -4 5 -6 -7 7 8 -10 10 -12 -13 -14
leaf_value=-0.029015698552131652 -0.40404303088784221 -0.24341337957243991 0.040824572699410581 0.18203701807308148 0.00028411182290721387 0.024871623782040619 0.002943044312690434 -0.1088924458010657 0.37522749394692223 0.079914917990875745 -0.25024676556522779 0.37657193603186778 -0.25304430702494252
leaf_weight=20 25 64 30 117 208 1258 33 96 24 43 32 24 121
leaf_count=20 25 64 30 117 208 1258 33 96 24 43 32 24 121
internal_value=-0.000367795 0.0153743 -0.177374 0.0223586 -0.0602347 0.0388923 -0.0680058 -0.114116 -0.000532318 0.0380805 -0.0671652 0.207045 -0.199508
internal_weight=2095 1702 55 1647 272 1375 393 274 120 119 75 44 154
internal_count=2095 1702 55 1647 272 1375 393 274 120 119 75 44 154
is_linear=0
shrinkage=0.05


Tree=55
num_leaves=10
num_cat=0
split_feature=35 2 98 86 76 31 35 114 94
split_gain=883.317 876.189 976.037 1210.51 972.01 876.567 1204.86 941.758 499.067
threshold=0.86035566637292515 -0.044657345737020161 0.0090326340326340199 257.83333333333354 0.11005952380952382 0.0023260815069079403 0.42392199527239433 48.750000000000007 0.024999999999999915
decision_type=10 8 10 10 8 8 10 10 10
left_child=1 2 4 -4 -1 6 -3 -7 -2
right_child=8 5 3 -5 -6 7 -8 -9 -10
leaf_value=-0.11916169437809268 -0.30326546672228222 -0.06542114712775586 0.32669611824410305 -0.081293300456470929 0.16868642260338748 0.047105925009947425 0.17013451643919542 -0.064318770590265112 -0.00020800232887268068
leaf_weight=64 32 693 65 22 46 859 54 238 22
leaf_count=64 32 693 65 22 46 859 54 238 22
internal_value=-0.000370355 0.00510689 0.103983 0.224172 0.00287696 -0.00568197 -0.0473085 0.0227042 -0.191126
internal_weight=2095 2041 197 87 110 1844 747 1097 54
internal_count=2095 2041 197 87 110 1844 747 1097 54
is_linear=0
shrinkage=0.05


Tree=56
num_leaves=11
num_cat=0
split_feature=7 29 5 72 50 65 2 38 24 101
split_gain=903.428 1128.69 1064.78 1611.18 1221.27 1222.25 1140.74 1077.69 809.361 618.505
threshold=-0.29763025813736016 -0.07010240977009137 1.3439182777600855 -9.2499999999999982 0.0046164773404598026 -0.11872882496876019 0.070841152453795089 -0.12966932686377194 0.1912499986588955 70.500000000000014
decision_type=8 10 10 10 10 10 10 10 8 10
left_child=1 9 4 8 5 -2 -6 -5 -4 -1
right_child=2 -3 3 7 6 -7 -8 -9 -10 -11
leaf_value=0.15176607424345537 0.051814449107069616 0.39303879147628323 0.014509356381564304 0.3464329763129354 -0.087001809155456675 -0.073331500386530676 0.258115407705307 0.06889645527116954 -0.37321939303957186 -0.15021934012571972
leaf_weight=34 618 27 24 35 678 279 20 331 24 25
leaf_count=34 618 27 24 35 678 279 20 331 24 25
internal_value=-0.000343628 0.153731 -0.00732927 0.0636132 -0.0259157 0.0126433 -0.0752765 0.0998828 -0.195332 0.0212859
internal_weight=2095 86 2009 414 1595 897 698 366 48 59
internal_count=2095 86 2009 414 1595 897 698 366 48 59
is_linear=0
shrinkage=0.05


Tree=57
num_leaves=8
num_cat=0
split_feature=48 35 113 16 33 73 102
split_gain=836.825 872.193 902.913 870.375 1092.08 936.257 528.517
threshold=0.47641155278931069 0.75617502458792718 -0.28925046629190704 -0.2123170554793129 9.5000000000000018 0.10955432678262393 0.1047147045901511
decision_type=10 10 10 8 2 10 10
left_child=1 3 -3 5 -5 -1 -4
right_child=-2 2 6 4 -6 -7 -8
leaf_value=0.048177665947582077 0.28162933157559916 0.084355043649673472 -0.44045967625321025 -0.018780090807959129 0.17256095174413463 0.32545020795530744 -0.080748754625137031
leaf_weight=221 21 20 23 1685 73 31 21
leaf_count=221 21 20 23 1685 73 31 21
internal_value=-0.000250161 -0.0037988 -0.178601 0.00217159 -0.0103395 0.0881493 -0.295558
internal_weight=2095 2074 64 2010 1758 252 44
internal_count=2095 2074 64 2010 1758 252 44
is_linear=0
shrinkage=0.05


Tree=58
num_leaves=16
num_cat=0
split_feature=19 65 88 100 91 76 53 15 103 42 26 66 103 103 24
split_gain=803.644 1230.02 1430.46 1718.15 1189.51 1344.36 1180.48 1153.23 1169.23 1124.3 1114.21 1111.86 1030.69 876.106 524.424
threshold=-0.02273635814587275 -0.034737199544906609 0.20071505922824148 0.055555555555555448 0.33333333333333343 0.22222222222222227 0.035304060003562975 0.054408567647139257 -0.083527936492048718 -0.027813316159752698 1.2065708670447928 1.1006080888522172 0.11682410024675645 0.15327036955083415 0.50000000496705388
decision_type=8 10 10 10 10 10 10 10 8 10 8 8 8 10 8
left_child=7 4 13 -4 5 -2 -6 8 9 -1 -10 12 -9 -3 -13
right_child=1 2 3 -5 6 -7 -8 11 10 -11 -12 14 -14 -15 -16
leaf_value=0.26046757922672176 0.0059709207886345659 -0.11455959389850344 0.10445537079101452 -0.17052501254611546 0.046571199616671291 -0.18163150922818619 0.30450742500915862 0.023790598792188311 -0.14180401096702552 -0.027816385047377219 0.091370011571990817 -0.22512107169628146 0.31612829660114494 -0.3486557057906281 0.097290266477144685
leaf_weight=63 719 189 149 85 215 105 52 46 155 65 71 20 90 50 21
leaf_count=63 719 189 149 85 215 105 52 46 155 65 71 20 90 50 21
internal_value=-0.000189774 -0.01827 -0.085171 0.00288233 0.0109453 -0.0188257 0.101664 0.0526439 0 0.118155 -0.0679416 0.154929 0.221954 -0.16988 -0.0662713
internal_weight=2095 1564 473 234 1091 824 267 531 354 128 226 177 136 239 41
internal_count=2095 1564 473 234 1091 824 267 531 354 128 226 177 136 239 41
is_linear=0
shrinkage=0.05


Tree=59
num_leaves=7
num_cat=0
split_feature=84 78 7 63 94 86
split_gain=822.233 859.569 1277.56 824.726 801.007 756.875
threshold=-2395.7999999999997 -0.25045927241444588 -0.29763025813736016 0.68333333333333346 0.027777777777777849 25.166666666666632
decision_type=8 8 8 10 10 10
left_child=4 -2 5 -4 -1 -3
right_child=1 2 3 -5 -6 -7
leaf_value=-0.35283927647396923 -0.21629400605032612 -0.044273812295152593 0.0060635512919222975 -0.22620282810276901 0.03076495666194845 0.29245921423444982
leaf_weight=27 38 21 1897 34 22 56
leaf_count=27 38 21 1897 34 22 56
internal_value=-0.000171899 0.00487529 0.00961245 0.00137447 -0.192782 0.202913
internal_weight=2095 2046 2008 1931 49 77
internal_count=2095 2046 2008 1931 49 77
is_linear=0
shrinkage=0.05


Tree=60
num_leaves=8
num_cat=0
split_feature=48 7 46 61 8 91 11
split_gain=768.682 765.507 1049.01 799.337 794.06 1062.68 817.783
threshold=0.47641155278931069 -0.29763025813736016 0.023581107916202926 1.137896756331126 -0.029789285714285695 0.041666666666666748 10.750000000000004
decision_type=10 8 10 10 10 10 10
left_child=1 2 3 -1 5 -3 -6
right_child=-2 4 -4 -5 6 -7 -8
leaf_value=0.094305461800346768 0.26993408079903863 -0.01726027239609541 -0.12985370337430921 0.46728884861618281 -0.023742962721065661 0.086136381014397273 -0.1537059831754144
leaf_weight=43 21 713 23 20 760 375 140
leaf_count=43 21 713 23 20 760 375 140
internal_value=-0.000224057 -0.00362617 0.138165 0.239101 -0.0101163 0.0185626 -0.0447522
internal_weight=2095 2074 86 63 1988 1088 900
internal_count=2095 2074 86 63 1988 1088 900
is_linear=0
shrinkage=0.05


Tree=61
num_leaves=11
num_cat=0
split_feature=89 36 12 44 84 29 111 0 7 43
split_gain=764.278 807.675 769.254 1294.55 1281.91 979.164 906.763 809.253 741.882 240.313
threshold=-22.166666666666661 0.07501653333504997 0.034873233238856029 -0.0068817608459552293 -2442.1999999999994 -0.77537779857326905 0.00069028558209538124 -3.4999999999999996 -0.054786901610592999 -0.14199999999999999
decision_type=8 10 10 10 8 8 10 10 8 10
left_child=1 8 4 6 -2 -6 -4 -5 -1 -10
right_child=2 -3 3 7 5 -7 -8 -9 9 -11
leaf_value=0.017362740290937602 -0.36302685319231109 0.093121995627880094 0.21240433854206153 -0.12436289266598495 0.14898180478130993 -0.020091422304293713 0.030921717268183713 0.035275936577032041 -0.13630570444464682 -0.4171009721234441
leaf_weight=22 21 25 151 105 87 1229 128 280 20 27
leaf_count=22 21 25 151 105 87 1229 128 280 20 27
internal_value=-0.000141056 -0.135782 0.00652852 0.0503309 -0.0152945 -0.00835465 0.13133 -0.00916994 -0.220082 -0.323171
internal_weight=2095 94 2001 664 1337 1316 279 385 69 47
internal_count=2095 94 2001 664 1337 1316 279 385 69 47
is_linear=0
shrinkage=0.05


Tree=62
num_leaves=14
num_cat=0
split_feature=9 49 94 83 50 59 32 72 25 80 24 84 41
split_gain=730.925 969.896 950.354 1680.07 1082.52 1207.94 1139.22 811.53 1691.43 1008.89 724.325 375.294 202.902
threshold=0.068423012173012179 0.02745260473161101 0.45138888888888895 -0.0068460504213968812 0.0046164773404598026 -0.33100692337999732 -0.22549564542714504 -1.4166666666666663 0.023887683638153637 -0.031258268281817429 -0.13888888557751972 -648.94999999999993 -0.48343252284186217
decision_type=10 10 10 10 8 8 10 10 8 10 10 10 10
left_child=2 7 4 11 6 -6 -1 9 -9 -2 -3 -4 -5
right_child=1 10 3 12 5 -7 -8 8 -10 -11 -12 -13 -14
leaf_value=0.1919782387518805 0.0072499447839057193 -0.048415614715927272 -0.14512704938650131 -0.03378550244867802 0.30422539284517031 -0.024075683788113859 0.036700690830758685 0.15108335560755329 -0.10023818871447149 -0.23126968697741113 -0.41157629932126688 -0.49685039746761323 0.16948357224464417
leaf_weight=148 89 28 20 20 24 819 540 132 126 82 26 20 21
leaf_count=148 89 28 20 20 24 819 540 132 126 82 26 20 21
internal_value=-0.000193863 -0.053849 0.0159686 -0.145785 0.0250057 -0.0129314 0.0713197 -0.0272391 0.0285826 -0.110165 -0.244179 -0.357765 0.0763464
internal_weight=2095 483 1612 81 1531 843 688 429 258 171 54 40 41
internal_count=2095 483 1612 81 1531 843 688 429 258 171 54 40 41
is_linear=0
shrinkage=0.05


Tree=63
num_leaves=11
num_cat=0
split_feature=35 113 72 5 0 86 86 81 62 102
split_gain=731.319 972.134 739.899 1483.94 1403.72 1355.18 1035.49 832.505 754.528 503.794
threshold=0.75617502458792718 -0.29602282715007838 -7.7499999999999991 1.8662048456483669 17.500000000000004 -123.16666666666673 121.16666666666664 -0.066702730953693376 0.085260162750879956 0.1240052029800912
decision_type=10 10 10 8 8 8 10 8 10 10
left_child=2 -2 4 6 5 -1 -4 -5 -6 -3
right_child=1 9 3 7 8 -7 -8 -9 -10 -11
leaf_value=0.14789624884724617 0.11242402294278145 -0.41524408177697458 -0.028802173798646975 0.23090038263323631 0.24915263277350688 -0.14069139741258019 0.070875727690651383 0.055445816911852512 -0.041614105432693449 -0.073635667396916279
leaf_weight=43 20 24 974 105 46 284 350 190 37 22
leaf_count=43 20 24 974 105 46 284 350 190 37 22
internal_value=-0.000260434 -0.158023 0.00522258 0.0204585 -0.0543417 -0.100936 -0.00224714 0.12087 0.123966 -0.276083
internal_weight=2095 66 2029 1619 410 327 1324 295 83 46
internal_count=2095 66 2029 1619 410 327 1324 295 83 46
is_linear=0
shrinkage=0.05


Tree=64
num_leaves=9
num_cat=0
split_feature=3 9 29 94 105 56 117 82
split_gain=708.859 766.217 1052.79 999.793 841.927 1096.28 488.622 437.265
threshold=5055.5000000000009 0.068423012173012179 -1.2188458616534867 0.28333333333333338 0.26296614855527883 0.036540287711457287 6.5000000000000009 -1.0000000180025095e-35
decision_type=8 8 10 10 10 10 8 10
left_child=1 2 -1 -4 5 -3 -2 -6
right_child=6 4 3 -5 7 -7 -8 -9
leaf_value=0.30424151247547521 0.0079746686495267421 -0.038624017954739354 0.026041602901806005 -0.098765104194801001 0.29802709341049199 -0.23920858644797832 0.33672503886314542 -0.0044399479886999835
leaf_weight=26 21 528 1203 180 20 74 21 22
leaf_count=26 21 528 1203 180 20 74 21 22
internal_value=-0.000225186 -0.00463318 0.0159959 0.00946449 -0.0496198 -0.0651303 0.191749 0.154911
internal_weight=2095 2053 1409 1383 644 602 42 42
internal_count=2095 2053 1409 1383 644 602 42 42
is_linear=0
shrinkage=0.05


Tree=65
num_leaves=10
num_cat=0
split_feature=14 2 77 5 16 10 106 93 49
split_gain=704.863 758.144 857.597 1143.55 931.351 733.83 710.738 803.539 626.743
threshold=-1.9999999999999996 0.070841152453795089 -0.086172555806115256 -0.17377223422924995 -0.2123170554793129 -0.27082408274692388 1.1636058067282045 1.5475823916494849 0.0083235946757254427
decision_type=8 10 8 10 8 10 10 8 10
left_child=6 2 3 -2 -4 -3 7 -1 -8
right_child=1 5 4 -5 -6 -7 8 -9 -10
leaf_value=-0.40507040606303657 -0.11361618953764499 -0.037756977111101153 0.12835418618474664 0.048042490418849733 0.0056992925840863434 0.33342142595964325 0.20532383966445922 -0.03241352447675485 -0.11869739418899693
leaf_weight=28 305 20 171 165 1297 29 20 28 32
leaf_count=28 305 20 171 165 1297 29 20 28 32
internal_value=-0.000141073 0.00672662 0.00154762 -0.0568501 0.0204079 0.191526 -0.121643 -0.237491 0.0121279
internal_weight=2095 1987 1938 470 1468 49 108 56 52
internal_count=2095 1987 1938 470 1468 49 108 56 52
is_linear=0
shrinkage=0.05


Tree=66
num_leaves=9
num_cat=0
split_feature=69 0 41 12 43 84 96 115
split_gain=728.536 845.6 1090.57 1052.11 1109.76 1044.74 827.673 821.285
threshold=0.43049451212088269 20.500000000000004 -0.26101007350165445 0.077401722160478456 -0.044583333333333301 -2395.7999999999997 -0.17997367773205039 -1.0000000180025095e-35
decision_type=10 10 8 10 10 8 10 10
left_child=1 3 6 5 -5 -1 -3 -4
right_child=-2 2 7 4 -6 -7 -8 -9
leaf_value=-0.29842585859929815 -0.2170979006117896 0.11974625962475936 0.42748790812911469 0.14336946388416061 -0.020158229365944864 -0.017831397857898539 -0.25961451953543085 0.10487101242392205
leaf_weight=29 33 25 27 213 195 1484 23 66
leaf_count=29 33 25 27 213 195 1484 23 66
internal_value=-0.000131246 0.00383362 0.119854 -0.00494524 0.0657939 -0.0242078 -0.0684305 0.216076
internal_weight=2095 2062 141 1921 408 1513 48 93
internal_count=2095 2062 141 1921 408 1513 48 93
is_linear=0
shrinkage=0.05


Tree=67
num_leaves=11
num_cat=0
split_feature=89 41 84 22 50 54 16 36 7 114
split_gain=669.348 746.985 1094.91 824.611 800.11 951.106 843.266 715.98 671.941 145.936
threshold=-22.166666666666661 -4.2313912476253011 -424.44999999999993 -0.076718185413819182 0.0046164773404598026 -0.62731481481481477 0.20697913586627695 0.07501653333504997 -0.054786901610592999 44.750000000000007
decision_type=8 8 10 10 8 8 10 10 8 10
left_child=7 2 3 -2 5 -3 -6 8 -1 -10
right_child=1 4 -4 -5 6 -7 -8 -9 9 -11
leaf_value=0.018918829300889263 -0.045389847718179228 -0.22431236890054521 0.10656711205437377 -0.38898666388570119 0.0012860339243031507 0.058030119224954817 -0.13065649327422893 0.088297979334990187 -0.15089974646215087 -0.3904999469717344
leaf_weight=22 35 26 32 34 891 848 135 25 22 25
leaf_count=22 35 26 32 34 891 848 135 25 22 25
internal_value=-0.000126785 0.00611331 -0.123048 -0.230217 0.0133104 0.0483459 -0.0165758 -0.127066 -0.206466 -0.304602
internal_weight=2095 2001 101 69 1900 874 1026 94 69 47
internal_count=2095 2001 101 69 1900 874 1026 94 69 47
is_linear=0
shrinkage=0.05


Tree=68
num_leaves=9
num_cat=0
split_feature=69 17 0 48 69 60 44 14
split_gain=665.684 781.928 1241.7 1272.8 1052.67 1268.52 964.316 748.15
threshold=0.43049451212088269 -3.6880094395743455 -11.499999999999998 0.2441298669824998 0.23792873819669089 0.32041666666666668 0.034324686861286216 -1.0000000180025095e-35
decision_type=10 8 8 10 10 10 10 10
left_child=1 2 7 -4 6 -6 -3 -1
right_child=-2 4 3 -5 5 -7 -8 -9
leaf_value=0.04167443690821529 -0.2076429356085627 -0.0026610351956745928 0.12392955216075652 -0.16556148929304856 0 0.31801319122314453 -0.098344326563103254 -0.30049169608524867
leaf_weight=27 33 1151 352 38 81 46 337 30
leaf_count=27 33 1151 352 38 81 46 337 30
internal_value=-0.000246356 0.00354286 0.0617037 0.0938575 -0.0126648 0.122674 -0.0246215 -0.147317
internal_weight=2095 2062 447 390 1615 127 1488 57
internal_count=2095 2062 447 390 1615 127 1488 57
is_linear=0
shrinkage=0.05


Tree=69
num_leaves=5
num_cat=0
split_feature=48 69 33 3
split_gain=668.314 812.753 758.907 771.958
threshold=0.47641155278931069 0.43049451212088269 11.500000000000002 172.20000000000002
decision_type=10 10 2 10
left_child=1 2 3 -1
right_child=-2 -3 -4 -5
leaf_value=0.11283316036769704 0.25163140984681936 -0.24235477055822102 0.24615644370355916 -0.011340302463700561
leaf_weight=129 21 30 26 1889
leaf_count=129 21 30 26 1889
internal_value=-0.000270495 -0.00344418 0.000620771 -0.00311858
internal_weight=2095 2074 2044 2018
internal_count=2095 2074 2044 2018
is_linear=0
shrinkage=0.05


Tree=70
num_leaves=9
num_cat=0
split_feature=2 0 61 62 30 76 51 29
split_gain=653.183 711.544 890.747 1156.49 1049.93 887.808 1356.36 1100.97
threshold=0.098861218895763173 1.0000000180025095e-35 -0.95297614733378111 -1.0000000180025095e-35 0.021235331815357018 0.12922008547008554 0.019263019290519882 0.71525175450369727
decision_type=10 8 8 8 10 10 8 10
left_child=1 5 4 -4 -3 6 -1 -7
right_child=-2 2 3 -5 -6 7 -8 -9
leaf_value=0.10657030404656238 0.24882172833268462 -0.11015782187343098 0.11477666914464638 0.00073129606470400993 0.046042771115802579 -0.19267170576999584 -0.063289452849379965 0.15947754112658677
leaf_weight=163 21 239 360 571 188 145 386 22
leaf_count=163 21 239 360 571 188 145 386 22
internal_value=-0.000212098 -0.00335006 0.0178815 0.0452614 -0.041533 -0.0435329 -0.0122606 -0.142703
internal_weight=2095 2074 1358 931 427 716 549 167
internal_count=2095 2074 1358 931 427 716 549 167
is_linear=0
shrinkage=0.05


Tree=71
num_leaves=10
num_cat=0
split_feature=3 19 4 30 15 65 116 85 101
split_gain=618.248 713.295 1022.74 927.647 889.259 871.669 1559.34 1164.04 503.996
threshold=5055.5000000000009 -0.02273635814587275 -0.89911681191896176 -0.001577712559642702 0.054408567647139257 -0.034737199544906609 -0.14368120076445237 -0.26364909409197684 69.500000000000014
decision_type=8 8 10 10 10 10 10 10 10
left_child=1 2 3 -1 -4 7 -7 -3 -2
right_child=8 5 4 -5 -6 6 -8 -9 -10
leaf_value=0.069816294217363323 0.33274030303955082 -0.054607059533883041 0.025014591706304313 -0.23270222644011179 0.17475346249177473 0.038390321683525387 -0.14732964263980589 0.05079148157342659 0.0018630433137770052
leaf_weight=42 20 468 287 52 149 178 295 582 22
leaf_count=42 20 468 287 52 149 178 295 582 22
internal_value=-0.000159791 -0.00427812 0.04539 -0.10033 0.0777013 -0.0216872 -0.0776642 0.00373029 0.179124
internal_weight=2095 2053 530 94 436 1523 473 1050 42
internal_count=2095 2053 530 94 436 1523 473 1050 42
is_linear=0
shrinkage=0.05


Tree=72
num_leaves=6
num_cat=0
split_feature=48 69 17 0 12
split_gain=611.357 743.929 736.147 1108.57 981.609
threshold=0.47641155278931069 0.43049451212088269 -3.6880094395743455 -11.499999999999998 0.034873233238856029
decision_type=10 10 8 10 8
left_child=1 2 3 -1 -4
right_child=-2 -3 4 -5 -6
leaf_value=-0.1028140087749555 0.24081323536542745 -0.23172440758773261 -0.04986269667644963 0.09521339792164063 0.028729282246920874
leaf_weight=83 21 30 892 361 708
leaf_count=83 21 30 892 361 708
internal_value=-0.000115048 -0.00315187 0.000735779 0.0573507 -0.0150734
internal_weight=2095 2074 2044 444 1600
internal_count=2095 2074 2044 444 1600
is_linear=0
shrinkage=0.05


Tree=73
num_leaves=13
num_cat=0
split_feature=14 50 0 111 74 95 89 21 93 118 11 106
split_gain=623.813 766.881 1164.62 1016.85 1128.61 1104.15 963.007 719.879 660.385 531.472 421.507 179.277
threshold=-1.9999999999999996 0.57749999985098854 -13.499999999999998 0.033804057631641633 -0.33333333333333309 0.41642857142857154 23.500000000000007 18.844444444444445 0.38406880758702761 -1.8571432431538903 3.3666666666666694 1.1636058067282045
decision_type=8 10 8 10 10 10 10 10 8 10 10 10
left_child=7 3 10 5 -5 -2 -4 8 11 -10 -3 -1
right_child=1 2 6 4 -6 -7 -8 -9 9 -11 -12 -13
leaf_value=-0.41168839043149585 0.018063413565599009 -0.10123179863239158 -0.044042109166561018 0.25874690932118233 0.02168362472878128 -0.16690560315280809 0.27725430893898012 0.11996697548914839 0.10801977535088858 -0.20444204774498942 -0.42504779558915362 -0.14374667614698411
leaf_weight=21 1296 24 343 85 117 81 20 22 25 20 21 20
leaf_count=21 1296 24 343 85 117 81 20 22 25 20 21 20
internal_value=-0.000110444 0.00634889 -0.0543154 0.0221776 0.12552 0.00658221 -0.0226774 -0.114415 -0.17822 -0.0364092 -0.280739 -0.311904
internal_weight=2095 1987 408 1579 202 1377 363 108 86 45 45 41
internal_count=2095 1987 408 1579 202 1377 363 108 86 45 45 41
is_linear=0
shrinkage=0.05


Tree=74
num_leaves=11
num_cat=0
split_feature=35 113 72 7 21 23 0 4 28 101
split_gain=624.47 830.765 635.668 1433.37 1182.74 1057.98 1021.95 885.087 792.431 260.484
threshold=0.75617502458792718 -0.29602282715007838 -7.7499999999999991 -0.28635896772417857 -8.2416666666666636 0.51111111111111118 14.500000000000002 -0.38247537637337897 3.7159743626912438 62.500000000000007
decision_type=10 10 10 10 8 10 8 10 10 10
left_child=2 -2 4 7 8 -5 -6 -4 -1 -3
right_child=1 9 3 5 6 -7 -8 -9 -10 -11
leaf_value=-0.34508584743738174 0.10391585429012776 -0.084846221238374708 0.047629709966671076 -0.011639264731971273 -0.060110176236445961 0.16288234416836053 0.13616864445587892 0.24890890739173913 -0.0023557474055597859 -0.34970278139075928
leaf_weight=45 20 20 132 1306 255 88 84 93 26 26
leaf_count=45 20 20 132 1306 255 88 84 93 26 26
internal_value=-0.000187465 -0.145972 0.00487727 0.0190008 -0.05033 -4.36155e-05 -0.0100571 0.134645 -0.228649 -0.255136
internal_weight=2095 66 2029 1619 410 1394 339 225 71 46
internal_count=2095 66 2029 1619 410 1394 339 225 71 46
is_linear=0
shrinkage=0.05


Tree=75
num_leaves=9
num_cat=0
split_feature=2 110 37 26 23 17 77 4
split_gain=612.885 689.265 1494.82 1260.39 814.303 712.275 1294.96 885.114
threshold=0.098861218895763173 -0.20849972066935149 -0.088685495390867175 0.3831785116220372 -0.079721749811035483 -3.391798980652339 0.30152825925809645 1.9267307798490247
decision_type=10 8 10 10 10 8 10 10
left_child=1 2 3 -1 -4 6 -3 -7
right_child=-2 5 4 -5 -6 7 -8 -9
leaf_value=-0.068346256412127437 0.24103234117993944 0.089446067001786089 -0.0455135398038796 0.23803617493357768 -0.38694639953651599 -0.019215106443832435 -0.27618787781550336 0.14029661385763079
leaf_weight=148 21 374 30 38 44 1331 21 88
leaf_count=148 21 374 30 38 44 1331 21 88
internal_value=-0.000196453 -0.00323684 -0.078584 -0.000897496 -0.260802 0.00772148 0.0666729 -0.00882991
internal_weight=2095 2074 260 186 74 1814 395 1419
internal_count=2095 2074 260 186 74 1814 395 1419
is_linear=0
shrinkage=0.05


Tree=76
num_leaves=6
num_cat=0
split_feature=63 84 78 7 35
split_gain=602.42 709.201 765.702 927.009 501.5
threshold=0.68333333333333346 -2395.7999999999997 -0.25045927241444588 -0.29763025813736016 0.1953016677547971
decision_type=10 8 8 8 8
left_child=1 4 -3 -4 -1
right_child=-2 2 3 -5 -6
leaf_value=-0.02280258726095781 -0.18544582894375161 -0.20034137056317439 0.17965650884434581 0.0058317005277961909 -0.34038622605800634
leaf_weight=27 38 38 75 1897 20
leaf_count=27 38 38 75 1897 20
internal_value=-0.000197035 0.00364229 0.00836215 0.0129056 -0.178641
internal_weight=2095 2057 2010 1972 47
internal_count=2095 2057 2010 1972 47
is_linear=0
shrinkage=0.05


Tree=77
num_leaves=15
num_cat=0
split_feature=8 45 86 86 50 54 88 23 23 103 101 26 91 7
split_gain=577.2 994.356 1076.97 1623.17 985.734 1467.59 829.585 825.103 1361.51 1149.48 992.47 885.277 780.422 520.847
threshold=-0.045928571428571395 5.5000000000000009 261.66666666666669 148.8333333333334 -0.24960416673372174 0.42916666666666675 0.11527281037221354 0.51111111111111118 0.27026467910396484 0.19282095519398965 49.500000000000007 -0.73566662061947519 -0.51666666666666672 0.22436178568750623
decision_type=10 2 10 10 8 8 10 8 10 8 10 10 10 8
left_child=1 4 3 -3 5 -1 -6 8 9 -2 13 -12 -10 -9
right_child=7 2 -4 -5 6 -7 -8 10 12 -11 11 -13 -14 -15
leaf_value=0.17839628614561812 0.012861234635108347 0.076519566727070762 -0.17043541093026437 0.40648983748008805 -0.004361861885990948 -0.10847226895965063 -0.15122805093949448 0.40544700005890005 0.028679319267923182 -0.13276603034041315 -0.15186520307485402 0.096026718579600323 -0.26402875205332582 0.052638708084821711
leaf_weight=141 584 186 26 43 459 60 117 23 28 171 53 90 94 20
leaf_count=141 584 186 26 43 459 60 117 23 28 171 53 90 94 20
internal_value=-0.000255456 0.0262919 0.110936 0.146054 -0.00195469 0.0919668 -0.0353248 -0.0260778 -0.0464104 -0.0207126 0.0682348 0.00178619 -0.197972 0.264968
internal_weight=2095 1032 255 229 777 201 576 1063 877 755 186 143 122 43
internal_count=2095 1032 255 229 777 201 576 1063 877 755 186 143 122 43
is_linear=0
shrinkage=0.05


Tree=78
num_leaves=9
num_cat=0
split_feature=2 110 23 104 62 44 38 60
split_gain=569.485 630.61 1273.86 910.685 889.438 675.034 826.801 816.713
threshold=0.098861218895763173 -0.20849972066935149 -0.26217030423280413 0.5590277777777779 -0.063455499708652482 -0.074842576776627145 0.057062754395772221 -0.97555555555555529
decision_type=10 8 10 2 10 8 10 8
left_child=1 2 3 -1 -4 6 -3 -7
right_child=-2 5 4 -5 -6 7 -8 -9
leaf_value=-0.0996153914314859 0.23232230223679484 0.029296519779130933 -0.047738065492330478 0.24626844025941358 -0.26701117581915018 -0.10706975140187534 0.27047924131301104 0.0092315452990923107
leaf_weight=29 21 124 114 40 77 163 46 1481
leaf_count=29 21 124 114 40 77 163 46 1481
internal_value=-0.000207695 -0.00313927 -0.0752098 0.103313 -0.140948 0.00734142 0.100707 -0.00255891
internal_weight=2095 2074 260 69 191 1814 170 1644
internal_count=2095 2074 260 69 191 1814 170 1644
is_linear=0
shrinkage=0.05


Tree=79
num_leaves=11
num_cat=0
split_feature=14 11 19 70 50 21 93 4 118 21
split_gain=564.697 680.588 730.645 1051.59 1005.23 640.112 582.129 483.483 461.909 167.185
threshold=-1.9999999999999996 -22.291666666666664 0.058954494073987014 0.55050505050505061 0.0046164773404598026 18.844444444444445 0.38406880758702761 -0.25433867467630716 -1.8571432431538903 -6.6666666666666652
decision_type=8 8 10 2 10 10 8 10 10 10
left_child=5 7 4 -4 -3 6 9 -2 -8 -1
right_child=1 2 3 -5 -6 -7 8 -9 -10 -11
leaf_value=-0.39532571363449098 -0.015026460443773577 0.034552819347251691 0.18832441300380595 -0.11755015784261846 -0.0407342311479853 0.11214172572449402 0.099094939182202024 -0.32516910476753347 -0.19222268116474153 -0.13921875798931491
leaf_weight=20 26 1017 112 33 778 22 25 21 20 21
leaf_count=20 26 1017 112 33 778 22 25 21 20 21
internal_value=-0.000163243 0.00598138 0.0107636 0.11678 0.00187115 -0.108918 -0.169072 -0.172504 -0.0356544 -0.294627
internal_weight=2095 1987 1940 145 1795 108 86 47 45 41
internal_count=2095 1987 1940 145 1795 108 86 47 45 41
is_linear=0
shrinkage=0.05


Tree=80
num_leaves=11
num_cat=0
split_feature=35 113 25 85 66 34 66 76 81 102
split_gain=559.754 732.571 631.291 1342.96 1300.73 1208.78 890.642 1169.71 1012.65 453.998
threshold=0.75617502458792718 -0.29602282715007838 -0.01301247863655952 -0.13004858270361527 0.34278492319087189 0.11962398111354561 0.0047645276412367843 -0.21009259259259255 -2.2753681292136507 0.1240052029800912
decision_type=10 10 8 10 8 8 8 8 8 10
left_child=2 -2 3 5 -5 -1 7 -4 -8 -3
right_child=1 9 6 4 -6 -7 8 -9 -10 -11
leaf_value=-0.089688596705144105 0.096456793785095224 -0.37207176356480043 -0.25727119621367672 0.1373700996863379 -0.05810823503083417 0.12439605261791836 0.14711304125065605 -0.037818899329433595 -0.010451215334033325 -0.053295608720293756
leaf_weight=259 20 24 69 365 107 83 115 358 673 22
leaf_count=259 20 24 69 365 107 83 115 358 673 22
internal_value=-0.000251644 -0.138277 0.00454237 0.0385078 0.0928067 -0.0365445 -0.0182366 -0.0759637 0.0132631 -0.240766
internal_weight=2095 66 2029 814 472 342 1215 427 788 46
internal_count=2095 66 2029 814 472 342 1215 427 788 46
is_linear=0
shrinkage=0.05


Tree=81
num_leaves=14
num_cat=0
split_feature=115 23 0 41 69 12 43 100 85 32 56 115 100
split_gain=553.459 1409.71 650.196 930.087 762.253 702.155 1328.72 991.439 637.663 529.516 448.297 435.672 226.337
threshold=0.069213963883775223 -0.12499999999999997 20.500000000000004 -0.26101007350165445 0.047799418369929007 0.077401722160478456 -0.044583333333333301 0.022222222222222174 0.31301909809180889 -0.20598331163637337 -0.018641146086981784 -1.0000000180025095e-35 0.055555555555555559
decision_type=10 10 10 8 10 10 10 10 10 10 10 10 10
left_child=2 9 5 4 -4 7 -7 -1 10 -2 -3 -5 -11
right_child=1 8 3 11 -6 6 -8 -9 -10 12 -12 -13 -14
leaf_value=0.0094958729610807972 -0.11757551792263986 -0.11981687888503074 0.12755402654961304 0.36121444011276421 -0.25302639855788306 0.14372738907728697 -0.035524045831060468 -0.080668335857496054 -0.0076019577383995068 0.033762557908892633 -0.46978191925633345 0.10644006357976683 0.27264623308181762
leaf_weight=1014 20 20 22 28 21 207 198 430 20 20 26 49 20
leaf_count=1014 20 20 22 28 21 207 198 430 20 20 26 49 20
internal_value=-0.000285892 -0.0998311 0.0062956 0.116665 -0.0642652 -0.00113571 0.0566069 -0.0175048 -0.25139 0.0726282 -0.345268 0.216071 0.171338
internal_weight=2095 126 1969 120 43 1849 405 1444 66 60 46 77 40
internal_count=2095 126 1969 120 43 1849 405 1444 66 60 46 77 40
is_linear=0
shrinkage=0.05


Tree=82
num_leaves=15
num_cat=0
split_feature=97 106 37 51 40 108 114 76 40 16 23 105 31 24
split_gain=531.705 1145.89 1299.35 1842.5 1348.4 1016.58 796.355 781.573 1056.27 890.669 826.694 935.639 775.38 732.862
threshold=1.5000000000000002 -9.901542703310648 -0.17708822917969272 -0.12115035957346358 0.0790674603174603 -0.029765129354351889 44.250000000000007 -0.21009259259259255 -0.017658730158730093 0.044373967995246254 -0.20087842712842705 0.0089453731973966073 -0.099096945176521914 0.099242422052405119
decision_type=10 8 10 8 8 10 8 8 10 10 8 10 8 8
left_child=7 5 4 -4 -3 -2 -7 8 13 -10 11 -9 -12 -1
right_child=1 2 3 -5 -6 6 -8 10 9 -11 12 -13 -14 -15
leaf_value=-0.34751812513984209 0.099197163614066886 0.25814869436471499 0.18346356036564132 -0.039403992541400451 0.0026925616654688896 0.014912311573113715 -0.33329923105193304 -0.012979714783865053 0.10049705046755997 -0.19099078539176845 -0.1026409014598082 0.25090840867487713 0.0050594318440891593 -0.064171669048694327
leaf_weight=51 32 124 114 415 87 23 47 69 71 35 213 59 711 44
leaf_count=51 32 124 114 415 87 23 47 69 71 35 213 59 711 44
internal_value=-0.000273877 0.0303278 0.0521898 0.00979866 0.15555 -0.122839 -0.224854 -0.0209164 -0.109987 0 -0.00341109 0.11314 -0.0201326 -0.226554
internal_weight=2095 842 740 529 211 102 70 1253 201 106 1052 128 924 95
internal_count=2095 842 740 529 211 102 70 1253 201 106 1052 128 924 95
is_linear=0
shrinkage=0.05


Tree=83
num_leaves=13
num_cat=0
split_feature=11 110 28 91 94 56 96 96 51 115 82 55
split_gain=530.364 1306.32 1816.62 1541.27 1019.75 892.808 846.268 1039.91 804.207 760.295 589.852 423.272
threshold=10.750000000000004 -0.01523081368456284 -4.5887537479400651 -1.0000000180025095e-35 0.11388888888888894 0.0019782663062017651 0.50675778649747383 0.25913132075220352 0.019263019290519882 0.012073280381163976 -0.035518093018092965 0.42371642341216409
decision_type=10 10 10 10 8 10 10 10 8 10 10 10
left_child=6 2 5 11 -4 -2 7 8 -1 -9 -5 -3
right_child=1 3 4 10 -6 -7 -8 9 -10 -11 -12 -13
leaf_value=0.042645902801360575 -0.30769326076621106 -0.1142262539229332 0.3009694860130549 -0.16962177337784518 -0.019261698323585416 0.0049865500979918848 -0.21730009768158198 0.20215923961872859 -0.02975838284226728 0.0063753783728436129 -0.51647990494966511 0.1310997339664027
leaf_weight=666 37 34 55 33 41 49 35 115 890 86 27 27
leaf_count=666 37 34 55 33 41 49 35 115 890 86 27 27
internal_value=-0.00027877 -0.0609231 0.0238946 -0.184783 0.169526 -0.138504 0.0100884 0.0152502 0.00123744 0.120822 -0.3542 -0.00317625
internal_weight=2095 303 182 121 96 86 1792 1757 1556 201 60 61
internal_count=2095 303 182 121 96 86 1792 1757 1556 201 60 61
is_linear=0
shrinkage=0.05


Tree=84
num_leaves=10
num_cat=0
split_feature=3 19 34 116 114 16 30 77 101
split_gain=533.98 576.552 911.387 990.554 889.038 1332.08 816.556 791.709 456.503
threshold=5055.5000000000009 -0.02273635814587275 0.15938525035356485 0.6373795031104238 48.250000000000007 0.041284134611487396 -0.056157017685472953 0.23595955619821327 69.500000000000014
decision_type=8 8 10 8 10 10 10 10 10
left_child=1 2 6 -4 7 -6 -1 -3 -2
right_child=8 4 3 -5 5 -7 -8 -9 -10
leaf_value=0.13044128546077347 0.31244737815856938 0.011627406572117015 0.20125513494108596 -0.11086681560246331 -0.0236891740876186 -0.23049028817465347 -0.041402877066534442 -0.16924931243993344 0
leaf_weight=85 20 1099 124 28 257 108 293 59 22
leaf_count=85 20 1099 124 28 257 108 293 59 22
internal_value=-0.00034651 -0.00417507 0.0404766 0.141741 -0.0198281 -0.0873026 -0.0014317 0.00168074 0.166269
internal_weight=2095 2053 530 152 1523 365 378 1158 42
internal_count=2095 2053 530 152 1523 365 378 1158 42
is_linear=0
shrinkage=0.05


Tree=85
num_leaves=9
num_cat=0
split_feature=63 97 32 5 119 17 101 102
split_gain=513.955 622.053 1334.79 1274.32 1163.82 866.337 719.588 612.046
threshold=0.68333333333333346 1.5000000000000002 -0.22880082748209432 1.3833671983563811 -0.15117832273244855 -11.752564151470477 81.500000000000014 0.0016006010506923048
decision_type=10 10 10 10 8 8 10 10
left_child=1 5 4 -4 -3 7 -7 -1
right_child=-2 2 3 -5 -6 6 -8 -9
leaf_value=-0.034901236280285082 -0.17142726775518685 0.39646598338371231 -0.026656467050804829 0.14567986538255573 0.080301112603200109 -0.021560325297787092 0.12617701591735475 -0.3990984500096238
leaf_weight=24 38 37 549 128 109 1106 84 20
leaf_count=24 38 37 549 128 109 1106 84 20
internal_value=-0.000319571 0.00322516 0.0367918 0.0066829 0.171231 -0.0191795 -0.0106057 -0.225298
internal_weight=2095 2057 823 677 146 1234 1190 44
internal_count=2095 2057 823 677 146 1234 1190 44
is_linear=0
shrinkage=0.05


Tree=86
num_leaves=13
num_cat=0
split_feature=115 23 76 70 117 22 89 47 85 51 23 56
split_gain=507.334 1269.07 831.905 1313.31 961.886 771.499 769.815 763.274 578.638 469.97 400.778 395.11
threshold=0.069213963883775223 -0.12499999999999997 -0.20393518518518522 0.59166666666666679 4.5000000000000009 0.42119394213829481 -23.833333333333325 -5.3333333333333313 0.31301909809180889 0.0066706913212935216 -0.024298941798941816 -0.018641146086981784
decision_type=10 10 8 2 8 10 8 8 10 8 10 10
left_child=2 9 3 5 -5 -1 10 -8 11 -2 -4 -3
right_child=1 8 6 4 -6 -7 7 -9 -10 -11 -12 -13
leaf_value=-0.070070728915146527 0.22359548378735783 -0.11571293205022813 0 -0.086759525854536834 0.22165641871147923 -0.27725269609295272 0.092460092555704546 0.0084805738679093121 -0.0070811506509780887 -0.042557832818212259 -0.26529317501400201 -0.44603285409750476
leaf_weight=151 23 20 24 42 51 63 340 1268 20 37 30 26
leaf_count=151 23 20 24 42 51 63 340 1268 20 37 30 26
internal_value=-0.000292285 -0.0956002 0.00600802 -0.0689075 0.0845414 -0.136229 0.0200414 0.0265 -0.239393 0.0680499 -0.157382 -0.32882
internal_weight=2095 126 1969 307 93 214 1662 1608 66 60 54 46
internal_count=2095 126 1969 307 93 214 1662 1608 66 60 54 46
is_linear=0
shrinkage=0.05


Tree=87
num_leaves=13
num_cat=0
split_feature=4 4 7 103 105 3 44 44 105 79 64 36
split_gain=522.376 1561.86 688.555 589.508 607.171 586.877 729.6 830.656 639.078 493.584 730.974 193.471
threshold=1.9267307798490247 2.5173799536167984 0.070121285350372417 -0.25303869634499826 0.055881160000960058 178.35000000000002 0.11519777235721508 0.042128823439926071 0.016723774373531345 -3.4999999999999996 -0.028078865578866182 -0.014408919215202319
decision_type=10 10 10 10 10 10 10 10 10 10 8 10
left_child=5 2 11 -3 -5 9 7 -7 -8 -1 -11 -2
right_child=1 3 -4 4 -6 6 8 -9 -10 10 -12 -13
leaf_value=-0.10584718894075465 0.4845906132161617 -0.25678264564938019 0.039836815232411033 -0.10832737140558862 0.20034432464412283 -0.0031360190933971167 0.33216427362390927 -0.089152018483195983 -0.025164505208914098 -0.025166337580109638 0.23106830139478596 0.19295340638075556
leaf_weight=22 20 22 27 32 23 1426 23 345 21 43 68 23
leaf_count=22 20 22 27 32 23 1426 23 345 21 43 68 23
internal_value=-0.000372269 0.0888858 0.251897 -0.0650195 0.0258588 -0.00734378 -0.0148871 -0.0201244 0.175435 0.0920444 0.134569 0.365989
internal_weight=2095 147 70 77 55 1948 1815 1771 44 133 111 43
internal_count=2095 147 70 77 55 1948 1815 1771 44 133 111 43
is_linear=0
shrinkage=0.05


Tree=88
num_leaves=8
num_cat=0
split_feature=33 118 4 85 11 40 25
split_gain=505.548 555.018 1060.94 1127.51 589.352 1221.94 802.615
threshold=11.500000000000002 10.833332777023317 -0.88025938705078077 -0.48710985108002797 10.000000000000004 0.22212301587301583 -0.0040566805502606487
decision_type=2 10 10 10 10 10 8
left_child=1 4 -3 -4 6 -6 -1
right_child=-2 2 3 -5 5 -7 -8
leaf_value=0.042654437988513601 0.19694386422634125 -0.15645042815925303 -0.15255303995476829 0.212807354471127 -0.11764442515015922 0.1581008737596373 -0.028714203432273225
leaf_weight=670 27 32 22 108 252 43 941
leaf_count=670 27 32 22 108 252 43 941
internal_value=-0.000250395 -0.00331791 0.0840697 0.147247 -0.0109721 -0.0753193 0.000976553
internal_weight=2095 2068 162 130 1906 295 1611
internal_count=2095 2068 162 130 1906 295 1611
is_linear=0
shrinkage=0.05


Tree=89
num_leaves=6
num_cat=0
split_feature=48 69 30 106 3
split_gain=507.019 648.215 621.119 834.701 552.344
threshold=0.47641155278931069 0.43049451212088269 -0.16056538948958568 -11.844732771317164 750.65000000000009
decision_type=10 10 8 8 10
left_child=1 2 4 -4 -1
right_child=-2 -3 3 -5 -6
leaf_value=0.2677466720063239 0.21918688519642904 -0.21634800902434759 -0.13654151871277576 0.0028363644379138385 0.015626886703751303
leaf_weight=35 21 30 109 1850 50
leaf_count=35 21 30 109 1850 50
internal_value=-0.000218216 -0.00298562 0.00064181 -0.00522112 0.129104
internal_weight=2095 2074 2044 1959 85
internal_count=2095 2074 2044 1959 85
is_linear=0
shrinkage=0.05


Tree=90
num_leaves=7
num_cat=0
split_feature=11 2 14 29 70 47
split_gain=497.026 630.287 625.679 692.248 571.545 519.824
threshold=-22.291666666666664 0.098861218895763173 -1.9999999999999996 -1.0152245474358399 0.53589743589743599 3.3333333333333397
decision_type=8 10 8 8 2 10
left_child=4 2 5 -4 -1 -2
right_child=1 -3 3 -5 -6 -7
leaf_value=-0.27635329646222734 -0.047114170427961524 0.25333249384164808 0.15825826494048723 0.0012502374342812967 0.040903731214779394 -0.30354402349995718
leaf_weight=29 78 20 68 1855 22 23
leaf_count=29 78 20 68 1855 22 23
internal_value=-0.000185578 0.00380766 0.000699155 0.00722422 -0.147172 -0.117544
internal_weight=2095 2044 2024 1923 51 101
internal_count=2095 2044 2024 1923 51 101
is_linear=0
shrinkage=0.05


Tree=91
num_leaves=7
num_cat=0
split_feature=84 94 63 5 72 5
split_gain=492.281 637.445 587.202 575.945 1299.84 896.91
threshold=-2395.7999999999997 0.027777777777777849 0.68333333333333346 1.3439182777600855 -8.0833333333333304 1.1207300432901086
decision_type=8 10 10 10 10 10
left_child=1 -1 3 5 -5 -2
right_child=2 -3 -4 4 -6 -7
leaf_value=-0.29251998411491514 0.0017862528121121903 0.046370880360956546 -0.183585768865376 -0.13005679313341775 0.099788226362552634 -0.18246672078427198
leaf_weight=27 1532 22 36 70 344 64
leaf_count=27 1532 22 36 70 344 64
internal_value=-0.000194545 -0.149234 0.00370555 0.00753206 0.059718 -0.00611788
internal_weight=2095 49 2046 2010 414 1596
internal_count=2095 49 2046 2010 414 1596
is_linear=0
shrinkage=0.05


Tree=92
num_leaves=11
num_cat=0
split_feature=111 64 110 106 73 73 7 4 9 34
split_gain=490.11 1005.84 799.029 895.69 889.878 791.749 783.397 720.373 783.663 611.852
threshold=0.028215947871406879 1.0973151031974571 -0.14426385075785217 -1.0742568969726558 -0.095646057029565149 0.069881323056343328 -0.36147178616374726 -2.0378404698058126 0.068423012173012179 -0.19068623594939707
decision_type=10 10 8 10 10 10 8 8 10 10
left_child=6 2 4 -4 -2 -3 -1 9 -9 -8
right_child=1 5 3 -5 -6 -7 7 8 -10 -11
leaf_value=0.2378051059500825 0.12429176099025285 0.46207217597961431 0.15727275288885548 -0.029298679160892516 -0.23889241935685279 0.029224622964859011 0.060441971302498135 0.011039893848814188 -0.07422133013837541 -0.20116593326357279
leaf_weight=26 21 20 121 128 47 20 27 1265 337 83
leaf_count=26 21 20 121 128 47 20 27 1265 337 83
internal_value=-0.00026109 0.0526554 0.0207417 0.0624789 -0.125217 0.274054 -0.0112791 -0.0157726 -0.00703984 -0.136682
internal_weight=2095 357 317 249 68 40 1738 1712 1602 110
internal_count=2095 357 317 249 68 40 1738 1712 1602 110
is_linear=0
shrinkage=0.05


Tree=93
num_leaves=10
num_cat=0
split_feature=35 21 17 14 34 31 86 85 102
split_gain=482.944 629.848 531.164 1045.55 960.661 772.826 941.976 845.093 236.907
threshold=0.75617502458792718 4.1483516483516523 -3.6880094395743455 1.788888888888889 -0.25378977910925937 0.0023260815069079403 125.33333333333339 0.12976950510590449 0.10579246748238803
decision_type=10 10 8 10 8 8 10 8 8
left_child=2 8 3 4 -1 6 -4 -7 -2
right_child=1 -3 5 -5 -6 7 -8 -9 -10
leaf_value=-0.14023390652044962 -0.34982241296768191 0.056366127657313504 -0.088887394283552204 -0.19486462605926091 0.10346581077156719 0.068893984739825262 0.050498854576638254 -0.023845662312196106 -0.084690392270684256
leaf_weight=41 20 26 458 34 356 447 160 533 20
leaf_count=41 20 26 458 34 356 447 160 533 20
internal_value=-0.000179157 -0.128387 0.004272 0.0532126 0.0767423 -0.00902148 -0.0526044 0.0185392 -0.242507
internal_weight=2095 66 2029 431 397 1598 618 980 40
internal_count=2095 66 2029 431 397 1598 618 980 40
is_linear=0
shrinkage=0.05


Tree=94
num_leaves=13
num_cat=0
split_feature=115 23 76 70 54 70 104 66 85 92 56 69
split_gain=473.101 1145.15 725.636 1129.29 739.553 811.931 683.633 624.594 534.099 467.875 347.389 100.394
threshold=0.069213963883775223 -0.12499999999999997 -0.20393518518518522 0.65476190476190488 -0.62731481481481477 0.11805555555555557 0.63961038961038974 0.10537759959697725 0.31301909809180889 0.089818167350364339 -0.018641146086981784 0.05414302647113798
decision_type=10 10 8 2 8 2 2 10 10 10 10 10
left_child=2 9 3 7 -4 -6 -5 -1 10 11 -3 -2
right_child=1 8 4 6 5 -7 -8 -9 -10 -11 -12 -13
leaf_value=-0.16799916112956975 0.053072654243558649 -0.11298587548732758 -0.1962513559903854 -0.032799416926822499 -0.054535412031776503 0.039795914249046771 0.2526719025875393 0.015110520195605152 -0.0058226091861724857 -0.11493740576505661 -0.4251109063144653 0.22626146185398102
leaf_weight=168 20 20 34 44 269 1359 33 62 20 20 26 20
leaf_count=168 20 20 34 44 269 1359 33 62 20 20 26 20
internal_value=-0.000243191 -0.0922804 0.00583994 -0.0641253 0.0189473 0.0240594 0.0968824 -0.119155 -0.228854 0.0632295 -0.314766 0.156297
internal_weight=2095 126 1969 307 1662 1628 77 230 66 60 46 40
internal_count=2095 126 1969 307 1662 1628 77 230 66 60 46 40
is_linear=0
shrinkage=0.05


Tree=95
num_leaves=12
num_cat=0
split_feature=4 112 17 70 64 88 66 77 81 100 4
split_gain=468.955 918.252 922.657 1003.09 840.872 940.37 630.825 898.002 626.583 1073.6 703.277
threshold=1.377508505997816 -0.041666675359010689 -4.4966665267944324 0.42261904761904767 0.49364986864986898 0.24127907101064924 -0.6977451667189597 -0.095062840219941866 -2.9941226641337075 -0.22222222222222221 -2.3927318524024979
decision_type=10 10 10 2 10 10 8 10 8 8 10
left_child=6 2 -2 -4 5 -3 7 -1 10 -10 -8
right_child=1 4 3 -5 -6 -7 8 -9 9 -11 -12
leaf_value=-0.30520898605297719 0.17286233193165548 0.3159656433860461 0.087918726415247533 -0.2492956905433073 -0.041667813883925028 -0.026514326432539571 -0.11542583040806442 0.034719817760663158 0.078125986443875847 -0.033654843058733869 0.10772310630084155
leaf_weight=37 32 70 32 53 39 26 38 34 253 1277 204
leaf_count=37 32 70 32 53 39 26 38 34 253 1277 204
internal_value=-0.000295736 0.0629644 -0.0386086 -0.123957 0.149586 0.225995 -0.00911953 -0.150193 -0.00303218 -0.014944 0.0708535
internal_weight=2095 252 117 85 135 96 1843 71 1772 1530 242
internal_count=2095 252 117 85 135 96 1843 71 1772 1530 242
is_linear=0
shrinkage=0.05


Tree=96
num_leaves=9
num_cat=0
split_feature=78 106 7 84 80 29 46 85
split_gain=484.747 852.282 756.132 629.768 624.879 611.97 571.892 437.337
threshold=-0.23936965564886725 1.9669169727712876 -0.29763025813736016 -2395.7999999999997 -0.2933852167334407 0.033934861043235294 0.0085187747399484304 0.0042335876239480994
decision_type=8 10 8 8 8 10 10 10
left_child=1 -1 5 7 -5 6 -2 -4
right_child=2 -3 3 4 -6 -7 -8 -9
leaf_value=-0.31228119487112221 0.20104848832795114 0.053475274822928687 -0.32646941506862642 -0.15408006319475753 0.0072579481806361763 0.36040431547164919 -0.09207839034497739 -0.01472975390928763
leaf_weight=28 28 28 20 57 1863 20 29 22
leaf_count=28 28 28 20 57 1863 20 29 22
internal_value=-0.000276718 -0.13919 0.00384515 -0.0023409 0.00205448 0.15261 0.0557086 -0.18318
internal_weight=2095 56 2039 1962 1920 77 57 42
internal_count=2095 56 2039 1962 1920 77 57 42
is_linear=0
shrinkage=0.05


Tree=97
num_leaves=14
num_cat=0
split_feature=25 112 112 99 66 95 31 25 112 16 34 92 62
split_gain=455.634 1037.84 1146.13 1182.51 1011.82 970.189 887.047 1059 911.386 636.864 881.693 665.331 428.693
threshold=0.014920047616032274 0.53750000074505822 0.41666666915019362 0.38675213675213677 -0.6977451667189597 0.22222222222222227 0.37639339260446536 0.079622261855239587 0.40138889054457355 -0.14874235804503158 -0.079936906850586326 0.048029374659557929 -0.022180599470933284
decision_type=8 10 8 2 10 10 10 8 10 10 8 10 10
left_child=1 2 4 -4 -1 6 8 -8 -2 11 -11 -7 -3
right_child=5 12 3 -5 -6 9 7 -9 -10 10 -12 -13 -14
leaf_value=-0.12880791250261522 -0.036448923349356704 0 0.26493090946385833 -0.10419622957706452 0.037690962138237839 -0.12717764182223215 -0.10466602907792942 0.2191142339145678 0.13685457678289997 -0.43341137901429205 -0.1057501609740128 0.17677155633767447 -0.28707454624689288
leaf_weight=100 778 20 89 25 691 40 32 81 79 26 78 25 31
leaf_count=100 778 20 89 25 691 40 32 81 79 26 78 25 31
internal_value=-0.000295912 0.0250614 0.0378414 0.182585 0.0159021 -0.0216393 -0.0020744 0.126451 -0.0197143 -0.130361 -0.204248 -0.00528353 -0.183959
internal_weight=2095 956 905 114 791 1139 970 113 857 169 104 65 51
internal_count=2095 956 905 114 791 1139 970 113 857 169 104 65 51
is_linear=0
shrinkage=0.05


Tree=98
num_leaves=9
num_cat=0
split_feature=108 56 44 60 107 102 15 16
split_gain=455.241 554.86 839.165 944.87 648.226 446.975 254.938 234.508
threshold=0.085058305396044212 -0.10886366340639204 -0.074842576776627145 0.36464285714285721 -0.256776248725752 -0.08487036805793953 0.079746477305889171 -0.014699583873152731
decision_type=10 8 8 10 8 10 10 10
left_child=1 -1 3 -3 -4 6 -2 -7
right_child=5 2 4 -5 -6 7 -8 -9
leaf_value=-0.23472802702050943 -0.11216514548631731 0.018465523869107367 -0.11397720871835999 0.26779670990232768 -0.0033992425433343508 0.06681323909759522 0.10934946101158859 0.32070821959238788
leaf_weight=21 22 114 139 53 1685 20 20 21
leaf_count=21 22 114 139 53 1685 20 20 21
internal_value=-0.000341304 -0.005221 -0.0021933 0.10337 -0.0121418 0.110955 -0.00520686 0.218668
internal_weight=2095 2012 1991 167 1824 83 42 41
internal_count=2095 2012 1991 167 1824 83 42 41
is_linear=0
shrinkage=0.05


Tree=99
num_leaves=8
num_cat=0
split_feature=2 10 35 50 4 64 25
split_gain=478.28 817.27 591.628 741.616 576.553 863.148 797.761
threshold=0.070841152453795089 -0.31719465055884477 0.75617502458792718 -0.3332092634712655 -1.4049020229600526 -0.41078412328412378 -0.01301247863655952
decision_type=10 10 10 10 8 10 8
left_child=2 -2 4 -4 5 -1 -6
right_child=1 -3 3 -5 6 -7 -8
leaf_value=0.056866136417888548 -0.10142619174718857 0.26786663816424044 0.057567731368130648 -0.27930977277102925 0.052144045810850415 -0.14226680069140371 -0.016789366064967125
leaf_weight=80 20 36 24 37 687 150 1061
leaf_count=80 20 36 24 37 687 150 1061
internal_value=-0.000283898 0.137654 -0.0044242 -0.15169 0.000463178 -0.0730542 0.0103458
internal_weight=2095 56 2039 61 1978 230 1748
internal_count=2095 56 2039 61 1978 230 1748
is_linear=0
shrinkage=0.05


Tree=100
num_leaves=15
num_cat=0
split_feature=8 91 50 66 106 57 98 6 95 119 55 60 96 103
split_gain=453.003 869.364 1114.7 1149.12 903.552 808.288 1050.95 1009.34 1085.71 900.266 784.423 633.162 537.151 412.551
threshold=-0.045928571428571395 1.0000000180025095e-35 -0.26153343754510067 0.015466876327991487 7.3619386355082197 0.25043770902686663 0.19677544677544681 8.4071525951226569 0.066666666666666693 -0.025377806276082989 0.33797738763193291 -0.26961538461538465 0.057725700239340476 0.016902958477536843
decision_type=10 10 10 10 10 10 10 10 10 8 10 10 8 10
left_child=1 4 11 -4 10 6 9 8 -7 -2 -1 -3 -9 -6
right_child=5 2 3 -5 13 7 -8 12 -10 -11 -12 -13 -14 -15
leaf_value=-0.014464877557693854 -0.025080283865681854 0.055653008740199239 -0.075263047614472292 0.15068552398662036 -0.022683088611001555 -0.16295943926653017 -0.23346073176711798 -0.047183965944818093 0.018808690855493311 0.099703416829420771 0.13093829641219876 0.28609726594828339 0.20398062267030281 -0.2337038982091314
leaf_weight=474 315 52 133 90 41 260 35 37 117 259 110 78 40 54
leaf_count=474 315 52 133 90 41 260 35 37 117 259 110 78 40 54
internal_value=-0.000281054 0.0232347 0.0863048 0.0170124 -0.0098724 -0.0231597 0.014426 -0.0732945 -0.10691 0.031513 0.0137169 0.199765 0.0871634 -0.14882
internal_weight=2095 1032 353 223 679 1063 609 454 377 574 584 130 77 95
internal_count=2095 1032 353 223 679 1063 609 454 377 574 584 130 77 95
is_linear=0
shrinkage=0.05


Tree=101
num_leaves=10
num_cat=0
split_feature=3 95 14 40 38 50 80 79 117
split_gain=458.904 470.982 1161.27 1030.67 1029.23 1005.97 927.822 731.28 433.08
threshold=5055.5000000000009 0.23148148148148148 -1.1999999999999997 0.16091269841269842 0.026323127097129546 0.5493452380189584 -0.10052405998934633 1.5000000000000002 6.5000000000000009
decision_type=8 8 10 10 10 10 8 10 8
left_child=1 2 6 4 -3 -4 -1 -5 -2
right_child=8 3 5 7 -6 -7 -8 -9 -10
leaf_value=-0.29187930817050595 -0.010055555116671784 -0.022788453121980034 0.059143688494010284 0.15277810245404178 -0.1676194342245397 -0.049084967600305444 -0.03117078049408813 -0.09523163819242092 0.29073558111603442
leaf_weight=44 21 445 859 102 166 281 119 37 21
leaf_count=44 21 445 859 102 166 281 119 37 21
internal_value=-0.000251398 -0.00380253 0.0143307 -0.0352585 -0.0632593 0.0323248 -0.108436 0.0853995 0.154206
internal_weight=2095 2053 1303 750 611 1140 163 139 42
internal_count=2095 2053 1303 750 611 1140 163 139 42
is_linear=0
shrinkage=0.05


Tree=102
num_leaves=8
num_cat=0
split_feature=11 74 59 15 61 97 70
split_gain=451.979 824.93 609.391 871.832 754.207 600.418 495.586
threshold=-22.291666666666664 -2.8333333333333326 -0.33100692337999732 -0.10661397874355315 -9.0599206487337742 1.5000000000000002 0.53589743589743599
decision_type=8 8 8 10 8 10 2
left_child=6 5 3 -3 -4 -2 -1
right_child=1 2 4 -5 -6 -7 -8
leaf_value=-0.26065548746024864 0.017769261356443168 -0.086151180633020644 0.24319751057131539 0.16898579054788965 -0.013773470554066367 0.35100546912129582 0.035120282805076355
leaf_weight=29 27 44 24 106 1819 24 22
leaf_count=29 27 44 24 106 1819 24 22
internal_value=-0.000262063 0.003545 -0.00174378 0.0934582 -0.00975113 0.192817 -0.140429
internal_weight=2095 2044 1993 150 1843 51 51
internal_count=2095 2044 1993 150 1843 51 51
is_linear=0
shrinkage=0.05


Tree=103
num_leaves=11
num_cat=0
split_feature=111 64 108 58 112 73 7 38 116 75
split_gain=433.938 871.902 737.462 1108.53 741.794 716.968 664.269 594.868 838.703 834.26
threshold=0.028215947871406879 1.0973151031974571 -0.009029195996673579 0.15741413145259256 -0.055555557211240107 0.069881323056343328 -0.36147178616374726 0.017571501869920906 -0.19415732052487628 -0.051103632897138616
decision_type=10 10 10 10 8 10 8 10 8 8
left_child=6 2 3 -2 -4 -3 -1 9 -9 -8
right_child=1 5 4 -5 -6 -7 7 8 -10 -11
leaf_value=0.21879756513141815 0.18329423180357976 0.43458262038230899 -0.16423062895639584 -0.12640073120594025 0.038073778803537205 0.02375798344612122 -0.07657634543492757 0.06021878269966692 -0.08389447413987984 0.0294425320574907
leaf_weight=26 105 20 73 35 104 20 230 123 483 876
leaf_count=26 105 20 73 35 104 20 230 123 483 876
internal_value=-0.000191162 0.0495992 0.0198646 0.103837 -0.0473074 0.255745 -0.0105602 -0.0146995 -0.0543085 0.0071048
internal_weight=2095 357 317 140 177 40 1738 1712 606 1106
internal_count=2095 357 317 140 177 40 1738 1712 606 1106
is_linear=0
shrinkage=0.05


Tree=104
num_leaves=6
num_cat=0
split_feature=48 69 44 115 44
split_gain=427.718 565.95 529.687 1102.59 641.718
threshold=0.47641155278931069 0.43049451212088269 0.11519777235721508 0.0032569537957745785 0.042128823439926071
decision_type=10 10 10 10 10
left_child=1 2 4 -4 -1
right_child=-2 -3 3 -5 -6
leaf_value=0.010428549659471695 0.20140339411222019 -0.20202244916132517 0.34937450834099326 -0.10508415198326111 -0.061438217944729936
leaf_weight=1619 21 30 26 20 379
leaf_count=1619 21 30 26 20 379
internal_value=-0.000112906 -0.00265685 0.000730695 0.159873 -0.00329821
internal_weight=2095 2074 2044 46 1998
internal_count=2095 2074 2044 46 1998
is_linear=0
shrinkage=0.05


Tree=105
num_leaves=10
num_cat=0
split_feature=89 14 3 119 96 96 50 111 119
split_gain=418.539 696.297 623.337 568.375 519.674 826.225 862.657 699.343 690.021
threshold=24.500000000000004 1.0793706293706296 1365.5500000000002 0.065271110273897662 0.49722571671009069 0.25913132075220352 0.57749999985098854 0.028215947871406879 0.10895694606006147
decision_type=10 10 10 8 10 10 10 10 8
left_child=4 -2 3 -3 5 7 -7 -1 -6
right_child=1 2 -4 -5 8 6 -8 -9 -10
leaf_value=-0.027220380697490366 0.32973320448398591 0.28451534423690578 -0.1758940660291248 -0.046665632911026482 0.013539611764492527 0.14285717835229947 -0.091069243791011667 0.054006646721122355 -0.35013228940963748
leaf_weight=1428 20 21 22 23 26 168 47 320 20
leaf_count=1428 20 21 22 23 26 168 47 320 20
internal_value=-8.31342e-05 0.10478 0.0174876 0.123281 -0.00484585 -0.00072457 0.090585 -0.0122103 -0.162423
internal_weight=2095 86 66 44 2009 1963 215 1748 46
internal_count=2095 86 66 44 2009 1963 215 1748 46
is_linear=0
shrinkage=0.05


Tree=106
num_leaves=9
num_cat=0
split_feature=2 7 28 60 60 31 51 112
split_gain=433.816 740.67 563.342 860.584 809.539 1222.31 1038.25 658.225
threshold=0.070841152453795089 0.22436178568750623 -6.5294706026713039 -0.99821428571428561 -0.39955357142857145 -0.18160121329128739 0.1933992858976126 0.38888888806104666
decision_type=10 8 8 10 8 8 8 10
left_child=2 -2 3 -1 5 -4 -6 -5
right_child=1 -3 4 7 6 -7 -8 -9
leaf_value=0.1665820288161437 0.26400175870229037 -0.082827195311310123 -0.19836990990816564 -0.11814920853107021 0.064851794954575118 -0.0050879895388927787 -0.027178445669185175 0.1317383151128888
leaf_weight=31 34 22 101 255 757 362 508 25
leaf_count=31 34 22 101 255 757 362 508 25
internal_value=-6.18738e-05 0.131307 -0.00400669 -0.0654104 0.00717255 -0.0490267 0.0278933 -0.0937426
internal_weight=2095 56 2039 311 1728 463 1265 280
internal_count=2095 56 2039 311 1728 463 1265 280
is_linear=0
shrinkage=0.05


Tree=107
num_leaves=14
num_cat=0
split_feature=23 115 82 98 30 85 89 40 92 27 37 85 10
split_gain=429.866 1030.04 1075.37 1269.4 665.753 965.844 871.542 782.804 812.38 636.63 571.792 416.584 142.676
threshold=-0.056517356100689413 0.069213963883775223 0.11859298109298108 0.029713804713804724 -0.078011063237984971 0.81307262218839627 24.166666666666671 0.19464285714285723 0.052362061500179892 0.046528562903404215 -0.076084370414415972 0.24831170157049301 -0.044374999869614844
decision_type=10 10 10 10 8 10 10 10 10 10 10 10 10
left_child=4 2 3 -2 7 6 -6 8 -1 -7 -4 12 -3
right_child=1 11 10 -5 5 9 -8 -9 -10 -11 -12 -13 -14
leaf_value=-0.023246691870355163 -0.037724794583649121 -0.13894353902339937 -0.025957232654878971 0.093359890700235842 0.0082535574410536189 -0.2870594854156176 0.25308850082127671 0.31507109979519976 0.23049219888117581 0.0027206160329483653 -0.30740167236971588 -0.015967514157295228 -0.38371147800374916
leaf_weight=102 545 20 33 273 864 40 33 32 40 32 39 20 22
leaf_count=102 545 20 33 273 864 40 33 32 40 32 39 20 22
internal_value=-3.54991e-05 -0.0248063 -0.0104543 0.00626417 0.0205706 0.00413007 0.0186693 0.109175 0.0532976 -0.165805 -0.189118 -0.213925 -0.2954
internal_weight=2095 952 890 818 1143 969 897 174 142 72 72 62 42
internal_count=2095 952 890 818 1143 969 897 174 142 72 72 62 42
is_linear=0
shrinkage=0.05


Tree=108
num_leaves=10
num_cat=0
split_feature=3 90 102 25 111 46 44 96 101
split_gain=426.664 445.729 1165.5 1079.21 930.474 622.274 1453.77 980.888 414.046
threshold=5055.5000000000009 -0.28273809523809518 -0.10909718150893845 0.021735605637995817 -0.011640378118803104 -0.019573570840740639 0.042128823439926071 0.25913132075220352 69.500000000000014
decision_type=8 8 10 8 10 10 10 8 10
left_child=1 2 3 -1 -4 6 -3 -7 -2
right_child=8 5 4 -5 -6 7 -8 -9 -10
leaf_value=0.12760504159002992 0.28814499044418335 -0.014170874408933908 -0.028542609769722511 -0.16571755272461408 0.3404885373006647 -0.014397840278549122 -0.21029485837887912 0.091322263920997862 -0.0058221446971098581
leaf_weight=54 20 482 24 62 47 995 113 276 22
leaf_count=54 20 482 24 62 47 995 113 276 22
internal_value=-7.26556e-05 -0.00349806 0.0690276 -0.0291271 0.221417 -0.0109579 -0.0529433 0.00878818 0.14886
internal_weight=2095 2053 187 116 71 1866 595 1271 42
internal_count=2095 2053 187 116 71 1866 595 1271 42
is_linear=0
shrinkage=0.05


Tree=109
num_leaves=10
num_cat=0
split_feature=11 106 59 53 110 66 9 40 4
split_gain=425.873 492.29 491.997 1141.52 1081.32 871.495 814.422 1051.06 845.855
threshold=-22.291666666666664 -1.5509702563285825 -0.33100692337999732 -0.024081767107704776 -0.25786217395216221 -0.1846206188201904 0.12040898915898915 0.18869047619047627 -0.13549911491687316
decision_type=8 10 8 10 10 8 10 10 8
left_child=1 -1 3 5 -5 -2 8 -8 -4
right_child=2 -3 6 4 -6 -7 7 -9 -10
leaf_value=-0.28976878957753932 -0.30912764116569802 0.0045028040788191205 -0.03773395892531356 0.04343930771574378 0.36518918183114796 0.097208898776659267 -0.17903660164011229 0.10675956498492847 0.034071703423817074
leaf_weight=22 22 29 656 67 40 22 123 39 1075
leaf_count=22 22 29 656 67 40 22 123 39 1075
internal_value=-2.15695e-05 -0.136083 0.0036727 0.0890342 0.175099 -0.115751 -0.00332664 -0.108798 0.00680028
internal_weight=2095 51 2044 151 107 44 1893 162 1731
internal_count=2095 51 2044 151 107 44 1893 162 1731
is_linear=0
shrinkage=0.05


Tree=110
num_leaves=14
num_cat=0
split_feature=88 40 13 119 52 101 23 88 88 4 52 78 63
split_gain=412.553 1073.2 1050.59 749.633 643.263 814.55 798.023 669.085 1140.41 807.112 634.917 569.884 195.499
threshold=0.4050712301395834 -0.087400793650793632 0.036436732547978565 0.16439565643668178 1.1291666666666669 80.500000000000014 0.043000491021324312 0.20598660030712687 0.11907264660791651 0.82841728947828475 0.49999999999999994 0.093563497066497817 0.015476190476190478
decision_type=10 10 10 8 10 8 10 10 10 10 10 10 10
left_child=4 10 3 -3 7 6 -6 8 -1 -9 12 -4 -2
right_child=1 2 11 -5 5 -7 -8 9 -10 -11 -12 -13 -14
leaf_value=0.019229039408636465 -0.36680099111246434 0.035476500764489174 -0.2075468305674083 0.36635972897593794 -0.020620361482272448 0.13829827764512678 -0.23524712535319853 0.16478593724773449 -0.14607974727003448 -0.057795302446225084 0.0072959257910648993 0.061437468185569305 -0.13304685719054321
leaf_weight=1352 33 55 48 21 98 33 75 142 108 53 25 28 24
leaf_count=1352 33 55 48 21 98 33 75 142 108 53 25 28 24
internal_value=-3.65018e-05 -0.0619101 0.0173974 0.144493 0.00786167 -0.0743523 -0.117942 0.0183182 0.00650976 0.104107 -0.202045 -0.110155 -0.287852
internal_weight=2095 234 152 76 1861 206 173 1655 1460 195 82 76 57
internal_count=2095 234 152 76 1861 206 173 1655 1460 195 82 76 57
is_linear=0
shrinkage=0.05


Tree=111
num_leaves=9
num_cat=0
split_feature=33 90 104 84 105 75 3 82
split_gain=400.02 424.456 1157.6 964.093 582.725 828.339 805.816 420.464
threshold=11.500000000000002 -0.28273809523809518 0.19090909090909094 -384.2999999999999 -0.097698599100112901 0.011538655683398237 1849.7500000000002 0.065740740740740766
decision_type=2 8 2 10 8 10 10 10
left_child=1 2 7 -4 5 -3 -6 -1
right_child=-2 4 3 -5 6 -7 -8 -9
leaf_value=-0.23372794227940696 0.17532983720302583 -0.1290258657336065 0.21028636364083339 -0.098995799812323912 0.019687677273243741 0.015363551521896508 -0.083131252550395274 0.042768259227275854
leaf_weight=30 27 214 107 29 1270 179 219 20
leaf_count=30 27 214 107 29 1270 179 219 20
internal_value=-7.80402e-05 -0.00280967 0.0681934 0.14281 -0.0100156 -0.0637683 0.00430414 -0.128387
internal_weight=2095 2068 186 136 1882 393 1489 50
internal_count=2095 2068 186 136 1882 393 1489 50
is_linear=0
shrinkage=0.05


Tree=112
num_leaves=10
num_cat=0
split_feature=4 4 91 69 17 14 8 78 115
split_gain=417.973 1292.82 765.599 638.531 628.528 1016.55 870.192 568.849 445.353
threshold=1.9267307798490247 2.5173799536167984 -1.0000000180025095e-35 0.43049451212088269 -3.6880094395743455 1.788888888888889 -0.055954545454545444 0.0040269146362940387 0.011303226941426136
decision_type=10 10 10 10 8 10 10 10 10
left_child=3 2 -2 4 5 -1 -6 8 -3
right_child=1 7 -4 -5 6 -7 -8 -9 -10
leaf_value=0.076442087221048061 0.056224454118914552 0.19568536491305741 0.38673108518123628 -0.22112648686503664 0.022148540401665192 -0.19861773511495542 -0.053482388998118219 -0.20304893874808361 -0.092653484366558223
leaf_weight=373 37 22 33 29 724 32 790 33 22
leaf_count=373 37 22 33 29 724 32 790 33 22
internal_value=-8.14532e-05 0.079758 0.228096 -0.00632067 -0.00248231 0.0524299 -0.0173286 -0.0601707 0.0557523
internal_weight=2095 147 70 1948 1919 405 1514 77 44
internal_count=2095 147 70 1948 1919 405 1514 77 44
is_linear=0
shrinkage=0.05


Tree=113
num_leaves=8
num_cat=0
split_feature=2 7 35 50 22 41 41
split_gain=398.984 648.325 496.632 641.039 523.993 665.192 628.59
threshold=0.070841152453795089 0.22436178568750623 0.75617502458792718 -0.3332092634712655 -1.2399174635791848 -2.7695943661259874 -4.2313912476253011
decision_type=10 8 10 10 8 10 8
left_child=2 -2 4 -4 5 -1 -6
right_child=1 -3 3 -5 6 -7 -8
leaf_value=0.13623599319747001 0.24996679113007703 -0.074762440721193951 0.055353309676564981 -0.25751094601693608 -0.1162634680879877 -0.10874184070815962 0.016570405050482084
leaf_weight=28 34 22 24 37 89 181 1680
leaf_count=28 34 22 24 37 89 181 1680
internal_value=-7.99633e-05 0.125904 -0.00386401 -0.138791 0.000611282 -0.0732719 0.00955038
internal_weight=2095 56 2039 61 1978 209 1769
internal_count=2095 56 2039 61 1978 209 1769
is_linear=0
shrinkage=0.05


Tree=114
num_leaves=9
num_cat=0
split_feature=78 6 7 55 88 65 29 90
split_gain=387.669 760.25 616.424 560.975 1190.69 837.49 530.088 432.517
threshold=-0.23936965564886725 0.814618080854416 -0.29763025813736016 -0.41478995978832239 -0.14325833617864794 -0.034737199544906609 -0.07010240977009137 -0.17222222222222217
decision_type=8 10 8 8 10 10 10 10
left_child=1 -1 6 4 -4 -5 7 -2
right_child=2 -3 3 5 -6 -7 -8 -9
leaf_value=-0.26824212717647489 0.17680858820676804 0.079020012529759584 -0.05092229647216974 0.0093218310521564832 0.12778209743945443 -0.068854633106529659 0.3015999857696795 -0.090636788635994447
leaf_weight=32 23 24 157 1097 216 492 26 28
leaf_count=32 23 24 157 1097 216 492 26 28
internal_value=-8.65789e-05 -0.124318 0.00359665 -0.00198661 0.0527525 -0.0149925 0.137917 0.0341005
internal_weight=2095 56 2039 1962 373 1589 77 51
internal_count=2095 56 2039 1962 373 1589 77 51
is_linear=0
shrinkage=0.05


Tree=115
num_leaves=9
num_cat=0
split_feature=108 56 2 2 24 102 15 66
split_gain=385.44 497.835 549.393 595.503 460.777 380.84 226.345 184.411
threshold=0.085058305396044212 -0.10886366340639204 0.070841152453795089 -0.010796098969876764 -0.085317459046131069 -0.08487036805793953 0.079746477305889171 0.13496894743293528
decision_type=10 8 10 10 10 10 10 8
left_child=1 -1 3 -3 -4 6 -2 -7
right_child=5 2 4 -5 -6 7 -8 -9
leaf_value=-0.22193729785772473 -0.1056311285606137 0.024469079687096239 0.28626069140930971 -0.030996719853087169 -0.010595838891135322 0.29727675342559817 0.10308716279268265 0.069232502694313344
leaf_weight=21 22 876 25 1068 22 20 20 21
leaf_count=21 22 876 25 1068 22 20 20 21
internal_value=-5.41692e-05 -0.00454678 -0.0016786 -0.00597856 0.158687 0.102353 -0.00478429 0.201782
internal_weight=2095 2012 1991 1944 47 83 42 41
internal_count=2095 2012 1991 1944 47 83 42 41
is_linear=0
shrinkage=0.05


Tree=116
num_leaves=8
num_cat=0
split_feature=96 119 96 56 44 75 11
split_gain=385.472 778.107 745.724 616.044 587.82 661.456 577.415
threshold=0.49722571671009069 0.10895694606006147 0.25913132075220352 -0.031479416220614224 0.11519777235721508 0.09315745408336322 4.7083333333333348
decision_type=10 8 10 10 10 10 10
left_child=2 -2 4 -4 5 -1 -5
right_child=1 -3 3 6 -6 -7 -8
leaf_value=0.00073896823165203903 0.039653210872502037 -0.33663812255859377 0.27264590243759906 0.10311647890875603 0.17747490303147406 -0.085786520754408582 -0.080517267374718773
leaf_weight=1527 28 20 33 141 37 253 56
leaf_count=1527 28 20 33 141 37 253 56
internal_value=-1.32047e-07 -0.133158 0.00341478 0.0872511 -0.00738028 -0.0117372 0.0499676
internal_weight=2095 48 2047 230 1817 1780 197
internal_count=2095 48 2047 230 1817 1780 197
is_linear=0
shrinkage=0.05


Tree=117
num_leaves=10
num_cat=0
split_feature=11 90 11 95 25 60 7 19 70
split_gain=385.655 496.116 890.049 1203.88 681.933 476.723 1056.73 741.445 454.399
threshold=-22.291666666666664 -0.28273809523809518 3.3333333333333335 -0.25396825396825395 0.23286503595939648 -0.21250000000000005 -0.28635896772417857 -0.016623549473782376 0.53589743589743599
decision_type=8 8 10 10 8 8 10 8 2
left_child=8 2 3 -2 -4 6 -3 -7 -1
right_child=1 5 4 -5 -6 7 -8 -9 -10
leaf_value=-0.24471314949366976 -0.051165275338634443 0.15178222624641477 0.049647068324080418 0.31822128178131198 -0.25532233047485353 0.077816809483364224 -0.059213886230296442 -0.0093892953400260531 0.037785567515702168
leaf_weight=29 32 61 64 57 20 330 591 889 22
leaf_count=29 32 61 64 57 20 330 591 889 22
internal_value=0 0.00352852 0.0833101 0.189219 -0.0326675 -0.00402412 -0.0383925 0.0143992 -0.129465
internal_weight=2095 2044 173 89 84 1871 652 1219 51
internal_count=2095 2044 173 89 84 1871 652 1219 51
is_linear=0
shrinkage=0.05


Tree=118
num_leaves=12
num_cat=0
split_feature=115 23 4 4 7 78 17 0 44 92 114
split_gain=371.905 605.53 579.044 1083.25 706.332 676.71 598.379 913.132 747.059 417.693 363.449
threshold=0.071471902450163327 -0.12499999999999997 1.9267307798490247 2.5173799536167984 0.070121285350372417 0.0040269146362940387 -3.6880094395743455 -18.499999999999996 0.034324686861286216 0.063554576121046327 44.750000000000007
decision_type=10 10 10 8 10 10 8 8 10 10 8
left_child=2 9 6 4 -4 -5 7 -1 -8 -2 -3
right_child=1 10 3 5 -6 -7 8 -9 -10 -11 -12
leaf_value=-0.21443875809510549 0.15407123355702923 -0.032118557958767328 0.36914289590231208 0.099062283762863704 0.02307803024505747 -0.20373897024176341 0.0029288080075170219 0.072722448488855937 -0.08100192775984727 -0.099636105645913631 -0.2908231474949341
leaf_weight=25 28 24 38 37 24 28 1118 371 342 27 33
leaf_count=25 28 24 38 37 24 28 1118 371 342 27 33
internal_value=0 -0.0866387 0.0050913 0.106285 0.247648 -0.0358967 -0.00207315 0.0520211 -0.0169069 0.0307666 -0.194076
internal_weight=2095 112 1983 127 62 65 1856 396 1460 55 57
internal_count=2095 112 1983 127 62 65 1856 396 1460 55 57
is_linear=0
shrinkage=0.05


Tree=119
num_leaves=6
num_cat=0
split_feature=48 118 37 6 24
split_gain=373.885 416.497 428.537 930.731 755.49
threshold=0.47641155278931069 -23.999999999999996 -0.094502731088141431 -3.3998372534910835 -0.19764309812976855
decision_type=10 8 8 10 8
left_child=1 -1 3 -3 -4
right_child=-2 2 4 -5 -6
leaf_value=0.20042885220050813 0.18840072888594409 -0.035325610724852442 -0.096156116851655052 0.089584535623574491 -0.0025752537461188269
leaf_weight=20 21 277 258 312 1207
leaf_count=20 21 277 258 312 1207
internal_value=-6.9764e-06 -0.00238724 -0.00486828 0.0309537 -0.0193607
internal_weight=2095 2074 2054 589 1465
internal_count=2095 2074 2054 589 1465
is_linear=0
shrinkage=0.05


Tree=120
num_leaves=11
num_cat=0
split_feature=0 25 100 111 106 76 38 78 76 44
split_gain=366.963 687.38 546.68 501.505 1192.72 1190.53 936.603 659.882 1027.48 792.433
threshold=25.500000000000004 0.053398651899453593 0.21944444444444439 0.022705097217112787 0.22071557243665077 0.12738095238095243 -0.085105085810054243 -0.071059579650561019 -0.083333333333333343 -0.011895289728872936
decision_type=10 10 10 10 10 8 10 8 10 8
left_child=3 2 -2 7 6 -6 -5 8 -1 -9
right_child=1 -3 -4 4 5 -7 -8 9 -10 -11
leaf_value=0.013708739655874212 0.33363247347228669 -0.067683164889995873 0.0053882778837130623 -0.073317436845797418 0.053048313665396175 -0.19310280484966486 0.1666680790752787 0.055214260329638047 -0.1601885744032788 -0.028867258554730987
leaf_weight=157 29 34 21 48 116 78 189 417 177 829
leaf_count=157 29 34 21 48 116 78 189 417 177 829
internal_value=0 0.0993703 0.209702 -0.00437464 0.0430943 -0.0480336 0.117346 -0.0174501 -0.0793024 -0.000579437
internal_weight=2095 84 50 2011 431 194 237 1580 334 1246
internal_count=2095 84 50 2011 431 194 237 1580 334 1246
is_linear=0
shrinkage=0.05


Tree=121
num_leaves=14
num_cat=0
split_feature=76 6 103 40 26 62 115 63 55 54 65 60 104
split_gain=389.935 797.755 1122.12 1014.43 816.53 762.62 762.508 698.466 603.386 1118.41 897.573 405.062 369.975
threshold=-0.20393518518518522 -2.2998044540484739 0.32984872387189956 -0.017658730158730093 1.4644627381388153 -0.059958099077145242 0.069213963883775223 -0.16666666666666663 -0.41478995978832239 -0.21208112874779536 -0.057866480201482766 -0.41464285714285698 0.48333333333333339
decision_type=8 10 8 10 8 10 10 8 8 10 10 10 2
left_child=1 4 3 -3 5 -1 8 -8 9 -2 -10 -9 -4
right_child=6 2 12 -5 -6 -7 7 11 10 -11 -12 -13 -14
leaf_value=-0.057916633931121654 -0.050935046061089166 -0.17323506656620238 0.067987133873005715 0.079766148577133822 0.060214630786965533 -0.3313515265440119 -0.33612940055983409 -0.19035685185728402 0.029387939683439786 0.14235220792715861 -0.059708135235031129 0.039588375690213423 0.36084693658351896
leaf_weight=51 109 76 25 73 36 53 23 24 936 218 399 52 20
leaf_count=51 109 76 25 73 36 53 23 24 936 218 399 52 20
internal_value=9.827e-07 -0.0490927 0.0165855 -0.0503914 -0.137882 -0.20653 0.00945327 -0.121879 0.0176484 0.0779757 0.00259848 -0.0396767 0.222216
internal_weight=2095 334 194 149 140 104 1761 99 1662 327 1335 76 45
internal_count=2095 334 194 149 140 104 1761 99 1662 327 1335 76 45
is_linear=0
shrinkage=0.05


Tree=122
num_leaves=10
num_cat=0
split_feature=99 49 83 88 114 83 83 102 76
split_gain=369.118 559.218 1058.22 1385.52 887.395 789.921 1163.41 848.145 525.205
threshold=-0.69615384615384601 -0.037648747097579191 0.0047442267338434494 0.020361326014002167 46.750000000000007 -0.021149093906084684 -0.029467366635799404 -0.18813621578738091 -0.16666666666666666
decision_type=2 8 10 8 8 8 10 8 10
left_child=8 2 3 -2 -4 6 -3 -7 -1
right_child=1 5 4 -5 -6 7 -8 -9 -10
leaf_value=0.012698793421323235 0.0019227212454591481 -0.02409914509348926 -0.22129272813367293 0.32687073623511331 0.10086381379948106 0.17147692746061477 -0.22670456472295905 0.0067403064759277362 -0.28055571445396971
leaf_weight=32 65 541 38 62 38 79 77 1140 23
leaf_count=32 65 541 38 62 38 79 77 1140 23
internal_value=-2.57755e-06 0.00356004 0.0812812 0.16731 -0.0633141 -0.0051988 -0.05104 0.0181141 -0.122262
internal_weight=2095 2040 203 127 76 1837 618 1219 55
internal_count=2095 2040 203 127 76 1837 618 1219 55
is_linear=0
shrinkage=0.05


Tree=123
num_leaves=8
num_cat=0
split_feature=63 63 42 110 96 12 95
split_gain=358.094 491.417 994.907 1152.37 446.732 524.586 266.304
threshold=0.68333333333333346 0.46180555555555564 0.016675091137456726 -0.071209058010329798 0.50675778649747383 0.034873233238856029 0.10000000000000001
decision_type=10 10 10 10 10 10 8
left_child=1 4 3 -3 5 -1 -4
right_child=-2 2 6 -5 -6 -7 -8
leaf_value=-0.01820268429934381 -0.14284613581244338 0.19267205148935318 0.37005376269419993 -0.16834928196964458 -0.16088417756625198 0.037588504721514059 0.099372035608841836
leaf_weight=1267 38 34 25 46 39 625 21
leaf_count=1267 38 34 25 46 39 625 21
internal_value=-1.46008e-05 0.00293973 0.0966693 -0.0120189 -0.00338428 0.00025142 0.269319
internal_weight=2095 2057 126 80 1931 1892 46
internal_count=2095 2057 126 80 1931 1892 46
is_linear=0
shrinkage=0.05


Tree=124
num_leaves=11
num_cat=0
split_feature=14 95 95 95 61 50 61 56 77 50
split_gain=352.884 486.422 438.705 915.088 1000.05 702.411 1083.53 1062.4 422.355 528.734
threshold=-1.9999999999999996 -0.68611111111111101 0.23148148148148148 0.24910714285714289 -7.9519841770331059 0.5493452380189584 -4.9702381193637839 -0.01635837322886417 -0.07141586735711565 -0.059255865060033351
decision_type=8 10 8 8 8 10 8 10 8 10
left_child=1 -1 5 -4 -5 6 -2 -7 -3 -10
right_child=2 8 3 4 -6 7 -8 -9 9 -11
leaf_value=0.078588002892758912 -0.13708479616447891 0.036291471209663612 -0.30599113032221797 0.28430272395964024 -0.025758306283085144 0.075069564022123822 0.059939679800606285 -0.11436964078883152 -0.37195847301647583 -0.066483563748307717
leaf_weight=29 71 21 23 22 698 115 869 189 24 34
leaf_count=29 71 21 23 22 698 115 869 189 24 34
internal_value=0 -0.0859653 0.00486436 -0.0254006 -0.0143199 0.02301 0.0443586 -0.0424898 -0.148049 -0.213169
internal_weight=2095 108 1987 743 720 1244 940 304 79 58
internal_count=2095 108 1987 743 720 1244 940 304 79 58
is_linear=0
shrinkage=0.05


Tree=125
num_leaves=10
num_cat=0
split_feature=3 4 91 64 21 14 29 8 72
split_gain=363.873 386.587 780.378 1190.79 1101.82 504.197 640.15 556.35 117.318
threshold=5055.5000000000009 1.377508505997816 -0.049999999999999926 0.68152079402079491 -6.7678571428571415 -1.9999999999999996 -0.81489276513457287 -0.15929166666666664 -1.9166666666666663
decision_type=8 10 10 10 10 8 8 10 10
left_child=1 5 4 -4 -3 7 -7 -1 -2
right_child=8 2 3 -5 -6 6 -8 -9 -10
leaf_value=0.040687944406741547 0.039856834199141572 -0.25200376160442833 0.22397554804384712 -0.12720731135570643 0.059036499803716495 0.10350641170590524 -0.013560784230559314 -0.20373016879407327 0.21343520361185075
leaf_weight=33 22 35 95 28 94 121 1585 62 20
leaf_count=33 22 35 95 28 94 121 1585 62 20
internal_value=-4.6394e-05 -0.00321158 0.0541408 0.141795 -0.0312354 -0.0113918 -0.00495023 -0.120538 0.13749
internal_weight=2095 2053 252 123 129 1801 1706 95 42
internal_count=2095 2053 252 123 129 1801 1706 95 42
is_linear=0
shrinkage=0.05


Tree=126
num_leaves=8
num_cat=0
split_feature=11 74 97 52 29 59 106
split_gain=351.654 720.908 504.499 477.041 689.256 605.005 404.944
threshold=-22.291666666666664 -2.8333333333333326 1.5000000000000002 1.0720779220779224 -0.18798197371264294 -0.33100692337999732 -1.5509702563285825
decision_type=8 8 10 10 10 8 10
left_child=6 2 -2 5 -5 -3 -1
right_child=1 3 -4 4 -6 -7 -8
leaf_value=-0.26305742799131959 0.019067865563556552 0.10574499574209845 0.32532709839529006 0.03885363082644408 -0.13768649399805238 -0.0014839405744442714 0.0037346136920592362
leaf_weight=22 27 138 24 87 137 1631 29
leaf_count=22 27 138 24 87 137 1631 29
internal_value=-3.05032e-05 0.00332431 0.180262 -0.00161819 -0.06955 0.00712729 -0.123671
internal_weight=2095 2044 51 1993 224 1769 51
internal_count=2095 2044 51 1993 224 1769 51
is_linear=0
shrinkage=0.05


Tree=127
num_leaves=12
num_cat=0
split_feature=76 116 115 63 79 115 10 90 2 117 61
split_gain=350.284 843.657 692.131 624.854 603.687 621.818 562.974 1063.3 792.214 490.737 364.502
threshold=-0.20393518518518522 0.45158901422594994 0.069213963883775223 -0.16666666666666663 3.5000000000000004 0.04427896439525706 -0.23117816829513477 0.35416666666666669 0.073806812055408968 6.5000000000000009 1.260912696520488
decision_type=8 8 10 8 10 10 8 10 10 10 10
left_child=1 4 6 -4 5 -1 7 -2 -8 -3 -5
right_child=2 9 3 10 -6 -7 8 -9 -10 -11 -12
leaf_value=-0.1419226138883288 0.081537641624459631 0 -0.31891163896237101 0.044653365711839699 0.15480565583705905 0.050765659473836426 -0.0075306475837862959 -0.23167583323354785 0.27148081551377595 0.28068965698281922 -0.16740579867001737
leaf_weight=207 442 36 23 48 20 49 1175 24 21 22 28
leaf_count=207 442 36 23 48 20 49 1175 24 21 22 28
internal_value=-1.46326e-05 -0.0465915 0.00889795 -0.116224 -0.083189 -0.104583 0.0167073 0.0630122 -0.00148015 0.119549 -0.0383674
internal_weight=2095 334 1761 99 276 256 1662 466 1196 58 76
internal_count=2095 334 1761 99 276 256 1662 466 1196 58 76
is_linear=0
shrinkage=0.05


Tree=128
num_leaves=15
num_cat=0
split_feature=23 82 115 32 67 61 118 33 102 61 54 4 63 52
split_gain=343.962 849.935 829.609 1034.82 633.967 950.798 817.187 1085.71 921.818 805.524 611.917 503.786 352.497 287.716
threshold=-0.056517356100689413 0.11859298109298108 0.069213963883775223 -0.21746808857036132 0.024078110232949264 -2.3263888955116268 -8.2722223599751779 4.5000000000000009 -0.019331229384988536 0.99563489854335818 -0.055555555555555518 -0.45024324404541499 -0.066666666666666582 -0.09761904761904748
decision_type=10 10 10 10 10 10 8 2 8 10 10 10 8 10
left_child=4 2 3 -2 6 11 7 -1 -8 -7 -3 -6 -4 -12
right_child=1 10 12 -5 5 9 8 -9 -10 -11 13 -13 -14 -15
leaf_value=0.016837855928430432 0.13229551793352046 -0.31680637627840041 -0.33160942268371585 -0.019008676346697513 0.043173799067735677 -0.073138280934409092 -0.11164637494635717 0.36253972209113489 0.012279009075423123 0.12836171476340566 -0.15422498160600662 0.36589866906404495 -0.073574663135547974 0.083736715071762988
leaf_weight=71 130 35 20 688 20 90 194 29 605 99 20 35 38 21
leaf_count=71 130 35 20 688 20 90 194 29 605 99 20 35 38 21
internal_value=-1.06766e-05 -0.0221711 -0.00773787 0.00563412 0.0184193 0.0890232 -0.00107456 0.130057 -0.0182555 0.0327396 -0.177169 0.262755 -0.182602 -0.0354015
internal_weight=2095 952 876 818 1143 244 899 100 799 189 76 55 58 41
internal_count=2095 952 876 818 1143 244 899 100 799 189 76 55 58 41
is_linear=0
shrinkage=0.05


Tree=129
num_leaves=13
num_cat=0
split_feature=118 85 4 99 118 10 54 46 10 118 51 55
split_gain=346.538 1006.21 1005.69 916.389 634.017 1008.43 793.46 780.795 720.68 689.434 547.431 397.259
threshold=10.833332777023317 -0.18679037733828927 -1.0324310275563298 0.28869047619047622 3.3333333333333344 -0.23117816829513477 -0.58541666666666659 -0.019573570840740639 -0.49878172199907039 4.1666662693023691 -0.029903462156653401 -0.18298600676159063
decision_type=10 10 10 2 10 8 10 8 10 10 10 10
left_child=4 10 -3 -4 5 6 -1 -7 11 -10 -2 -6
right_child=1 2 3 -5 8 7 -8 -9 9 -11 -12 -13
leaf_value=-0.088769139438422767 0.039736158520944663 -0.1475686618089676 0.29507154499013455 -0.052325300952153542 -0.052832648686824302 -0.092848597297743529 0.098485296415502854 0.0057360013067549055 -0.18056905011809063 0.0036186391233720564 -0.2738110690205186 -0.32148104339445893
leaf_weight=62 26 20 73 23 26 257 381 855 58 259 22 33
leaf_count=62 26 20 73 23 26 257 381 855 58 259 22 33
internal_value=-1.09016e-08 0.0686401 0.146787 0.212876 -0.00601767 0.00809258 0.0714683 -0.0173173 -0.0638442 -0.0322066 -0.115303 -0.217251
internal_weight=2095 164 116 96 1931 1555 443 1112 376 317 48 59
internal_count=2095 164 116 96 1931 1555 443 1112 376 317 48 59
is_linear=0
shrinkage=0.05


Tree=130
num_leaves=8
num_cat=0
split_feature=33 118 4 113 98 77 82
split_gain=342.258 406.44 764.86 582.026 548.334 724.568 696.085
threshold=11.500000000000002 10.833332777023317 -0.88025938705078077 -0.22854990237146897 0.19276094276094283 0.010308819712095319 0.056465467402967422
decision_type=2 10 10 10 10 8 10
left_child=1 4 -3 -4 6 -6 -1
right_child=-2 2 3 -5 5 -7 -8
leaf_value=-0.017591028657844492 0.16215450838208201 -0.13201299108363487 -0.045966067050512024 0.18640528572723269 -0.27193710333357257 0 0.062178963420273209
leaf_weight=1483 27 32 34 96 40 53 330
leaf_count=1483 27 32 34 96 40 53 330
internal_value=-9.37671e-05 -0.00262222 0.0721544 0.125809 -0.00917615 -0.124389 -0.00291282
internal_weight=2095 2068 162 130 1906 93 1813
internal_count=2095 2068 162 130 1906 93 1813
is_linear=0
shrinkage=0.05


Tree=131
num_leaves=10
num_cat=0
split_feature=3 47 16 20 109 5 36 20 71
split_gain=336.098 370.38 768.912 1036.5 711.485 731.008 654.918 629.356 139.703
threshold=5055.5000000000009 -0.99999999999999634 -0.21489094942808148 1.8811592133210666 -9.490320046742756 -0.46184689809531043 0.10129987200101219 -3.1224415915247712 7.5000000000000009
decision_type=8 8 8 10 10 10 10 8 2
left_child=1 4 3 -3 5 -1 -6 -4 -2
right_child=8 2 7 -5 6 -7 -8 -9 -10
leaf_value=0.04839895720283191 0.022829932227730752 0.012833160844406692 0.089731769603523581 0.33316467151497353 0.057153356679922343 -0.29802324815708053 -0.049899544724536581 -0.047965616779643928 0.20693801531085262
leaf_weight=25 20 111 86 28 638 29 179 957 22
leaf_count=25 20 111 86 28 638 29 179 957 22
internal_value=-9.47173e-05 -0.0031375 -0.0213515 0.0870353 0.0215037 -0.146285 0.033477 -0.0361902 0.132087
internal_weight=2095 2053 1182 139 871 54 817 1043 42
internal_count=2095 2053 1182 139 871 54 817 1043 42
is_linear=0
shrinkage=0.05


Tree=132
num_leaves=6
num_cat=0
split_feature=48 20 76 69 12
split_gain=339.225 439.872 572.876 458.61 437.77
threshold=0.47641155278931069 5.4578453987475237 0.16666666666666674 0.43049451212088269 0.034873233238856029
decision_type=10 10 8 10 10
left_child=1 3 -3 4 -1
right_child=-2 2 -4 -5 -6
leaf_value=-0.011363624683725225 0.17942153034875027 -0.2781325693242252 0.050517899863421922 -0.18071503950392498 0.038876714959695031
leaf_weight=1370 21 27 20 29 628
leaf_count=1370 21 27 20 29 628
internal_value=-3.93665e-05 -0.00230766 -0.14591 0.00134826 0.0044603
internal_weight=2095 2074 47 2027 1998
internal_count=2095 2074 47 2027 1998
is_linear=0
shrinkage=0.05


Tree=133
num_leaves=16
num_cat=0
split_feature=23 110 49 69 99 81 0 44 25 32 95 13 46 5 115
split_gain=335.778 793.226 1426.15 966.279 915.976 861.97 962.656 650.022 566.84 697.664 626.278 625.193 745.897 731.336 554.519
threshold=-0.056517356100689413 0.1307256085177263 0.010840207652773758 0.0038152237733204979 0.13809523809523819 -2.4608375032742815 4.5000000000000009 0.045133666696965925 -0.11703246099850249 0.085727449816962106 0.19745421245421244 0.075585563066932898 0.024212860463709757 0.88828764272159411 0.0025700914464611845
decision_type=10 8 10 10 2 10 10 10 8 10 10 10 10 10 10
left_child=8 5 4 -4 -3 7 -7 -2 9 10 -1 13 -13 -10 -11
right_child=1 2 3 -5 -6 6 -8 -9 11 14 -12 12 -14 -15 -16
leaf_value=0.089577464850724875 0.10472682341933251 0.28890106830082529 0.090701632270446197 -0.16591434145401068 0.013453711774842492 -0.15126675033655868 -0.016287998727669842 -0.12024058249107628 -0.011824672738036579 0.098735201105158377 0.33669025735421615 -0.17840828190424615 0.10912057228626744 0.10478766729209531 -0.13335705625318123
leaf_weight=154 124 68 60 80 53 249 280 38 586 42 28 86 26 169 52
leaf_count=154 124 68 60 80 53 249 280 38 586 42 28 86 26 169 52
internal_value=-6.01831e-05 -0.0219555 0.0515526 -0.056256 0.173969 -0.0499632 -0.0807375 0.0496372 0.018149 0.0798676 0.135848 -0.0017864 -0.109422 0.0147298 -0.029402
internal_weight=2095 952 261 140 121 691 529 162 1143 276 182 867 112 755 94
internal_count=2095 952 261 140 121 691 529 162 1143 276 182 867 112 755 94
is_linear=0
shrinkage=0.05


Tree=134
num_leaves=7
num_cat=0
split_feature=84 94 33 88 109 88
split_gain=335.745 491.772 399.644 390.266 1125.45 652.216
threshold=-2395.7999999999997 0.027777777777777849 11.500000000000002 0.4050712301395834 -2.6593074003855377 0.20598660030712687
decision_type=8 10 2 10 10 10
left_child=1 -1 3 5 -5 -2
right_child=2 -3 -4 4 -6 -7
leaf_value=-0.24919359235209415 -0.0026828387336061809 0.04731355025260537 0.18138532157867188 0.18210329595953226 -0.10980856472040652 0.090462724290823152
leaf_weight=27 1588 22 26 35 189 208
leaf_count=27 1588 22 26 35 189 208
internal_value=0 -0.123088 0.00321746 0.000457318 -0.0609988 0.00829806
internal_weight=2095 49 2046 2020 224 1796
internal_count=2095 49 2046 2020 224 1796
is_linear=0
shrinkage=0.05


Tree=135
num_leaves=7
num_cat=0
split_feature=78 6 78 35 79 100
split_gain=331.615 620.249 395.061 393.835 1186.89 971.577
threshold=-0.23936965564886725 0.814618080854416 -0.21281080444653827 -0.15033090747892855 -1.4999999999999998 -0.065079365079365056
decision_type=8 10 8 8 10 8
left_child=1 -1 -2 4 -4 -5
right_child=2 -3 3 5 -6 -7
leaf_value=-0.24482083318604009 0.18666353649620354 0.068985711885937329 0.097904286172240979 0.068330003763945144 -0.078802913527505181 -0.015701364993926853
leaf_weight=32 24 24 120 524 393 978
leaf_count=32 24 24 120 524 393 978
internal_value=0 -0.114882 0.00342458 0.000760696 -0.0368253 0.0137108
internal_weight=2095 56 2039 2015 513 1502
internal_count=2095 56 2039 2015 513 1502
is_linear=0
shrinkage=0.05


Tree=136
num_leaves=9
num_cat=0
split_feature=89 14 84 112 63 14 76 60
split_gain=329.008 615.163 553.735 495.655 438.438 465.686 998.042 554.605
threshold=24.500000000000004 1.0793706293706296 -1268.7499999999998 0.20833333457509681 0.68333333333333346 0.66025641025641024 -0.024404761904761898 0.45156250000000009
decision_type=10 10 10 8 10 10 10 10
left_child=4 -2 -3 -4 5 7 -7 -1
right_child=1 2 3 -5 -6 6 -8 -9
leaf_value=-0.005197333471818894 0.30436070322990422 -0.17054433480457024 0.26817785793542864 -0.041228176049631221 -0.16808561409823597 0.021472875690460205 -0.12814204197118778 0.063891936327839641
leaf_weight=1149 20 22 20 24 35 245 197 383
leaf_count=1149 20 22 20 24 35 245 197 383
internal_value=0 0.0930016 0.0113258 0.111405 -0.00419441 -0.000845945 -0.0457863 0.0121941
internal_weight=2095 86 66 44 2009 1974 442 1532
internal_count=2095 86 66 44 2009 1974 442 1532
is_linear=0
shrinkage=0.05


Tree=137
num_leaves=11
num_cat=0
split_feature=15 119 37 61 20 77 110 93 54 102
split_gain=327.22 1302.28 553.628 802.147 1238.72 823.342 704.07 767.86 583.026 543.122
threshold=-0.10661397874355315 -0.51578697748482216 -0.094502731088141431 -1.1999999930461245 -0.72267144984863596 -0.23236369527876374 -0.22277421667240557 0.12576126307249072 0.18293650793650798 0.01897316123358906
decision_type=8 10 8 10 10 8 8 10 8 8
left_child=1 -1 3 4 -2 -5 7 -4 -8 -3
right_child=2 9 6 5 -6 -7 8 -9 -10 -11
leaf_value=0.15999059221058182 -0.15541549163194848 -0.36434553149430193 -0.04789891396723097 0.28154883313239837 0.10487852421510652 0.058922810359013693 0.025928324856765252 -0.38590208962559702 -0.038614879054030486 -0.037807145874415131
leaf_weight=28 97 29 58 44 78 316 768 20 634 23
leaf_count=28 97 29 58 44 78 316 768 20 634 23
internal_value=0 -0.0960783 0.00406691 0.0474308 -0.0394303 0.0897537 -0.0116818 -0.153195 -0.0032568 -0.236778
internal_weight=2095 80 2015 535 175 360 1480 78 1402 52
internal_count=2095 80 2015 535 175 360 1480 78 1402 52
is_linear=0
shrinkage=0.05


Tree=138
num_leaves=11
num_cat=0
split_feature=76 116 115 54 56 113 79 115 54 65
split_gain=333.911 767.365 553.34 558.95 563.129 556.14 547.445 538.238 486.21 453.714
threshold=-0.20393518518518522 0.45158901422594994 0.069213963883775223 -0.62731481481481477 -0.10024509803921568 0.43959601812878485 3.5000000000000004 0.04427896439525706 0.08333333333333337 -0.031166301419337582
decision_type=8 8 10 8 8 10 10 10 8 10
left_child=1 6 3 -2 -5 9 7 -1 -3 -4
right_child=2 8 5 4 -6 -7 -8 -9 -10 -11
leaf_value=-0.13545866367178705 -0.17138052854018335 0.24583224301988427 -0.24409092607205377 -0.21074123368240319 0.023823972212534315 0.08705301485955716 0.1463080028295517 0.043964202329516415 -0.02697993820799249 0.017468833578405559
leaf_weight=207 34 28 52 21 1607 25 20 49 30 22
leaf_count=207 34 28 52 21 1607 25 20 49 30 22
internal_value=-2.90802e-06 -0.0454788 0.0086983 0.0156815 0.0201316 -0.103172 -0.0803753 -0.10074 0.112987 -0.169513
internal_weight=2095 334 1761 1662 1628 99 276 256 58 74
internal_count=2095 334 1761 1662 1628 99 276 256 58 74
is_linear=0
shrinkage=0.05


Tree=139
num_leaves=10
num_cat=0
split_feature=89 2 10 28 43 108 36 60 1
split_gain=324.91 445.535 534.024 451.395 790.073 742.072 391.312 308.245 104.719
threshold=-22.166666666666661 0.070841152453795089 -0.27082408274692388 -6.5294706026713039 0.11683333333333339 -0.039393401485792789 0.07501653333504997 0.27500000000000008 0.023645430010329812
decision_type=8 10 10 8 10 8 10 10 10
left_child=6 3 -3 4 -2 -5 7 8 -1
right_child=1 2 -4 5 -6 -7 -8 -9 -10
leaf_value=-0.10604831927589008 -0.088654733523157725 -0.048438796341419225 0.26334908630166737 0.084040885877904592 0.13657418241643388 -0.0045795234242555207 0.069849043016632403 -0.0020478528055051961 -0.29898939499488247
leaf_weight=23 257 20 30 280 41 1373 25 25 21
leaf_count=23 257 20 30 280 41 1373 25 25 21
internal_value=-2.70724e-05 0.00431316 0.144659 0.000330236 -0.0557595 0.0106098 -0.0884752 -0.147358 -0.220267
internal_weight=2095 2001 50 1951 298 1653 94 69 44
internal_count=2095 2001 50 1951 298 1653 94 69 44
is_linear=0
shrinkage=0.05


Tree=140
num_leaves=10
num_cat=0
split_feature=3 117 82 82 54 25 108 40 2
split_gain=319.735 387.065 354.009 879.642 922.696 781.301 607.844 595.238 460.586
threshold=5055.5000000000009 6.5000000000000009 0.056465467402967422 0.10600233100233104 -0.058543771043771085 0.26890787270126665 0.083338915180528342 0.23402777777777789 -1.0000000180025095e-35
decision_type=8 8 10 10 8 8 10 10 10
left_child=2 -2 6 5 -5 -4 7 -1 -8
right_child=1 -3 3 4 -6 -7 8 -9 -10
leaf_value=-0.033391749864190072 -0.023346684171030155 0.25827612032970559 0.13439406236710913 -0.18214451626668421 0.035006510846252586 -0.11378344269959551 0.0029286317368771172 0.057963776610140662 0.24313504671057068
leaf_weight=1322 21 21 212 69 140 33 42 201 34
leaf_count=1322 21 21 212 69 140 33 42 201 34
internal_value=-2.63075e-05 0.128897 -0.00299485 0.0357015 -0.0390315 0.099159 -0.01409 -0.021152 0.119382
internal_weight=2095 42 2053 454 209 245 1599 1523 76
internal_count=2095 42 2053 454 209 245 1599 1523 76
is_linear=0
shrinkage=0.05


Tree=141
num_leaves=9
num_cat=0
split_feature=82 48 32 59 4 53 69 55
split_gain=312.631 402.022 841.987 537.2 797.682 576.691 495.202 372.595
threshold=-0.19419191919191917 -0.3105711003299802 0.020023615720371406 0.2140020097916325 -0.15402164575647442 0.0048399528273200482 -0.03100617229938504 0.1306399287035068
decision_type=8 8 10 10 10 8 10 10
left_child=7 2 6 5 -5 -3 -2 -1
right_child=1 3 -4 4 -6 -7 -8 -9
leaf_value=0.022816084504127504 0.32185314225866213 -0.045302271621858146 -0.1109067683108151 -0.049226870888089837 0.11035305836258663 0.014050804541786581 0.029953857871793933 -0.25948752714693546
leaf_weight=20 33 765 27 116 220 868 26 20
leaf_count=20 33 765 27 116 220 868 26 20
internal_value=0 0.00284785 0.105604 -0.00187103 0.0551994 -0.0137768 0.20639 -0.130373
internal_weight=2095 2055 86 1969 336 1633 59 40
internal_count=2095 2055 86 1969 336 1633 59 40
is_linear=0
shrinkage=0.05


Tree=142
num_leaves=14
num_cat=0
split_feature=8 91 31 4 63 44 30 48 19 11 25 109 25
split_gain=308.491 710.858 887.572 744.332 734.024 844.112 602.265 1024.74 1111.64 751.105 662.918 773.804 603.281
threshold=-0.029789285714285695 0.041666666666666748 0.62315136012330197 -0.83517755443495612 0.49553571428571436 0.032589045276451581 -0.079925629589706643 -0.090856672575076416 0.022232634325822193 11.183333333333335 0.012979031765913975 0.27532386779785162 -0.17363509220214432
decision_type=10 10 10 8 10 10 10 10 10 10 8 10 10
left_child=1 4 3 -3 5 -1 10 8 -8 -9 12 -12 -2
right_child=6 2 -4 -5 -6 -7 7 9 -10 -11 11 -13 -14
leaf_value=0.004830541244178168 -0.026016352032170155 -0.073617156089965219 0.30838432078534322 0.087000275531358889 0.19416907100779257 -0.1278911367205805 -0.21438744031739507 0.020833907672057027 0.015966248416969944 -0.14134945214415592 0.091581216193735604 -0.17942301713306696 0.24928834449499845
leaf_weight=561 28 92 31 280 36 147 138 470 81 79 55 42 55
leaf_count=561 28 92 31 280 36 147 138 470 81 79 55 42 55
internal_value=0 0.0174146 0.0704805 0.0466955 -0.0115413 -0.0233596 -0.0210397 -0.0403772 -0.13051 -0.00347879 0.0600581 -0.0283138 0.159645
internal_weight=2095 1147 403 372 744 708 948 768 219 549 180 97 83
internal_count=2095 1147 403 372 744 708 948 768 219 549 180 97 83
is_linear=0
shrinkage=0.05


Tree=143
num_leaves=14
num_cat=0
split_feature=97 25 107 77 92 41 98 3 17 101 84 85 102
split_gain=314.838 645.629 840.461 860.551 816.817 675.408 1239.34 1217.51 593.499 542.128 579.763 499.646 428.489
threshold=1.5000000000000002 0.014920047616032274 -0.055925255641341202 -0.17369917884596389 0.050168280705278435 -0.1321239402369849 -0.142563455063455 1163.3500000000001 -11.752564151470477 81.500000000000014 -599.39999999999998 0.81307262218839627 0.0016006010506923048
decision_type=10 10 8 10 10 10 8 10 8 10 8 10 10
left_child=8 2 3 -2 -4 6 -3 -7 12 11 -11 -10 -1
right_child=1 5 4 -5 -6 7 -8 -9 9 10 -12 -13 -14
leaf_value=-0.027272818725684597 0.43286334412136623 0.16618105087074497 0.053329329099506141 0.10146705433726311 -0.16807613214667963 -0.046194966614246373 -0.13601769865794189 0.21697040985831442 -0.0079572814469932081 0.015587230192927216 0.28429213185464181 -0.12624483294785024 -0.33190119773149496
leaf_weight=24 21 37 273 105 44 120 179 63 1030 60 26 93 20
leaf_count=24 21 37 273 105 44 120 179 63 1030 60 26 93 20
internal_value=8.3881e-06 0.0235981 0.0648564 0.171495 0.02031 -0.0223219 -0.0814373 0.047498 -0.0158347 -0.00883983 0.10853 -0.0183136 -0.186499
internal_weight=2095 842 443 126 317 399 216 183 1253 1209 86 1123 44
internal_count=2095 842 443 126 317 399 216 183 1253 1209 86 1123 44
is_linear=0
shrinkage=0.05


Tree=144
num_leaves=10
num_cat=0
split_feature=11 19 19 50 70 93 82 70 80
split_gain=308.633 399.406 794.825 683.844 844.838 637.847 466.413 385.627 370.427
threshold=-22.291666666666664 0.058954494073987014 0.05365930156161388 -0.063549884704732759 0.36931818181818188 -0.69083257764577854 -0.0057017982017981963 0.53589743589743599 -0.0020984055673969634
decision_type=8 10 10 10 2 8 10 2 8
left_child=7 2 5 6 -5 -2 -3 -1 -4
right_child=1 3 8 4 -6 -7 -8 -9 -10
leaf_value=-0.2220045178252108 -0.12494627069285576 0.077136757260277161 -0.33956053867936137 0.3071644851714373 0.0015805570369071152 0.0087175611198284236 -0.16845640883677537 0.037682632191313639 -0.04038176972132463
leaf_weight=29 89 37 20 45 42 1759 31 22 21
leaf_count=29 89 37 20 45 42 1759 31 22 21
internal_value=5.76142e-05 0.00324632 -0.00314473 0.0791114 0.168288 0.00193353 -0.0380094 -0.115727 -0.208455
internal_weight=2095 2044 1889 155 87 1848 68 51 41
internal_count=2095 2044 1889 155 87 1848 68 51 41
is_linear=0
shrinkage=0.05


Tree=145
num_leaves=9
num_cat=0
split_feature=48 97 32 17 50 17 43 102
split_gain=302.072 322.465 948.239 889.636 719.754 628.331 542.229 300.508
threshold=0.47641155278931069 1.5000000000000002 -0.22880082748209432 -12.18392855780465 0.60757843812874646 -11.752564151470477 0.079666666666666663 0.0016006010506923048
decision_type=10 10 10 10 8 8 8 10
left_child=1 5 4 -4 -3 7 -7 -1
right_child=-2 2 3 -5 -6 6 -8 -9
leaf_value=-0.048005280616106816 0.16939347033890395 0.21791980483103546 0.24273732393980027 -0.015849845708225171 -0.007416872742275398 -0.043238549379095888 0.023955949647060049 -0.31793915905430914
leaf_weight=22 21 91 30 663 55 624 569 20
leaf_count=22 21 91 30 663 55 624 569 20
internal_value=0 -0.00209599 0.021722 -0.00292534 0.135267 -0.0183395 -0.0111822 -0.197758
internal_weight=2095 2074 839 693 146 1235 1193 42
internal_count=2095 2074 839 693 146 1235 1193 42
is_linear=0
shrinkage=0.05


Tree=146
num_leaves=15
num_cat=0
split_feature=47 89 76 116 61 55 95 95 7 69 95 111 24 100
split_gain=301.985 964.343 910.909 874.904 803.906 697.38 631.952 595.346 1119.42 1034.78 1306.32 1019.3 924.062 918.35
threshold=-5.3333333333333313 9.0833333333333375 -0.16666666666666657 0.081502940040081753 0.96659450481335341 0.44001694271961855 0.010763888888888852 0.041229603729603749 0.13047394117650887 0.029121339942018185 0.11811868686868686 0.019066816351066034 0.093964948339594748 0.25277777777777793
decision_type=8 10 8 10 10 10 8 10 10 10 10 10 8 10
left_child=1 3 -3 5 -5 -1 -4 8 12 10 -9 -11 -2 -10
right_child=7 2 6 4 -6 -7 -8 9 13 11 -12 -13 -14 -15
leaf_value=-0.0085333827033985503 -0.067444561127376804 -0.11262241941690446 0.37400271343913949 -0.0057680148312023709 0.25544678138674431 -0.20109413632603942 0.088482163629184166 0.24989698272157504 -0.19010438976586805 -0.12695147280524274 0.025538700422567531 0.10525346066270556 0.034321057585136323 0.10508554520254786
leaf_weight=210 379 20 39 65 48 56 43 86 154 142 233 65 527 28
leaf_count=210 379 20 39 65 48 56 43 86 154 142 233 65 527 28
internal_value=2.24903e-05 0.0346115 0.167175 -0.00264714 0.110889 -0.0522193 0.238543 -0.0103298 -0.0314261 0.0330974 0.0891013 -0.0530383 -0.0083314 -0.142828
internal_weight=2095 481 102 379 113 266 82 1614 1088 526 319 207 906 182
internal_count=2095 481 102 379 113 266 82 1614 1088 526 319 207 906 182
is_linear=0
shrinkage=0.05


Tree=147
num_leaves=10
num_cat=0
split_feature=78 106 55 35 34 80 42 42 81
split_gain=306.285 621.827 381.95 838.38 1134.45 817.806 650.84 1107.08 795.138
threshold=-0.23936965564886725 1.0741986334323885 -0.41478995978832239 -0.15033090747892855 -0.27521745377841089 -0.093820503731775598 -0.0031431529148808336 -0.011567481643282548 0.21748481939236322
decision_type=8 10 8 10 10 10 8 10 8
left_child=1 -1 3 5 -5 -2 7 -4 -8
right_child=2 -3 6 4 -6 -7 8 -9 -10
leaf_value=-0.28411312028765678 0.093139840006504382 0.030978010673271984 -0.020677884222620575 -0.15095153138343548 0.15253332279383991 -0.1313096093935798 0.073965702070420622 -0.21749969371307043 -0.018503196270382712
leaf_weight=23 64 33 627 32 198 94 392 76 556
leaf_count=23 64 33 627 32 198 94 392 76 556
internal_value=8.39263e-05 -0.110295 0.00340227 0.0477253 0.107783 -0.0400184 -0.0070965 -0.0434123 0.0198679
internal_weight=2095 56 2039 388 230 158 1651 703 948
internal_count=2095 56 2039 388 230 158 1651 703 948
is_linear=0
shrinkage=0.05


Tree=148
num_leaves=12
num_cat=0
split_feature=4 86 79 4 35 79 85 37 37 103 106
split_gain=299.48 700.491 883.037 513.603 441.382 979.986 1199.01 859.608 571.908 676.67 271.565
threshold=1.377508505997816 221.8333333333334 2.5000000000000004 2.6431733291661312 -0.15033090747892855 -1.4999999999999998 -0.011785084118545839 0.089790491755896581 -0.4134127721190452 -0.18546971228594578 -7.2451389332612353
decision_type=10 10 10 10 8 10 8 8 8 8 10
left_child=4 2 3 -2 5 7 -7 -1 10 -10 -6
right_child=1 -3 -4 -5 8 6 -8 -9 9 -11 -12
leaf_value=0.20727654706503526 0.17773475904044109 -0.14038281019141036 -0.11876978372985668 -0.020017226672042972 -0.022375574812293055 -0.17722044167940015 0.0077282778734131851 -0.068135445868527447 0.086694257499812744 -0.0040438231618129599 -0.2787570567131043
leaf_weight=56 136 36 39 41 20 181 164 49 247 1106 20
leaf_count=56 136 36 39 41 20 181 164 49 247 1106 20
internal_value=1.99165e-05 0.0506157 0.0851309 0.132362 -0.0069894 -0.0497634 -0.0903055 0.0810414 0.00692128 0.0127425 -0.168407
internal_weight=2095 252 216 177 1843 450 345 105 1393 1353 40
internal_count=2095 252 216 177 1843 450 345 105 1393 1353 40
is_linear=0
shrinkage=0.05


Tree=149
num_leaves=15
num_cat=0
split_feature=12 101 44 83 69 95 95 114 41 115 44 114 27 84
split_gain=295.737 972.586 873.543 858.978 834.967 1040.78 1391.86 884.654 834.713 719.813 604.197 597.493 435.135 169.537
threshold=0.023620620059470358 90.500000000000014 -0.012386918636918645 -0.0025357902050018029 0.047799418369929007 0.05025252525252525 0.12500000000000008 39.750000000000007 -0.25029761876378726 0.026479126612057331 0.030613947032711333 50.750000000000007 0.024986073374748233 -657.44999999999993
decision_type=8 8 10 8 10 10 10 8 10 10 10 8 10 10
left_child=4 2 8 -3 5 7 -7 -1 -2 10 -6 -4 -11 -5
right_child=1 3 11 13 9 6 -8 -9 -10 12 -12 -13 -14 -15
leaf_value=0.15908716389766109 0.031796601243772066 0.095299974885503097 0.012020985019468779 -0.32162675733367602 -0.099633449146058414 0.24688888928469491 0.013406385434441326 -0.057032190301932455 0.17232805291737269 0.20947815839527176 -0.33905434341807117 -0.13639906549402681 -0.076616441535538649 -0.10644993292433876
leaf_weight=47 299 23 365 31 115 80 261 534 162 20 33 78 24 23
leaf_count=47 299 23 365 31 115 80 261 534 162 20 33 78 24 23
internal_value=0 0.0199603 0.0347872 -0.145009 -0.0175971 0.00230187 0.071103 -0.0382557 0.0826072 -0.111041 -0.16268 -0.0152307 0.0605118 -0.247613
internal_weight=2095 981 904 77 1114 922 341 581 461 192 148 443 44 54
internal_count=2095 981 904 77 1114 922 341 581 461 192 148 443 44 54
is_linear=0
shrinkage=0.05


Tree=150
num_leaves=14
num_cat=0
split_feature=88 32 35 31 114 42 52 7 32 71 20 119 18
split_gain=299.964 862.243 941.194 577.632 499.826 713.626 1199.67 942.085 547.1 1196.33 736.355 457.667 316.956
threshold=0.4050712301395834 0.13967883276442691 0.25610382963835343 -0.025264769249285262 47.750000000000007 -0.034965671576948243 0.60769230769230786 -0.026871024320522938 0.25400341240068286 10.500000000000002 5.4578453987475237 -0.15726836025714871 -1.4999999999999998
decision_type=10 8 10 10 10 8 10 8 10 2 10 8 2
left_child=4 2 -2 -4 8 7 -7 -6 10 -10 -1 -3 -13
right_child=1 11 3 -5 5 6 -8 -9 9 -11 -12 12 -14
leaf_value=0.019372401927559919 -0.18680880434620076 0.021841153821774893 0.20431464858974022 -0.020776940506409138 0.20007075270016991 -0.023188719538544927 -0.23979276907112868 -0.067977082988981044 -0.01947326525835924 0.29121934036936675 -0.20414641601474665 -0.041707916840910915 -0.28943659859286114
leaf_weight=1199 34 23 55 52 61 313 76 61 66 52 33 20 50
leaf_count=1199 34 23 55 52 61 313 76 61 66 52 33 20 50
internal_value=-3.06897e-06 -0.0527661 0.0252675 0.0984339 0.00672812 -0.0351338 -0.0681402 0.0682534 0.0226817 0.123308 0.0125439 -0.166838 -0.226823
internal_weight=2095 234 141 107 1861 511 389 122 1350 118 1232 93 70
internal_count=2095 234 141 107 1861 511 389 122 1350 118 1232 93 70
is_linear=0
shrinkage=0.05


Tree=151
num_leaves=14
num_cat=0
split_feature=72 21 86 0 5 44 119 6 94 105 81 2 81
split_gain=294.475 910.273 997.614 895.588 748.013 698.91 659.101 788.219 746.722 615.905 580.251 550.113 535.919
threshold=-7.7499999999999991 -8.2416666666666636 -135.49999999999997 14.500000000000002 1.8662048456483669 -0.004577924765196347 0.39475184306502348 5.3865535259246835 0.4694444444444445 0.090805982549985273 1.008243004480998 0.0069339421267310799 0.3553289920091629
decision_type=10 8 8 8 8 8 8 10 10 10 10 10 10
left_child=1 9 -3 -4 6 12 8 -8 -2 10 -1 -7 -6
right_child=4 2 3 -5 5 11 7 -9 -10 -11 -12 -13 -14
leaf_value=-0.41770694111473861 -0.0102099169310267 0.23324667822569609 -0.081409397495563252 0.10877821024429675 0.27511508964234965 0.069765442616220461 0.1451860269837415 -0.085621578352024358 -0.18460950817053134 0.039792916059494025 -0.083811930092898279 -0.11865152248826166 0.045491425592738853
leaf_weight=27 1139 35 231 79 59 147 129 47 60 20 28 47 47
leaf_count=27 1139 35 231 79 59 147 129 47 60 20 28 47 47
internal_value=-4.89254e-05 -0.0372541 -0.00184395 -0.0318262 0.00933347 0.0801882 -0.00632403 0.0826111 -0.0197091 -0.18922 -0.269707 0.0220325 0.180387
internal_weight=2095 420 345 310 1675 300 1375 176 1199 75 55 194 106
internal_count=2095 420 345 310 1675 300 1375 176 1199 75 55 194 106
is_linear=0
shrinkage=0.05


Tree=152
num_leaves=15
num_cat=0
split_feature=83 83 53 84 102 31 56 8 86 72 84 47 5 112
split_gain=293.277 1296.07 993.247 1274.68 943.592 801.195 785.474 646.154 655.213 565.348 742.364 602.926 488.715 309.585
threshold=-0.021149093906084684 -0.029467366635799404 -0.0077015027625354842 -1750.2499999999998 -0.24563453656931716 -0.24371132726470626 0.035873458264762619 0.14850000000000005 -186.33333333333334 7.7500000000000009 -2126.4999999999995 3.9999999999999969 0.21823607652912164 -0.22222222387790677
decision_type=8 10 10 10 10 10 10 8 10 8 10 10 10 8
left_child=1 2 5 -4 -3 -1 9 8 -8 11 -11 -2 -9 -6
right_child=6 4 3 -5 13 -7 7 12 -10 10 -12 -13 -14 -15
leaf_value=-0.14393135556019843 0.076733652107626504 0.088019748583436017 -0.16087059425555317 0.11439068698143279 -0.095624259699668201 0.0080501988396953009 -0.25731825648940038 0.17350803280985633 -0.050722852502520205 -0.22492533318880126 0.0042392308189595253 -0.024715499475617742 -0.06308786367790567 -0.34761956973739394
leaf_weight=145 628 20 46 242 23 203 51 38 136 36 252 187 40 48
leaf_count=145 628 20 46 242 23 203 51 38 136 36 252 187 40 48
internal_value=-5.29852e-05 -0.0256366 0.000132352 0.0682597 -0.196884 -0.0562755 0.0135504 -0.0629254 -0.112561 0.0321702 -0.0275852 0.0533866 0.055083 -0.278307
internal_weight=2095 727 636 288 91 348 1368 265 187 1103 288 815 78 71
internal_count=2095 727 636 288 91 348 1368 265 187 1103 288 815 78 71
is_linear=0
shrinkage=0.05


Tree=153
num_leaves=10
num_cat=0
split_feature=44 83 51 53 23 60 24 66 43
split_gain=287.212 765.917 374.932 759.024 799.083 794.721 683.424 984.802 594.421
threshold=0.11519777235721508 0.039522816737492895 0.038710682769306011 0.038110190776577825 0.51111111111111118 0.42931818181818193 -0.085317459046131069 -0.38371472014114255 -0.095833333333333298
decision_type=10 10 8 10 8 10 8 8 8
left_child=2 -2 3 4 -1 -5 7 -4 -8
right_child=1 -3 6 5 -6 -7 8 -9 -10
leaf_value=-0.018848454721036113 0.30345410103047338 -0.062712410232052207 0.10650905871933157 0.044649579619558961 0.12745312777244383 0.30377236888320613 -0.14090599382624908 -0.12863690506921235 0.01330151891418287
leaf_weight=682 22 27 50 99 103 39 63 244 766
leaf_count=682 22 27 50 99 103 39 63 244 766
internal_value=-0.000160321 0.113638 -0.00318047 0.0203401 0.000969683 0.12629 -0.0225609 -0.0873665 0.000748038
internal_weight=2095 49 2046 923 785 138 1123 294 829
internal_count=2095 49 2046 923 785 138 1123 294 829
is_linear=0
shrinkage=0.05


Tree=154
num_leaves=7
num_cat=0
split_feature=43 43 81 2 77 23
split_gain=287.684 393.39 566.011 403.492 929.832 417.021
threshold=-0.17733333333333332 -0.1335833333333333 0.32913076877593977 -0.044657345737020161 -0.017658305328084326 -0.046151620370370357
decision_type=8 8 10 8 10 10
left_child=-1 2 -2 4 -3 -5
right_child=1 3 -4 5 -6 -7
leaf_value=0.13104090770570243 0.036174999262605395 -0.08797633653057034 -0.24622297032425799 0.015696138370723648 0.16055392214520414 -0.032161631649979414
leaf_weight=36 30 53 34 1030 105 807
leaf_count=36 30 53 34 1030 105 807
internal_value=-8.34912e-05 -0.00271221 -0.120095 0.00131928 0.0767381 -0.00533102
internal_weight=2095 2059 64 1995 158 1837
internal_count=2095 2059 64 1995 158 1837
is_linear=0
shrinkage=0.05


Tree=155
num_leaves=9
num_cat=0
split_feature=89 28 44 63 32 91 14 119
split_gain=285.584 522.591 379.562 374.39 391.613 782.638 540.07 198.228
threshold=24.500000000000004 -5.5284817218780509 0.036981217372624491 0.68333333333333346 -0.39599381247535342 0.38333333333333347 0.66025641025641024 -0.14370610006153581
decision_type=10 10 10 10 8 10 10 10
left_child=3 -2 7 4 5 -1 -6 -3
right_child=1 2 -4 -5 6 -7 -8 -9
leaf_value=-0.25861337687820196 -0.11608644771575927 0.15029755401611331 0.2972841585321086 -0.155467788327951 0.017354708679670209 0.095111768775516081 -0.045954274234479703 -0.044800341022866119
leaf_weight=35 20 20 23 35 1487 22 430 23
leaf_count=35 20 20 23 35 1487 22 430 23
internal_value=-7.96611e-05 0.0865365 0.152493 -0.00401793 -0.000921375 -0.124621 0.00304533 0.0511048
internal_weight=2095 86 66 2009 1974 57 1917 43
internal_count=2095 86 66 2009 1974 57 1917 43
is_linear=0
shrinkage=0.05


Tree=156
num_leaves=13
num_cat=0
split_feature=59 99 2 94 71 31 113 31 98 82 30 20
split_gain=275.538 686.74 688.316 593.012 578.538 634.755 528.817 612.386 498.611 654.993 525.69 408.73
threshold=0.2121861045986104 0.46291208791208799 -0.003759932114432252 1.0000000180025095e-35 13.500000000000002 0.078640372026711716 -0.43383590745878337 0.23506133894746506 0.20050505050505049 0.056465467402967422 -0.028325475236800096 0.97091887384223086
decision_type=10 2 8 8 2 8 8 8 10 10 10 10
left_child=1 8 -3 -4 6 -6 -2 -8 9 -1 -10 -7
right_child=4 2 3 -5 5 11 7 -9 10 -11 -12 -13
leaf_value=-0.010832960988399606 0.16909303725805394 -0.29768615551292898 -0.17312597799774571 0.14122247435152532 -0.047703013143369132 0.37628850706161993 0.078290732535110277 -0.07900859295418769 0.019982822792870659 0.071063702190882747 -0.25392024127336649 0.07408762121506568
leaf_weight=1286 38 35 25 25 23 26 94 160 30 296 34 23
leaf_count=1286 38 35 25 25 23 26 94 160 30 296 34 23
internal_value=-8.29249e-05 -0.00844656 -0.142939 -0.0164928 0.0391303 0.161087 0.00668473 -0.0202148 -0.00105916 0.00463442 -0.132659 0.255359
internal_weight=2095 1731 85 50 364 72 292 254 1646 1582 64 49
internal_count=2095 1731 85 50 364 72 292 254 1646 1582 64 49
is_linear=0
shrinkage=0.05


Tree=157
num_leaves=8
num_cat=0
split_feature=61 41 9 41 52 50 69
split_gain=280.701 516.365 864.598 462.413 549.951 535.552 364.377
threshold=-9.0599206487337742 -4.2313912476253011 -0.017947330447330431 -3.0537698328495018 -0.63961038961038963 0.0046164773404598026 -0.022023809452851619
decision_type=8 8 10 8 10 10 10
left_child=-1 2 -2 4 -3 -5 -4
right_child=1 3 6 5 -6 -7 -8
leaf_value=0.13456920022635085 0.1230269571421323 0.28413297514761648 -0.031989296317100527 0.020894214549077843 0.02096146100666374 -0.032461121053304391 -0.30229890803958098
leaf_weight=33 22 26 20 1060 59 837 38
leaf_count=33 22 26 20 1060 59 837 38
internal_value=-6.83322e-05 -0.00256755 -0.123257 0.00257661 0.11333 -0.00264455 -0.219819
internal_weight=2095 2062 80 1982 85 1897 58
internal_count=2095 2062 80 1982 85 1897 58
is_linear=0
shrinkage=0.05


Tree=158
num_leaves=15
num_cat=0
split_feature=60 7 32 99 31 51 51 61 74 103 102 3 10 105
split_gain=276.988 784.652 841.423 809.529 865.511 811.397 673.712 776.643 842.01 656.144 644.4 701.839 648.218 409.004
threshold=-0.39955357142857145 -0.28635896772417857 -0.43058813677635038 -0.069047619047619066 -0.18160121329128739 0.19034149137636028 0.1933992858976126 -5.5583333360652123 -1.9166666666666661 0.011767470960815736 0.085994585510343335 1915.6000000000001 0.22817026335093388 -0.072306388989090919
decision_type=8 10 10 2 8 10 8 10 10 10 8 10 10 10
left_child=1 2 -1 5 -5 -3 7 9 -9 -2 12 -12 -8 -4
right_child=6 3 13 4 -6 -7 10 8 -10 -11 11 -13 -14 -15
leaf_value=-0.1089630669852098 0.019452538993209603 -0.013021968061627906 0.060260153730069432 -0.24541121255128814 -0.052343622498994651 0.27558996256055507 -0.18802229277789595 0.18688338802694673 0.031430237798171272 -0.32750663327483032 0.026253325895891806 -0.14045603284736474 0.031590655565602137 0.34645711159513848
leaf_weight=25 27 148 26 73 248 24 100 94 772 21 394 70 47 26
leaf_count=25 27 148 26 73 248 24 100 94 772 21 394 70 47 26
internal_value=-3.55301e-05 -0.0296451 0.113894 -0.0530829 -0.0994939 0.0336144 0.0110597 0.038172 0.0493373 -0.147975 -0.0293973 -1.94572e-05 -0.118748 0.222074
internal_weight=2095 570 77 493 321 172 1525 914 866 48 611 464 147 52
internal_count=2095 570 77 493 321 172 1525 914 866 48 611 464 147 52
is_linear=0
shrinkage=0.05


Tree=159
num_leaves=10
num_cat=0
split_feature=48 63 101 0 37 0 9 72 65
split_gain=274.995 857.226 420.539 616.455 655.846 419.888 693.398 537.797 271.736
threshold=-0.3105711003299802 -0.40454545454545449 80.500000000000014 -7.4999999999999991 -0.050858685902009405 -7.4999999999999991 -0.10288785288785286 -8.7083333333333304 0.34352554753422743
decision_type=8 10 10 10 10 10 8 10 8
left_child=1 -1 5 -4 -5 6 -2 -7 -3
right_child=2 8 3 4 -6 7 -8 -9 -10
leaf_value=-0.13341682574537117 0.17768704543511074 0.26666350582614545 0.25361913035850264 -0.086216348087064174 0.14295816505164433 -0.066132668658406987 -0.072522455054631299 0.015592518750203272 0.045611433156075021
leaf_weight=27 25 35 32 64 52 236 382 1216 26
leaf_count=27 25 35 32 64 52 236 382 1216 26
internal_value=-4.30167e-05 0.0839909 -0.00395203 0.0757098 0.017766 -0.010507 -0.0550621 0.00209368 0.183795
internal_weight=2095 88 2007 148 116 1859 407 1452 61
internal_count=2095 88 2007 148 116 1859 407 1452 61
is_linear=0
shrinkage=0.05


Tree=160
num_leaves=9
num_cat=0
split_feature=35 5 93 48 96 20 63 90
split_gain=274.058 440.918 611.675 477.072 853.771 681.208 406.721 346.224
threshold=0.75617502458792718 -2.6728082430670348 -0.24930505233351138 -0.3105711003299802 0.061498101800680167 -1.0609202591538234 -0.017261904761904753 0.011111111111111101
decision_type=10 8 8 8 8 8 10 10
left_child=1 2 -1 4 -3 -5 -2 -4
right_child=6 3 7 5 -6 -7 -8 -9
leaf_value=-0.067294635528395347 -0.20244259774684906 0.29284959269894495 0.24722463698038519 -0.059115009670840359 -0.070971764864460121 0.010422840973880862 0.033110623744626838 0.041113807884759684
leaf_weight=38 35 31 48 467 26 1381 31 38
leaf_count=38 35 31 48 467 26 1381 31 38
internal_value=0 0.00337432 0.092846 -0.00265119 0.133749 -0.00723488 -0.0965595 0.163965
internal_weight=2095 2029 124 1905 57 1848 66 86
internal_count=2095 2029 124 1905 57 1848 66 86
is_linear=0
shrinkage=0.05


Tree=161
num_leaves=15
num_cat=0
split_feature=2 93 101 25 85 24 112 42 60 90 46 13 38 92
split_gain=269.095 749.505 830.707 928.832 815.714 1297.5 1156.12 809.726 611.804 893.665 742.522 672.522 618.269 472.951
threshold=-0.011676931288093327 -2.9944515675306316 45.500000000000007 -0.033286508109945372 0.37934321563217327 0.12500000186264518 0.027777774631977063 0.017461195659411548 -0.063484848484848352 0.049999999999999968 -0.010799651901487279 -0.14046351176997021 0.11081684799340095 0.0089086098340980819
decision_type=8 10 8 10 10 10 10 8 10 10 10 10 10 10
left_child=8 2 7 -4 5 -3 -6 -2 9 10 -1 -10 -13 -11
right_child=1 4 3 -5 6 -7 -8 -9 11 13 -12 12 -14 -15
leaf_value=0.17986265257802897 0.00055477838767202276 -0.12324874127392196 -0.042517051863234089 0.094878466182190535 0.15852292459835077 0.030632802188972349 -0.084501562267541894 0.33490636334186652 -0.15414170142143005 -0.16635753586210988 -0.022776587188577023 0.063072105214756063 0.26909209173605886 0.0059831986373121088
leaf_weight=67 33 407 334 188 100 202 87 36 26 105 118 293 38 61
leaf_count=67 33 407 334 188 100 202 87 36 26 105 118 293 38 61
internal_value=7.61207e-06 -0.0127631 0.0296988 0.00730221 -0.0443405 -0.0722923 0.0459415 0.186517 0.0250101 -0.0216456 0.0531505 0.0706852 0.0905251 -0.104412
internal_weight=2095 1387 591 522 796 609 187 69 708 351 185 357 331 166
internal_count=2095 1387 591 522 796 609 187 69 708 351 185 357 331 166
is_linear=0
shrinkage=0.05


Tree=162
num_leaves=12
num_cat=0
split_feature=76 69 103 115 115 63 89 47 50 60 23
split_gain=272.777 661.102 871.368 549.101 462.801 511.702 468.334 505.458 396.808 303.65 282.768
threshold=-0.20393518518518522 -0.24588166425625482 -0.22798984480046086 0.045686767520568376 0.069213963883775223 -0.16666666666666663 -23.833333333333325 -5.3333333333333313 0.38336656664808599 -0.41464285714285698 -0.024298941798941816
decision_type=8 10 10 10 10 8 8 8 10 10 10
left_child=1 -1 8 -4 6 -6 10 -8 -3 -7 -2
right_child=4 2 3 -5 5 9 7 -9 -10 -11 -12
leaf_value=-0.24696143320628577 0.0051360062227166934 0.035052747632327838 -0.103610424803836 0.086793122378488394 -0.27746091665966172 -0.15548779933617032 0.07309140580881765 0.0047581077963391796 0.26895643373330436 0.043310437691316275 -0.21467903527830329
leaf_weight=30 24 52 184 43 23 24 340 1268 25 52 30
leaf_count=30 24 52 184 43 23 24 340 1268 25 52 30
internal_value=7.43697e-05 -0.040983 -0.0168272 -0.0662341 0.00798382 -0.0943207 0.0143724 0.0194195 0.123374 -0.0245735 -0.12398
internal_weight=2095 334 304 227 1761 99 1662 1608 77 76 54
internal_count=2095 334 304 227 1761 99 1662 1608 77 76 54
is_linear=0
shrinkage=0.05


Tree=163
num_leaves=10
num_cat=0
split_feature=20 32 5 96 55 88 103 114 33
split_gain=273.562 454.319 372.101 799.553 816.654 752.277 542.005 785.085 703.504
threshold=5.4578453987475237 0.25006575447817653 1.3439182777600855 -0.096473047509789453 -0.060086133657023311 0.38475605426356202 0.22580400764764777 54.250000000000007 9.5000000000000018
decision_type=10 8 10 10 10 10 10 8 2
left_child=2 -2 6 4 -4 -5 8 -8 -1
right_child=1 -3 3 5 -6 -7 7 -9 -10
leaf_value=-0.0024487991610864872 -0.20140809574868623 0.073815675139427189 0.10733510510079446 0.14969983830195951 -0.11934691632287231 -0.084975943523784014 -0.10360954916658545 0.19314850819110874 0.17532495835731771
leaf_weight=1362 36 20 58 183 103 38 222 20 53
leaf_count=1362 36 20 58 183 103 38 222 20 53
internal_value=1.4568e-05 -0.104301 0.00315212 0.0473185 -0.0366106 0.10814 -0.0071115 -0.0754682 0.00476855
internal_weight=2095 56 2039 382 161 221 1657 242 1415
internal_count=2095 56 2039 382 161 221 1657 242 1415
is_linear=0
shrinkage=0.05


end of trees

feature_importances:
diff_opening_spread=95
diff_wr_weighted_yac_oe_roll3=37
diff_off_sack_rate_roll6=32
diff_skill_injury_impact_roll3=32
diff_rb_weighted_epa_std=30
diff_def_explosive_rush_rate_roll3=27
travel_miles_away=26
diff_def_penalty_yards_drawn_roll6=26
diff_rb_time_to_los_roll6=26
diff_away_def_epa_roll6=25
diff_off_three_and_out_rate_roll6=25
diff_ko_return_avg_std=25
diff_fg_pct_long_std=24
diff_off_explosive_pass_rate_roll3=24
diff_opp_fumble_recovery_rate_std_std=23
diff_punt_return_avg_roll3=22
diff_leading_off_epa_std=22
ats_margin_avg3_away=22
diff_off_penalties_std=21
diff_def_injury_impact_std=21
diff_opp_fumble_recovery_rate_std=21
diff_travel_miles=21
diff_off_rz_success_rate_roll3=20
diff_off_success_rate_roll6=19
diff_def_penalty_yards_std=18
diff_def_rz_epa_roll3=18
diff_leading_def_epa_std=18
diff_punt_return_avg_std=18
diff_def_explosive_rush_rate_std=18
diff_def_three_and_out_rate_std=18
diff_own_fumble_recovery_rate_std=18
temperature_away=18
diff_home_def_epa_roll6=18
diff_off_sack_rate_roll3=17
diff_nondiv_def_epa_roll3=17
diff_def_third_down_rate_roll3=17
diff_wr_weighted_separation_roll3=17
diff_win_pct=17
diff_def_rz_success_rate_roll3=17
diff_rb_weighted_epa_roll3=16
diff_fg_att_roll6=16
diff_away_off_epa_roll6=16
diff_off_cpoe_roll6=15
diff_adj_off_epa_std=15
diff_wr_te_weighted_epa_roll3=15
diff_off_penalty_yards_roll3=15
diff_leading_off_epa_roll3=15
diff_div_def_epa_roll6=14
diff_skill_target_share_hhi_roll6=14
diff_pace_roll3=14
diff_off_rush_epa_roll3=14
diff_div_def_epa_std=14
diff_own_fumble_recovery_rate_std_roll3=14
diff_off_sos_score_std=14
diff_off_top_seconds_roll3=14
diff_leading_def_epa_roll6=14
diff_fg_pct_roll3=14
diff_home_def_epa_roll3=14
diff_off_cpoe_roll3=14
diff_ko_return_avg_roll3=14
diff_away_off_epa_roll3=14
diff_leading_off_epa_roll6=13
diff_qb_pressure_rate_roll3=13
diff_off_rz_epa_roll3=13
diff_off_third_down_rate_roll3=13
diff_off_rz_td_rate_roll3=13
diff_trailing_off_epa_std=13
diff_qb_pressure_rate_std=12
diff_off_rz_success_rate_std=12
diff_fourth_down_success_rate_std=12
losses_away=12
diff_off_avg_drive_plays_std=12
diff_off_third_down_rate_std=12
diff_off_explosive_rush_rate_roll6=12
opening_total_away=12
diff_trailing_off_epa_roll6=12
diff_skill_injury_impact_std=11
diff_nondiv_off_epa_roll6=11
diff_ko_touchback_rate_roll6=11
diff_def_explosive_pass_rate_roll3=11
diff_off_avg_drive_plays_roll3=11
diff_leading_def_epa_roll3=11
diff_def_sack_rate_roll6=11
diff_fourth_down_success_rate_roll6=11
diff_wr_weighted_separation_roll6=11
diff_rb_weighted_ryoe_roll3=10
diff_off_avg_drive_yards_std=10
diff_def_rz_pass_rate_roll6=10
diff_proe_roll3=10
diff_off_explosive_rush_rate_roll3=10
win_pct_home=10
diff_wins=9
diff_nondiv_off_epa_roll3=9
diff_off_explosive_pass_rate_std=9
diff_off_pass_epa_roll6=9
win_streak_away=9
diff_def_success_rate_roll3=9
diff_off_epa_per_play_std=8
diff_def_penalties_drawn_roll3=8
diff_def_rz_td_rate_roll6=8
diff_early_down_run_rate_roll6=8
diff_def_three_and_out_rate_roll3=8
diff_off_success_rate_roll3=7
wins_home=7
diff_off_penalties_drawn_std=7
diff_def_third_down_rate_roll6=7
diff_def_sos_score_std=7
ats_cover_sum3_away=7
win_pct_away=7
diff_def_epa_per_play_roll3=7
diff_wr_weighted_yac_oe_roll6=6
diff_def_epa_per_play_roll6=5
diff_qb_dakota_roll6=5
diff_def_avg_drive_yards_roll6=5
wind_speed_home=5
diff_adj_def_epa_std=4
diff_def_sack_rate_roll3=3
coaching_tenure_home=3
diff_wr_te_weighted_epa_std=2
diff_win_streak=1

parameters:
[boosting: gbdt]
[objective: regression]
[metric: l2]
[tree_learner: serial]
[device_type: cpu]
[data_sample_strategy: bagging]
[data: ]
[valid: ]
[num_iterations: 500]
[learning_rate: 0.05]
[num_leaves: 31]
[num_threads: 16]
[seed: 42]
[deterministic: 0]
[force_col_wise: 1]
[force_row_wise: 0]
[histogram_pool_size: -1]
[max_depth: 4]
[min_data_in_leaf: 20]
[min_sum_hessian_in_leaf: 0.001]
[bagging_fraction: 0.8]
[pos_bagging_fraction: 1]
[neg_bagging_fraction: 1]
[bagging_freq: 0]
[bagging_seed: 400]
[bagging_by_query: 0]
[feature_fraction: 0.7]
[feature_fraction_bynode: 1]
[feature_fraction_seed: 30056]
[extra_trees: 0]
[extra_seed: 12879]
[early_stopping_round: 0]
[early_stopping_min_delta: 0]
[first_metric_only: 0]
[max_delta_step: 0]
[lambda_l1: 1]
[lambda_l2: 5]
[linear_lambda: 0]
[min_gain_to_split: 0]
[drop_rate: 0.1]
[max_drop: 50]
[skip_drop: 0.5]
[xgboost_dart_mode: 0]
[uniform_drop: 0]
[drop_seed: 17869]
[top_rate: 0.2]
[other_rate: 0.1]
[min_data_per_group: 100]
[max_cat_threshold: 32]
[cat_l2: 10]
[cat_smooth: 10]
[max_cat_to_onehot: 4]
[top_k: 20]
[monotone_constraints: ]
[monotone_constraints_method: basic]
[monotone_penalty: 0]
[feature_contri: ]
[forcedsplits_filename: ]
[refit_decay_rate: 0.9]
[cegb_tradeoff: 1]
[cegb_penalty_split: 0]
[cegb_penalty_feature_lazy: ]
[cegb_penalty_feature_coupled: ]
[path_smooth: 0]
[interaction_constraints: ]
[verbosity: -1]
[saved_feature_importance_type: 0]
[use_quantized_grad: 0]
[num_grad_quant_bins: 4]
[quant_train_renew_leaf: 0]
[stochastic_rounding: 1]
[linear_tree: 0]
[max_bin: 255]
[max_bin_by_feature: ]
[min_data_in_bin: 3]
[bin_construct_sample_cnt: 200000]
[data_random_seed: 175]
[is_enable_sparse: 1]
[enable_bundle: 1]
[use_missing: 1]
[zero_as_missing: 0]
[feature_pre_filter: 1]
[pre_partition: 0]
[two_round: 0]
[header: 0]
[label_column: ]
[weight_column: ]
[group_column: ]
[ignore_column: ]
[categorical_feature: ]
[forcedbins_filename: ]
[precise_float_parser: 0]
[parser_config_file: ]
[objective_seed: 16083]
[num_class: 1]
[is_unbalance: 0]
[scale_pos_weight: 1]
[sigmoid: 1]
[boost_from_average: 1]
[reg_sqrt: 0]
[alpha: 0.9]
[fair_c: 1]
[poisson_max_delta_step: 0.7]
[tweedie_variance_power: 1.5]
[lambdarank_truncation_level: 30]
[lambdarank_norm: 1]
[label_gain: ]
[lambdarank_position_bias_regularization: 0]
[eval_at: ]
[multi_error_top_k: 1]
[auc_mu_weights: ]
[num_machines: 1]
[local_listen_port: 12400]
[time_out: 120]
[machine_list_filename: ]
[machines: ]
[gpu_platform_id: -1]
[gpu_device_id: -1]
[gpu_use_dp: 0]
[num_gpu: 1]

end of parameters

pandas_categorical:[]
