tree
version=v4
num_class=1
num_tree_per_iteration=1
label_index=0
max_feature_idx=119
objective=regression
feature_names=diff_opening_spread diff_off_success_rate_std diff_off_sack_rate_roll6 diff_off_penalties_std diff_def_penalty_yards_std diff_off_cpoe_roll6 diff_off_three_and_out_rate_std diff_fourth_down_success_rate_roll6 diff_skill_injury_impact_roll6 wins_home diff_ko_touchback_rate_std diff_adj_def_epa_std diff_ep_team_fp_over_expected_roll3 win_streak_away diff_ep_team_opportunity_hhi_std diff_off_third_down_rate_roll3 diff_def_penalty_yards_drawn_roll6 diff_ep_team_exp_fp_total_std diff_nondiv_def_epa_roll3 diff_leading_off_epa_std diff_div_def_epa_roll6 travel_miles_away diff_fourth_down_success_rate_std coaching_tenure_home diff_ep_team_td_over_expected_std diff_rb_weighted_epa_std diff_away_def_epa_roll6 diff_wins diff_off_success_rate_roll3 diff_off_epa_per_play_roll6 diff_rb_weighted_epa_roll3 diff_off_rush_epa_roll3 diff_off_drives_per_game_std diff_def_penalties_std diff_leading_off_epa_roll6 diff_def_rz_pass_rate_std diff_punt_return_avg_roll3 diff_leading_off_epa_roll3 diff_def_rz_epa_roll6 diff_ep_team_rush_share_hhi_roll6 diff_def_rz_epa_roll3 diff_off_rz_success_rate_roll6 diff_leading_def_epa_std diff_own_fumble_recovery_rate_std_roll3 diff_off_penalties_drawn_std losses_away diff_opp_fumble_recovery_rate_std_roll3 diff_off_explosive_pass_rate_roll3 diff_off_top_seconds_std diff_pace_roll3 diff_def_avg_drive_plays_roll3 diff_off_top_seconds_roll3 diff_def_explosive_rush_rate_std diff_adj_def_epa_roll3 diff_ep_team_opportunity_hhi_roll3 win_pct_home diff_win_streak diff_travel_miles diff_off_explosive_pass_rate_roll6 diff_fg_pct_roll6 diff_def_third_down_rate_roll3 diff_def_sack_rate_roll3 diff_def_injury_impact_roll3 diff_off_third_down_rate_std diff_nondiv_off_epa_std diff_home_def_epa_std diff_wr_te_weighted_epa_std diff_def_injury_impact_std diff_away_off_epa_roll3 diff_def_sack_rate_std diff_trailing_def_epa_std diff_win_pct diff_off_explosive_rush_rate_roll6 temperature_home diff_fg_pct_50plus_roll6 diff_div_off_epa_std ats_margin_avg3_away diff_off_rz_success_rate_roll3 diff_def_rz_td_rate_roll6 diff_off_sack_rate_roll3 diff_ep_team_exp_pass_fp_roll6 diff_skill_injury_impact_roll3 diff_adj_off_epa_std diff_qb_passing_epa_roll3 opening_total_home diff_def_rz_td_rate_roll3 diff_ko_return_avg_std diff_wr_te_weighted_epa_roll3 ref_penalties_per_game_away diff_home_off_epa_roll3 ats_cover_sum3_home diff_away_def_epa_roll3 diff_def_three_and_out_rate_std diff_fourth_down_go_rate_roll6 diff_def_explosive_pass_rate_roll3 diff_off_rz_pass_rate_roll3 diff_ep_team_fp_over_expected_roll6 diff_proe_roll6 diff_def_third_down_rate_roll6 diff_off_explosive_rush_rate_roll3 diff_ep_team_td_over_expected_roll3 diff_def_top_seconds_roll6 diff_off_penalty_yards_drawn_std diff_off_avg_drive_yards_std diff_trailing_off_epa_std diff_fg_pct_long_std diff_off_rz_trips_roll6 win_streak_home diff_nondiv_def_epa_std diff_ko_return_avg_roll6 wind_speed_away diff_opp_fumble_recovery_rate_std diff_off_drives_per_game_roll3 diff_fourth_down_go_rate_roll3 diff_fg_pct_short_roll3 diff_off_rz_epa_roll6 diff_pace_roll6 diff_nondiv_def_epa_roll6 diff_off_sos_score_std diff_def_penalty_yards_drawn_roll3
feature_infos=[-33:43] [-0.38152013719081879:0.27322402596473694] [-0.16287340596318245:0.14610389992594719] [-7:6] [-94:80] [-30.688534736633301:38.514461517333984] [-0.4116161616161616:0.57575757575757569] [-1:1] [-2.4974933153018357:2.3574074074074076] [0:14] [-1:1] [-0.71541596949100494:0.88652980327606201] [-48.970221842615011:83.150792736035314] [-15:11] [-0.17619319829655258:0.19135802469135804] [-0.44230771064758301:0.62727269530296326] [-69:77] [-64.766182243138971:49.873635669234446] [-0.73443540185689926:0.88652980327606201] [-4.8015694357454777:5.439639899879694] [-0.86481103301048279:0.78134894371032715] [0:5266.8000000000002] [-1:1] [1:17] [-8.0338560680975206:7.4815436458447948] [-7.6779916545954237:10.559087289124728] [-0.76172319302956271:0.81195994466543198] [-11:12] [-0.38152013719081879:0.27322402596473694] [-0.89615999162197113:0.84700344502925873] [-8.528332817309348:10.559087289124728] [-0.67900723963975906:1.0113861858844757] [-8:7] [-5:7] [-8.3892935514450073:5.439639899879694] [-0.8333333283662796:0.90909093618392944] [-26.999999523162842:45.416667938232422] [-8.9221019198497142:8.8304748088121414] [-2.2391043901443481:2.4243320624033609] [-0.53678484626364731:0.55525462238716661] [-2.8487167047957578:2.7074642988542714] [-0.73333331942558289:0.84615384042263031] [-5.3859257698059082:5.3745922148227692] [-1:1] [-7:8] [0:15] [-1:1] [-0.18837018837018837:0.2857142857142857] [-984:879] [-34:32] [-3.833333333333333:3.2272727272727275] [-1114.3333333333333:879] [-0.2424242424242424:0.20042417815482502] [-0.71541596949100494:0.88652980327606201] [-0.26328430534456615:0.19135802469135804] [0:1] [-17:16] [-2719.8000000000002:1992.7000000000003] [-0.18837018837018837:0.2857142857142857] [-1:1] [-0.57142859697341919:0.56666663289070129] [-0.16011972352862358:0.1666666716337204] [-4.1500000000000004:3.7666666666666666] [-0.44230771064758301:0.62727269530296326] [-0.66089094678560889:0.75189545750617981] [-0.80247220396995544:0.88652980327606201] [-12.31318187713623:12.183483719825745] [-4.1500000000000004:3] [-0.95676788687705994:0.98236359283328056] [-0.14705882966518402:0.1666666716337204] [-1.6924982778728008:1.6416833959519863] [-1:1] [-0.23076923076923078:0.2533333333333333] [1:97] [-1:1] [-0.75205850601196289:1.0891301482915878] [-38:39] [-0.73333331942558289:0.84615384042263031] [-1:1] [-0.1803727789471547:0.16151407609383264] [-19.40416449147984:16.790818302262217] [-2.9489422087868058:2.8925925925374032] [-0.89615999162197113:0.75189545750617981] [-39.962821960449219:40.751319885253906] [10.5:63.5] [-1:1] [-48.5:47.125] [-12.31318187713623:12.183483719825745] [4:26] [-0.98565264667073882:1.1111797392368317] [0:3] [-0.74047915264964104:0.81195994466543198] [-0.46153846153846156:0.40909090909090906] [-0.44444444444444442:0.80000000000000004] [-0.20532719313207118:0.21875] [-0.82575758049885428:0.8333333283662796] [-46.876729440978828:83.150792736035314] [-0.32302161097758625:0.34008444829653667] [-0.57142859697341919:0.56666663289070129] [-0.23076923076923078:0.2533333333333333] [-8.0338560680975206:7.4815436458447948] [-1170:1190] [-77:94] [-39.345456123352051:36.8675217628479] [-1.9594758795574307:2.1133341491222382] [-1:1] [-6:5] [-14:11] [-0.65543012320995331:0.88652980327606201] [-48.5:47.125] [0:71] [-1:1] [-8:7] [-0.51666666666666672:0.80000000000000004] [-1:1] [-3.2184919714927673:2.1583511233329773] [-34:32] [-0.65543012320995331:0.88652980327606201] [-0.73939523100852966:0.81203330308198929] [-69:77]
tree_sizes=1367 1502 1407 1335 1438 1413 1409 1523 1496 1427 1434 1514 1434 1269 1443 1511 1181 1353 1509 1430 1526 1515 1496 1426 1527 1433 1522 1272 1427 1352 1351 1439 1517 1186 1343 1185 1354 1178 1343 1530 929 1356 1267 1441 931 1443 677 1364 1174 1268 679 1191 1270 932 926 763 1265 847 1513 1356 920 684 930 755 1436 922 925 592 1095 924 1189 811 766 921 1022 931 683 933 590 994 1346 1095 836 839 1357 1442 761 920 1346 909 755 1093 1015

Tree=0
num_leaves=15
num_cat=0
split_feature=0 0 0 85 1 38 49 48 30 28 48 39 5 43
split_gain=49490.6 9129.8 7775.18 2819.66 2616.11 2572.48 2501.31 2065.94 1973.49 1631.01 1539.66 1418.93 1207.76 1198.11
threshold=5.5000000000000009 -8.4999999999999982 16.500000000000004 0.27222222222222231 -0.018130722500029058 0.28735823649913078 5.583333333333333 40.719230769230656 -0.97486253065004969 0.042181059718132026 15.916666666666631 -0.054018657326930335 -1.0818193902572 -0.062251984126984176
decision_type=10 8 10 10 10 10 10 8 8 10 8 10 10 10
left_child=1 7 4 9 10 8 -6 12 -4 -3 -2 -5 -1 -9
right_child=2 3 5 11 6 -7 -8 13 -10 -11 -12 -13 -14 -15
leaf_value=1.081015292245773 1.5590714335813769 1.4836311366683275 1.9189489637728769 2.008363700905337 1.9963570092370322 1.7693854425630593 1.7451395015873195 1.3358419527889911 2.3155028447783295 1.7319255258040636 1.8182245945367006 1.6605291914350415 1.4099164688317032 1.7521926253769038
leaf_weight=167 81 576 47 36 377 35 137 40 183 73 167 99 51 26
leaf_count=167 81 576 47 36 377 35 137 40 183 73 167 99 51 26
internal_value=1.70263 1.46486 1.94983 1.55466 1.86668 2.18129 1.93055 1.22398 2.24101 1.51165 1.73222 1.76053 1.14945 1.4925
internal_weight=2095 1068 1027 784 762 265 514 284 230 649 248 135 218 66
internal_count=2095 1068 1027 784 762 265 514 284 230 649 248 135 218 66
is_linear=0
shrinkage=1


Tree=1
num_leaves=16
num_cat=0
split_feature=0 0 0 105 28 21 76 48 29 48 108 118 67 64 30
split_gain=44776.5 8297.55 7051.93 2572.29 2501.98 2588.59 2343.59 2126.72 2051.61 1861.01 1638.31 1448.76 1350.99 1102.64 1044.69
threshold=5.5000000000000009 -8.4999999999999982 16.500000000000004 0.037698412698412738 0.042181059718132026 1849.7500000000002 -8.2083333333333304 -237.00416666666658 0.086969127102444588 40.719230769230656 0.22043434579179372 -0.084065578764097551 0.32658279220779235 -0.17689292404268467 2.967926724555308
decision_type=10 8 10 8 10 10 10 8 10 8 8 10 10 10 10
left_child=1 9 6 8 5 -3 12 -8 -4 10 -1 -6 -2 -11 -5
right_child=2 4 3 14 11 -7 7 -9 -10 13 -12 -13 -14 -15 -16
leaf_value=-0.59076085808160517 -0.085576919212385472 -0.13410647244990481 -0.037063488438725471 0.69819698253503215 -0.20537427627679072 -0.41297015145421034 -0.15403561677567934 0.22510637739282069 0.39673352966751529 -0.36469120406323957 -0.19708558171987534 0.18618798390907401 0.25542883427901747 0.029926346636870327 0.26822796203196048
leaf_weight=179 130 581 35 99 28 95 36 564 104 37 39 80 32 29 27
leaf_count=179 130 581 35 99 28 95 36 564 104 37 39 80 32 29 27
internal_value=0 -0.226147 0.23515 0.455582 -0.140538 -0.176114 0.155956 0.20119 0.289663 -0.455783 -0.526555 0.0796339 -0.0122875 -0.200698 0.620197
internal_weight=2095 1068 1027 265 784 676 762 600 139 284 218 108 162 66 126
internal_count=2095 1068 1027 265 784 676 762 600 139 284 218 108 162 66 126
is_linear=0
shrinkage=0.05


Tree=2
num_leaves=15
num_cat=0
split_feature=0 0 0 85 105 3 67 91 75 48 21 108 77 84
split_gain=40555.2 7528.21 6416.51 2512.7 2340.18 2282.59 2350.41 2126.79 2093.43 1673.68 1647.22 1472.44 1145.55 894.113
threshold=5.5000000000000009 -8.4999999999999982 16.500000000000004 0.27222222222222231 0.037698412698412738 -2.0499999999999994 -0.49285714285714294 0.04432888142764569 0.12269005640409889 40.719230769230656 1849.7500000000002 0.22043434579179372 -0.013278386245171218 42.250000000000007
decision_type=10 8 10 10 8 8 10 10 10 8 10 8 8 10
left_child=1 9 5 10 8 -2 -7 -5 -4 11 -3 -1 -11 -6
right_child=2 3 4 7 13 6 -8 -9 -10 12 -12 -13 -14 -15
leaf_value=-0.56202549408797331 -0.27646778139375872 -0.13920960033149751 0.088128345027381996 0.23641368238589702 0.25432621798207683 0.043144368724827485 0.23081036853545811 -0.14810109565507121 0.47830685245640137 0.08859822639712582 -0.36587261390321113 -0.18835110813379288 -0.32776328853654624 0.66184270646068322
leaf_weight=179 26 556 76 73 26 261 475 62 63 22 93 39 44 100
leaf_count=179 26 556 76 73 26 261 475 62 63 22 93 39 44 100
internal_value=0 -0.21524 0.223775 -0.133694 0.43404 0.148233 0.165068 0.0604821 0.275787 -0.433974 -0.174315 -0.501122 -0.191806 0.59105
internal_weight=2095 1068 1027 784 265 762 736 135 139 284 649 218 66 126
internal_count=2095 1068 1027 784 265 762 736 135 139 284 649 218 66 126
is_linear=0
shrinkage=0.05


Tree=3
num_leaves=14
num_cat=0
split_feature=1 27 17 27 84 21 1 91 63 10 65 53 82
split_gain=19838.5 10893 3473.26 3384.74 2601.56 2491.92 2021.23 1908.9 1833 1294.03 850.061 845.589 699.106
threshold=-0.018642493585745486 1.0000000180025095e-35 21.825244577805233 -3.4999999999999996 37.250000000000007 2262.1500000000005 0.043794956200179598 -0.054184134700335555 -0.0226866238835183 -0.12264069264069259 -0.023527408850246238 0.035056596000989294 -0.063519499264657484
decision_type=8 2 10 2 10 10 10 8 10 10 10 10 10
left_child=3 6 4 10 -3 8 7 -2 -5 -8 -1 -4 -12
right_child=1 2 11 5 -6 -7 9 -9 -10 -11 12 -13 -14
leaf_value=-0.14665988504886626 0.10236064248773105 -0.1306139647960663 0.77195702351629736 -0.19462436322000795 0.24874273819023865 -0.54062549871642418 -0.078888778723016084 -0.110850653655891 0.00038463267942910996 0.23484651598113554 -0.19791370718567461 0.27711737335280134 -0.58578627643788728
leaf_weight=25 131 46 35 369 547 36 44 461 177 103 22 22 77
leaf_count=25 131 46 35 369 547 36 44 461 177 103 22 22 77
internal_value=0 0.109625 0.258099 -0.214927 0.218386 -0.161644 -0.0217574 -0.0631246 -0.131887 0.141104 -0.448666 0.619523 -0.513732
internal_weight=2095 1389 650 706 593 582 739 592 546 147 124 57 99
internal_count=2095 1389 650 706 593 582 739 592 546 147 124 57 99
is_linear=0
shrinkage=0.05


Tree=4
num_leaves=15
num_cat=0
split_feature=1 71 48 118 37 6 67 25 2 1 18 16 40 12
split_gain=18001.2 9535.94 3645.11 3019.41 2918.45 3182.57 2350.12 2288.48 1896.71 1862.57 1710.87 1625.13 1551.99 1045.43
threshold=-0.018642493585745486 1.0000000180025095e-35 144.87500000000003 -0.1331496715623264 -0.15135068446397779 0.037241785991785993 -0.59791666666666654 1.3928402705987137 -0.0040262993425130835 0.057503092288970943 -0.087483854731544838 9.4166666666666696 0.11369997014602025 -10.519563144136407
decision_type=8 2 10 8 8 10 10 10 10 10 8 10 10 10
left_child=2 7 3 6 8 -6 -1 10 -3 -9 -2 -5 13 -4
right_child=1 4 12 11 5 -7 -8 9 -10 -11 -12 -13 -14 -15
leaf_value=-0.058487773375077684 0.13421866514388173 0.20792677847402438 0.20880378140853001 -0.088047111301449238 0.33240764621518737 -0.043997404057143343 -0.44639291561118538 0.025515033702476549 -0.16016817398901498 0.38892146538083372 -0.10730516573468647 -0.33999882632498307 0.39141092340151473 -0.19150342878631571
leaf_weight=50 82 65 21 278 481 62 212 113 65 47 474 81 25 39
leaf_count=50 82 65 21 278 481 62 212 113 65 47 474 81 25 39
internal_value=-1.82451e-05 0.104382 -0.204777 -0.246632 0.238784 0.289329 -0.375034 -0.0226594 0.0243934 0.141119 -0.0707168 -0.148921 0.0971675 -0.0453423
internal_weight=2095 1389 706 621 673 543 262 716 130 160 556 359 85 60
internal_count=2095 1389 706 621 673 543 262 716 130 160 556 359 85 60
is_linear=0
shrinkage=0.05


Tree=5
num_leaves=15
num_cat=0
split_feature=0 0 0 79 15 29 36 17 76 21 17 19 24 66
split_gain=32660.2 6211.21 5365.27 2219.55 2033.84 2879.39 1990.82 2054.02 1995.48 1949.91 1486.4 1569.38 1271.4 781.01
threshold=5.5000000000000009 -6.4999999999999991 12.500000000000002 -0.052779662733276674 0.0089760720729827621 0.11065141616078715 -1.2444445192813871 6.5805056403717623 -6.208333333333333 1849.7500000000002 9.1935550866632045 -0.6977451667189597 1.3233141718839763 0.44352623430036348
decision_type=10 8 10 8 8 8 8 10 10 10 10 8 10 10
left_child=1 10 6 13 12 -6 7 -2 -8 -5 11 -1 -4 -3
right_child=2 3 4 9 5 -7 8 -9 -10 -11 -12 -13 -14 -15
leaf_value=-0.73910103997876575 -0.18994113090887388 0.016609231472918481 0.50982553522501683 -0.085846287654397696 0.019538614695567058 0.33873944307148196 -0.025701508748787062 0.18710926851935009 0.22271557538889541 -0.32573314757601729 0.046823544456408572 -0.33520247265855729 0.065015690684318547 0.39860881511811863
leaf_weight=26 101 28 149 527 104 222 113 50 268 98 21 346 20 22
leaf_count=26 101 28 149 527 104 222 113 50 268 98 21 346 20 22
internal_value=0 -0.19316 0.200812 -0.0997944 0.318624 0.238893 0.0891542 -0.062774 0.14953 -0.125827 -0.350128 -0.372993 0.460854 0.206555
internal_weight=2095 1068 1027 675 495 326 532 151 381 625 393 372 169 50
internal_count=2095 1068 1027 675 495 326 532 151 381 625 393 372 169 50
is_linear=0
shrinkage=0.05


Tree=6
num_leaves=15
num_cat=0
split_feature=0 0 0 103 85 36 0 9 22 91 6 30 12 70
split_gain=29577 6631.07 4432.91 2484.67 2357.48 2204.35 2129.36 1955.44 1816.9 1790.29 1569 1498.82 1314.32 1278.77
threshold=2.5000000000000004 11.500000000000002 -8.4999999999999982 8.5365079243977888 0.28452380952380968 -1.2444445192813871 20.500000000000004 3.5000000000000004 -0.12499999813735484 0.057004859903827317 -0.069555167055167025 0.82571454029689406 1.4321831394010569 0.21843871841957047
decision_type=10 10 8 10 10 8 10 2 8 10 10 10 10 10
left_child=2 5 10 6 8 11 -3 -7 -4 -6 -1 -2 -12 -5
right_child=1 3 4 13 9 7 -8 -9 -10 -11 12 -13 -14 -15
leaf_value=-0.064026889308940543 -0.20737040168152446 0.17019228855290025 -0.31579148984629901 0.54923908708519054 0.25363962399581125 0.010444037401575153 0.46168844007001619 0.2204457067854183 -0.11436991855182532 -0.13955756061606936 -0.50326211962121481 0.085887360376202398 -0.23312579252939117 0.10235759847693973
leaf_weight=38 108 349 164 109 58 231 76 210 368 49 164 67 82 22
leaf_count=38 108 349 164 109 58 231 76 210 368 49 164 67 82 22
internal_value=0 0.166426 -0.211069 0.290859 -0.13608 0.0525953 0.227197 0.111907 -0.178918 0.0749392 -0.374347 -0.0955498 -0.419854 0.48108
internal_weight=2095 1172 923 556 639 616 425 441 532 107 284 175 246 131
internal_count=2095 1172 923 556 639 616 425 441 532 107 284 175 246 131
is_linear=0
shrinkage=0.05


Tree=7
num_leaves=16
num_cat=0
split_feature=1 71 48 103 117 118 52 115 12 111 104 30 14 109 92
split_gain=13835.6 7105.47 3011.57 3004.04 3007.38 2391.88 2192.07 1771.05 1555.26 1484.88 1465.55 1447.73 1263.78 788.068 741.301
threshold=-0.018642493585745486 1.0000000180025095e-35 144.87500000000003 3.5173670223781053 -0.0060855413554236288 -0.1331496715623264 0.0060763511324572203 0.57712281122803699 -9.8018947289462481 0.1647126022126022 -0.066519785432943263 -2.6370514011071613 0.0053989411069716728 1.8035714626312258 0.090084835799121563
decision_type=8 2 10 10 8 8 10 10 8 8 8 10 10 8 10
left_child=2 7 5 8 -5 6 -1 10 -3 12 -2 -7 -4 -9 -11
right_child=1 3 9 4 -6 11 -8 13 -10 14 -12 -13 -14 -15 -16
leaf_value=-0.18064960114524833 0.08040891736253071 -0.15279211384328928 0.50259684545121031 0.43745034665908272 0.14283784894316004 0.059639109082428025 -0.47913270010189574 0.46428516896871425 0.14040343314165091 -0.30136944651603703 -0.083291911109230454 -0.181972793090002 -0.006652236443299514 0.034446525931358336 0.08495606413254371
leaf_weight=135 184 50 23 194 167 76 127 21 262 20 491 283 21 20 21
leaf_count=135 184 50 23 194 167 76 127 21 262 20 491 283 21 20 21
internal_value=1.5463e-05 0.0915868 -0.179451 0.207603 0.305111 -0.217514 -0.331784 -0.0180762 0.0915904 0.0947153 -0.0383316 -0.13057 0.282648 0.28223 -0.114682
internal_weight=2095 1389 706 673 361 621 262 716 312 85 675 359 44 41 41
internal_count=2095 1389 706 673 361 621 262 716 312 85 675 359 44 41 41
is_linear=0
shrinkage=0.05


Tree=8
num_leaves=16
num_cat=0
split_feature=0 0 0 85 0 36 48 108 15 87 111 119 99 86 115
split_gain=25506.1 4902.75 4199 2025.35 1763.51 2188.06 1718.82 1628.75 1500.93 1393.29 1304.83 1285.89 1211.27 1095.22 839.046
threshold=5.5000000000000009 -7.4999999999999991 20.500000000000004 0.27222222222222231 11.500000000000002 -1.6666666766007741 40.719230769230656 0.22043434579179372 0.037632646660010018 3.0742039048733814 -0.31900793650793641 -2.6666666666666665 0.015357941449160551 1.7500002384185793 -0.07263157206277053
decision_type=10 8 10 10 10 8 8 8 10 10 8 10 10 10 8
left_child=1 6 4 10 5 -2 7 -1 13 -6 -3 -5 -10 -4 -8
right_child=2 3 8 11 9 -7 14 -9 12 -11 -12 -13 -14 -15 -16
leaf_value=-0.45617384212453244 -0.12335926410944567 -0.34365625038095149 0.82585981573377332 0.24655569491367185 0.16433828601248338 0.12703105466175682 0.11291205430852956 -0.101960668573156 0.08054789504328487 0.41131899113187925 -0.10956047682101538 -0.062304496640960376 0.44522196952826704 0.26578130492797264 -0.2214474842409816
leaf_weight=201 110 64 30 57 343 361 24 43 46 69 557 70 47 21 52
leaf_count=201 110 64 30 57 343 361 24 43 46 69 557 70 47 21 52
internal_value=8.26848e-05 -0.170583 0.177577 -0.0992319 0.135118 0.0677669 -0.33312 -0.397253 0.424328 0.210257 -0.136318 0.0800274 0.278668 0.640454 -0.114791
internal_weight=2095 1068 1027 748 883 471 320 244 144 412 621 127 93 51 76
internal_count=2095 1068 1027 748 883 471 320 244 144 412 621 127 93 51 76
is_linear=0
shrinkage=0.05


Tree=9
num_leaves=15
num_cat=0
split_feature=0 0 0 17 16 25 14 57 36 86 30 6 79 85
split_gain=23220.7 5079.33 3443.32 2316.44 2038.78 2368.15 1998.62 1894.2 1837.6 1885.17 1337.75 1292.29 1520.79 843.05
threshold=2.5000000000000004 11.500000000000002 -8.4999999999999982 23.528995590026661 8.0000000000000036 -0.1503685996652333 0.049969719840947939 -826.44999999999993 -1.2444445192813871 -2.8493056138356532 0.82571454029689406 -0.069555167055167025 0.059425053497155517 0.19444444444444448
decision_type=10 10 8 10 8 10 10 8 8 8 10 10 10 10
left_child=2 8 11 6 5 -4 -3 -6 10 -10 -2 -1 -13 -5
right_child=1 3 4 13 7 -7 -8 -9 9 -11 -12 12 -14 -15
leaf_value=-0.050198566705681562 -0.1928907395266326 0.25142979390323811 -0.16472898711008854 0.72490782522492947 -0.42755112698238884 0.063064249427545641 -0.082528194326620841 -0.10547408849137639 0.27787345692253951 0.041121717086421102 0.084045309964050019 -0.42748953584563792 -0.084399704508324902 0.22792672338336706
leaf_weight=38 108 458 246 31 84 205 47 104 109 332 67 204 42 20
leaf_count=38 108 458 246 31 84 205 47 104 109 332 67 204 42 20
internal_value=0.000229873 0.147711 -0.18677 0.256623 -0.120656 -0.0615208 0.219746 -0.256988 0.0480519 0.10221 -0.0871966 -0.330694 -0.371961 0.568658
internal_weight=2095 1172 923 556 639 451 505 188 616 441 175 284 246 51
internal_count=2095 1172 923 556 639 451 505 188 616 441 175 284 246 51
is_linear=0
shrinkage=0.05


Tree=10
num_leaves=15
num_cat=0
split_feature=0 0 0 79 21 6 102 7 1 20 41 105 60 118
split_gain=21055.8 4083.16 3677.76 1940.89 1692.01 1537.87 2312.85 1730.9 1475.06 1445.81 1405.09 1223.99 815.188 727.766
threshold=5.5000000000000009 -6.4999999999999991 20.500000000000004 -0.052779662733276674 1849.7500000000002 0.036627608502608523 -19.535714285714281 -0.45000000149011604 0.042965387304623938 0.030575517409791548 0.090656574815511717 1.0000000180025095e-35 -0.0086045960585276176 -0.095062840219941866
decision_type=10 8 10 8 10 10 10 10 10 8 10 8 10 10
left_child=1 8 5 13 -5 7 -7 -2 9 -1 11 -4 -12 -3
right_child=2 3 10 4 -6 6 -8 -9 -10 -11 12 -13 -14 -15
leaf_value=-0.1481173148109339 0.02640646611712873 -0.025345562815666203 0.28364769438547749 -0.066476143698236054 -0.28953381253460658 0.42672274754597589 -0.081935042220185383 0.20223766947322452 0.11121863484382631 -0.37073643004152046 -0.056032434825239508 0.68465293690416162 0.32983549907803539 0.34466935127973558
leaf_weight=116 195 20 51 527 98 21 154 513 20 257 24 46 23 30
leaf_count=116 195 20 51 527 98 21 154 513 20 257 24 46 23 30
internal_value=0.000232082 -0.15483 0.161502 -0.0791287 -0.103551 0.121799 -0.0104604 0.154404 -0.282097 -0.304511 0.392363 0.498545 0.145393 0.206905
internal_weight=2095 1068 1027 675 625 883 175 708 393 373 144 97 47 50
internal_count=2095 1068 1027 675 625 883 175 708 393 373 144 97 47 50
is_linear=0
shrinkage=0.05


Tree=11
num_leaves=16
num_cat=0
split_feature=0 0 2 0 4 12 107 18 46 36 70 92 113 84 79
split_gain=19136.3 4307.55 3140.56 1938.92 2322.81 1892.81 1747.75 1689.88 2408.95 1424.81 1424.06 1175.03 840.268 611.261 580.569
threshold=2.5000000000000004 11.500000000000002 -0.017177434482922152 -8.4999999999999982 8.9404761904761916 1.4321831394010569 3.5000000000000004 0.083356944785919054 0.23758748196248197 -1.0805554886658983 -0.10108667494800597 -0.064951714951714951 -0.025198412698412703 42.750000000000007 -0.0040060331424077366
decision_type=10 10 8 8 10 8 10 10 10 8 10 10 10 10 8
left_child=2 6 10 5 -5 -4 9 8 -3 -2 13 -12 -9 -1 -8
right_child=1 7 3 4 -6 -7 14 12 -10 -11 11 -13 -14 -15 -16
leaf_value=0.023211857018371425 -0.098341306902795703 0.33988555290317302 -0.43972946382949457 -0.20267563232650551 0.076122669784492392 -0.15234846713190731 0.50366721451282503 -0.093299738010939437 0.039814946465194227 0.07040421122591943 0.3431537564934754 0.0089224519324488938 0.16389380830318431 -0.28594264056533575 0.12032487531160485
leaf_weight=25 177 344 148 411 88 105 20 46 85 395 36 75 81 35 24
leaf_count=25 177 344 148 411 88 105 20 46 85 395 36 75 81 35 24
internal_value=0.000383718 0.134269 -0.169374 -0.213105 -0.153142 -0.325918 0.0425035 0.234563 0.28169 0.0177012 0.0232486 0.127872 0.0703529 -0.164482 0.329206
internal_weight=2095 1172 923 752 499 253 616 556 429 572 171 111 127 60 44
internal_count=2095 1172 923 752 499 253 616 556 429 572 171 111 127 60 44
is_linear=0
shrinkage=0.05


Tree=12
num_leaves=15
num_cat=0
split_feature=0 0 0 70 7 76 40 77 15 19 92 98 99 109
split_gain=17325 3410.33 3219.36 1867.91 2149.41 1484.45 1975.65 1447.78 1407.69 1357.74 1297.52 1265.74 1106.84 535.721
threshold=5.5000000000000009 -6.4999999999999991 20.500000000000004 0.026023880527645819 0.40138889054457355 -8.2083333333333304 0.33447793871164327 0.064311181505521162 0.040895769993464177 -0.6977451667189597 0.06164775480251674 -0.13204365099469817 0.015357941449160551 1.8035714626312258
decision_type=10 8 10 10 8 10 10 10 10 8 10 8 10 10
left_child=1 9 5 7 -5 11 -7 -3 13 -1 -11 -2 -10 -4
right_child=2 3 8 4 -6 6 -8 -9 12 10 -12 -13 -14 -15
leaf_value=-0.58145635415367003 -0.34011157169364969 -0.081435930998030315 0.71370045051855202 -0.032777511415842141 0.33663895715107311 0.18938057236815675 -0.0079167912155389802 -0.29977690016604819 0.036091876730322839 -0.26476864065785127 -0.0041944004475109034 0.034459066388799864 0.38212460238559576 0.28705084817162874
leaf_weight=27 21 294 29 238 42 532 165 101 45 309 57 165 46 24
leaf_count=27 21 294 29 238 42 532 165 101 45 309 57 165 46 24
internal_value=0.000417754 -0.140235 0.146705 -0.0710568 0.0273933 0.109591 0.14288 -0.140439 0.362639 -0.256543 -0.224926 -0.0153658 0.222322 0.562764
internal_weight=2095 1068 1027 675 280 883 697 395 144 393 366 186 91 53
internal_count=2095 1068 1027 675 280 883 697 395 144 393 366 186 91 53
is_linear=0
shrinkage=0.05


Tree=13
num_leaves=13
num_cat=0
split_feature=1 27 75 79 57 48 86 54 5 38 26 116
split_gain=8513.11 4344 2320.45 3539.3 2217.53 2304.97 1819.04 1741.31 1581.62 1377.13 1934.71 1714.92
threshold=-0.018642493585745486 1.0000000180025095e-35 0.039253802224993715 0.01363562047481537 -2235.6499999999992 22.733333333333238 -4.7314813825819222 0.044864557718071248 -2.3331542213757825 -0.32819232136631998 0.31596009278049075 -1.6333333333333326
decision_type=8 2 10 10 10 10 8 10 10 8 10 10
left_child=4 9 7 -4 -1 8 -7 -3 -6 11 -11 -2
right_child=1 2 3 -5 5 6 -8 -9 -10 10 -12 -13
leaf_value=-0.5095737808789963 -0.086679097929078602 0.10684550224492949 0.33003793130612818 -0.029603803734625539 -0.25194876491702323 0.31475846844592265 -0.051057871514826686 -0.23244246101213828 -0.059724563565923955 -0.015951301135606024 -0.37963133315579634 0.31697351822486297
leaf_weight=34 41 235 287 88 285 37 173 40 177 604 34 60
leaf_count=34 41 235 287 88 285 37 173 40 177 604 34 60
internal_value=0.000438177 0.0722719 0.166032 0.246231 -0.140333 -0.117952 0.018984 0.0540465 -0.179839 -0.0106908 -0.0382115 0.156283
internal_weight=2095 1389 650 375 706 672 210 275 462 739 638 101
internal_count=2095 1389 650 375 706 672 210 275 462 739 638 101
is_linear=0
shrinkage=0.05


Tree=14
num_leaves=15
num_cat=0
split_feature=64 27 18 81 17 84 117 103 17 86 40 84 115 62
split_gain=7873.79 3410.37 2743.3 2147.09 2074.64 2015.44 2333.99 1971.61 1510.16 1461.28 1347.68 1303.7 905.943 574.182
threshold=0.075403560325503369 -1.4999999999999998 0.083356944785919054 0.49795587391903018 21.825244577805233 41.750000000000007 0.13314521401189269 -7.061979640097845 -7.1295154611221134 -0.64642857142857035 0.57406648496786772 38.750000000000007 0.52420369659860933 0.099999999999999936
decision_type=10 2 10 10 10 8 10 10 10 10 10 10 10 10
left_child=1 3 4 9 11 7 -7 -3 -5 -1 12 -2 -4 -12
right_child=2 5 10 8 -6 6 -8 -9 -10 -11 13 -13 -14 -15
leaf_value=0.0039969280535398525 -0.12468185173929669 -0.18060981409578791 0.0073761111716665927 -0.49419258317431886 0.5641868704421954 -0.013280295148217314 -0.27001545854285358 0.21070563782538687 -0.15497254499947871 -0.21099030245095493 -0.38813663468911103 0.21815651166238151 0.29088030461523989 -0.026871709453944976
leaf_weight=167 27 36 121 69 39 782 95 156 72 144 21 313 32 21
leaf_count=167 27 36 121 69 39 782 95 156 72 144 21 313 32 21
internal_value=0.000343888 -0.0591991 0.157357 -0.17353 0.234917 -0.0102277 -0.0425206 0.134358 -0.332556 -0.0971522 0.00425872 0.189374 0.0743162 -0.230643
internal_weight=2095 1521 574 452 379 1069 877 192 141 311 195 340 153 42
internal_count=2095 1521 574 452 379 1069 877 192 141 311 195 340 153 42
is_linear=0
shrinkage=0.05


Tree=15
num_leaves=16
num_cat=0
split_feature=0 0 2 5 84 52 14 107 103 67 70 92 105 77 84
split_gain=14047.6 3318.04 2699.12 1864.26 1973.03 1828.76 1780.86 1561.33 1494.4 1361.77 1249.25 1053 970.331 554.334 553.639
threshold=2.5000000000000004 11.500000000000002 -0.017177434482922152 -4.2742786258459082 48.250000000000007 -0.043865647525316923 0.049969719840947939 3.5000000000000004 8.5365079243977888 -0.33819444444444446 -0.10108667494800597 -0.064951714951714951 -0.099107142857142824 0.041666659216086095 42.750000000000007
decision_type=10 10 8 8 10 10 10 10 10 8 10 10 8 8 10
left_child=2 7 10 5 -5 -4 8 9 -3 -2 14 -12 -8 -9 -1
right_child=1 6 3 4 -6 -7 12 13 -10 -11 11 -13 -14 -15 -16
leaf_value=0.033511414031187695 -0.1037059147868243 0.17880236047388792 0.12247925693025957 -0.073169529337614253 -0.30824988514690077 -0.33904903620175086 -0.30914391922950746 0.44741387531675142 0.38537714082387187 0.062013314562457122 0.33469633383721842 0.017519649542373374 0.10291109067552232 0.077553511261940003 -0.25890463188290597
leaf_weight=25 174 388 21 392 113 226 20 24 119 398 36 75 29 20 35
leaf_count=25 174 388 21 392 113 226 20 24 119 398 36 75 29 20 35
internal_value=0.000254258 0.114969 -0.145188 -0.185743 -0.128376 -0.29796 0.202988 0.0344474 0.230676 0.0110537 0.0330868 0.130811 -0.0774004 0.305384 -0.14309
internal_weight=2095 1172 923 752 505 247 556 616 507 572 171 111 49 44 60
internal_count=2095 1172 923 752 505 247 556 616 507 572 171 111 49 44 60
is_linear=0
shrinkage=0.05


Tree=16
num_leaves=12
num_cat=0
split_feature=1 27 80 57 48 100 25 75 4 43 85
split_gain=6674.18 3343.85 2108.02 2007.77 1947.42 1696.65 1688.6 1631.72 1507.04 1201.95 1037.51
threshold=-0.018642493585745486 1.0000000180025095e-35 8.6048724850755143 -2235.6499999999992 22.733333333333238 -1.9288535179706134 1.3928402705987137 0.039253802224993715 9.0069444444444446 0.0039847883597883558 -0.24523809523809523
decision_type=8 2 10 10 10 10 10 10 10 8 8
left_child=3 6 7 -1 8 -6 10 -3 -5 -8 -2
right_child=1 2 -4 4 5 -7 9 -9 -10 -11 -12
leaf_value=-0.47534146370031893 0.13292012631461242 0.028659321501768604 0.52123259723496929 -0.20663486928071664 0.29615213261710277 -0.048091362493378781 0.28652353186002921 0.19302276385019343 0.012071080853302892 0.016064231778007181 -0.07385922973569671
leaf_weight=34 64 266 31 363 40 170 66 353 99 100 509
leaf_count=34 64 266 31 363 40 170 66 353 99 100 509
internal_value=0.000289171 0.063896 0.146158 -0.124351 -0.103139 0.0226086 -0.00888742 0.123267 -0.160035 0.129122 -0.0497269
internal_weight=2095 1389 650 706 672 210 739 619 462 166 573
internal_count=2095 1389 650 706 672 210 739 619 462 166 573
is_linear=0
shrinkage=0.05


Tree=17
num_leaves=14
num_cat=0
split_feature=64 6 19 18 81 52 2 17 70 96 40 18 38
split_gain=6134.24 3011.27 2792.63 2427.8 2361.75 2169.05 1945.69 1747.42 1477.21 1304.33 1221.54 951.093 505.104
threshold=0.075403560325503369 0.047770578187244832 -0.60035558976232994 0.083356944785919054 0.49795587391903018 0.036540287711457287 -0.0095377725859483054 21.825244577805233 0.28119697204480576 -12.056084453709664 0.79171633099516237 0.21865382747879877 -0.05670815833533803
decision_type=10 10 8 10 10 10 8 10 8 10 10 10 10
left_child=1 4 12 7 6 -4 -1 8 -2 -6 11 -5 -3
right_child=3 2 5 10 9 -7 -8 -9 -10 -11 -12 -13 -14
leaf_value=0.15440011092492181 0.21250790315168921 -0.24055981874465943 -0.058959727611629265 -0.055989026819140864 0.14793089050235173 -0.33519224373602802 -0.01411441263432304 0.51392936157909308 -0.076670208235305778 -0.19765553936872277 -0.3113549371249974 0.17522899745217263 -0.68269237235740388
leaf_weight=239 291 20 373 99 28 84 571 39 49 184 23 73 22
leaf_count=239 291 20 373 99 28 84 571 39 49 184 23 73 22
internal_value=0.00035956 -0.0521933 -0.152213 0.13895 -0.0028057 -0.11292 0.0361886 0.211914 0.17018 -0.149425 -0.00436468 0.0440396 -0.521206
internal_weight=2095 1521 499 574 1022 457 810 379 340 212 195 172 42
internal_count=2095 1521 499 574 1022 457 810 379 340 212 195 172 42
is_linear=0
shrinkage=0.05


Tree=18
num_leaves=16
num_cat=0
split_feature=0 0 2 10 73 32 15 36 87 108 68 65 82 40 52
split_gain=11527.5 2693.19 2308.09 1778.34 1796.6 1741.96 1756.45 1489.8 1569.2 1430.84 1297.56 1162.22 977.395 919.302 695.901
threshold=2.5000000000000004 11.500000000000002 -0.017177434482922152 0.28561507936507941 72.500000000000014 -1.3229166666666659 -0.005404561758041381 -1.0805554886658983 0.26670883595943462 0.012871438823640348 -0.19269939512014386 0.038099066831082821 0.027873732061172374 0.11839869866768521 0.033751055919248145
decision_type=10 10 8 10 8 8 10 8 8 8 8 10 10 10 10
left_child=2 7 11 4 -4 9 -7 12 -9 -3 -5 13 -2 -1 -13
right_child=1 5 3 10 -6 6 -8 8 -10 -11 -12 14 -14 -15 -16
leaf_value=-0.21386709768196632 -0.16958004781158598 0.63712354447390585 -0.23171245807649976 -0.16336483263969423 -0.039126205430706829 0.25918055699013248 0.064672487864072384 0.19295019407064429 0.00064836444442763056 0.17449221607783569 0.3212981598451734 0.26239790552753511 0.062638820591063737 0.095180185527230302 -0.036536630755290393
leaf_weight=53 118 32 546 20 159 197 286 180 250 41 27 54 68 37 27
leaf_count=53 118 32 546 20 159 197 286 180 250 41 27 54 68 37 27
internal_value=0.00024406 0.104163 -0.131506 -0.169013 -0.18893 0.183466 0.145951 0.0316029 0.0825543 0.405772 0.11822 0.0332703 -0.0850037 -0.0879655 0.165841
internal_weight=2095 1172 923 752 705 556 483 616 430 73 47 171 186 90 81
internal_count=2095 1172 923 752 705 556 483 616 430 73 47 171 186 90 81
is_linear=0
shrinkage=0.05


Tree=19
num_leaves=15
num_cat=0
split_feature=0 0 0 16 21 7 41 98 40 39 105 20 12 19
split_gain=10479.3 2364.16 2204.85 1868.28 1667.24 1444.45 1363.61 1345.57 1622.84 1223.63 1117.99 1108.31 1514.74 994.008
threshold=5.5000000000000009 -8.4999999999999982 20.500000000000004 8.0000000000000036 1321.0000000000002 -0.049722222238779083 0.090656574815511717 -0.1297267594685157 0.33447793871164327 -0.13718620737671608 1.0000000180025095e-35 -0.10846356488764285 1.4321831394010569 0.052901204520215593
decision_type=10 8 10 8 10 8 10 8 10 10 8 8 8 10
left_child=1 11 7 5 -5 -3 10 9 -9 -2 -4 -1 -13 -8
right_child=2 3 6 4 -6 -7 13 8 -10 -11 -12 12 -14 -15
leaf_value=0.027282741218805313 0.19501417682816585 -0.10544360048311241 0.2023485087723072 -0.089563386260785846 -0.37963251069392245 0.057706218431222027 -0.16368057330449423 0.14152885382204797 -0.030450807718999603 -0.20275723198297579 0.56855946072906849 -0.36979816893473366 -0.11260415600198839 0.2554684556523959
leaf_weight=35 22 231 51 171 68 314 22 622 173 66 46 146 103 25
leaf_count=35 22 231 51 171 68 314 22 622 173 66 46 146 103 25
internal_value=0.000380236 -0.109005 0.114158 -0.0633748 -0.178387 -0.0116844 0.29277 0.0834887 0.104085 -0.0976385 0.395863 -0.231521 -0.267916 0.0614361
internal_weight=2095 1068 1027 784 239 545 144 883 795 88 97 284 249 47
internal_count=2095 1068 1027 784 239 545 144 883 795 88 97 284 249 47
is_linear=0
shrinkage=0.05


Tree=20
num_leaves=16
num_cat=0
split_feature=0 0 84 67 21 49 54 19 92 6 47 52 95 28 52
split_gain=9503.61 2341.17 1824.14 1627.36 1691.59 1534.62 1601.09 1458.04 1560.64 1439.24 1336.09 1663.47 1307.32 927.458 479.7
threshold=2.5000000000000004 13.500000000000002 42.250000000000007 -0.33819444444444446 630.90000000000009 -2.1666666666666674 0.03903987555545093 -0.60035558976232994 0.051860203288774685 0.024054938117438102 -1.0000000180025095e-35 -0.029676508842109862 0.16045496116081875 0.042181059718132026 0.0066325071967278737
decision_type=10 10 10 8 10 8 10 8 10 8 10 10 10 10 10
left_child=2 3 5 4 -2 6 -1 14 -9 -5 12 -12 -3 -7 -4
right_child=1 10 7 9 -6 13 -8 8 -10 -11 11 -13 -14 -15 -16
leaf_value=0.21171987813711168 -0.23850963222538379 0.21237583870583393 -0.18077724994375155 0.16016706917866672 0.038212056326824173 -0.15108332599518617 -0.16816992079600313 -0.18581712389842864 0.022107818427270859 -0.0063302277575259082 0.30924846726028543 0.030275907108062852 0.5650128356720272 0.17260440060725579 -0.56346844888983239
leaf_weight=95 86 136 21 297 137 168 34 447 111 226 71 186 33 21 26
leaf_count=95 86 136 21 297 137 168 34 447 111 226 71 186 33 21 26
internal_value=0.000358127 0.0947162 -0.119266 0.0407189 -0.0711766 -0.0216295 0.108682 -0.169906 -0.144538 0.0887465 0.187589 0.111968 0.295779 -0.111339 -0.427264
internal_weight=2095 1172 923 746 223 318 129 605 558 523 426 257 169 189 47
internal_count=2095 1172 923 746 223 318 129 605 558 523 426 257 169 189 47
is_linear=0
shrinkage=0.05


Tree=21
num_leaves=16
num_cat=0
split_feature=0 0 0 16 21 3 4 7 15 81 94 35 99 63 41
split_gain=8656.09 2052.65 1930.98 1669.68 1499.39 1293.74 1520.71 1291.34 1277.62 1255.72 1044.34 1279.07 932.464 738.667 299.902
threshold=5.5000000000000009 -8.4999999999999982 20.500000000000004 8.0000000000000036 1321.0000000000002 -1.8571428571428568 6.8605769230769242 -0.049722222238779083 1.0000000180025095e-35 0.0046164773404598026 -0.024081767107704776 -0.21428571641445157 0.017461195659411548 -0.044682788758566898 0.01345425347487131
decision_type=10 8 10 8 10 8 10 8 10 8 8 8 10 10 10
left_child=1 10 5 7 -5 6 -2 -3 14 -7 13 -12 -10 -1 -4
right_child=2 3 8 4 -6 9 -8 -9 12 -11 11 -13 -14 -15 -16
leaf_value=-0.52667651830649953 -0.33864550177867597 -0.096392567689388489 0.6349967892353352 -0.081159478832374926 -0.3560310923226484 0.15524457108542578 0.16696570366621019 0.057867461624102771 0.015681269392371178 0.031757517986218724 -0.48643380215874421 -0.11306399288830034 0.31209697419742372 -0.11511502829939127 0.24884515815973282
leaf_weight=36 34 231 21 171 68 392 20 314 55 437 22 206 48 20 20
leaf_count=36 34 231 21 171 68 392 20 314 55 437 22 206 48 20 20
internal_value=0.000368502 -0.0990448 0.103778 -0.0565441 -0.165264 0.0750967 -0.152255 -0.00770714 0.270893 0.0907901 -0.21319 -0.158971 0.162333 -0.401994 0.49524
internal_weight=2095 1068 1027 784 239 883 54 545 144 829 284 228 103 56 41
internal_count=2095 1068 1027 784 239 883 54 545 144 829 284 228 103 56 41
is_linear=0
shrinkage=0.05


Tree=22
num_leaves=16
num_cat=0
split_feature=0 0 2 24 23 10 8 41 68 11 65 42 4 92 87
split_gain=7875.3 2038.22 1960.7 1746.16 1922.16 1572.29 1629.92 1206.89 1164.31 1084.44 1026.73 971.729 854.338 801.401 776.467
threshold=2.5000000000000004 20.500000000000004 -0.017177434482922152 -2.1280977523871112 6.5000000000000009 0.28561507936507941 -0.1688984033995353 0.090656574815511717 -0.14550547301769254 0.04570421230580126 0.038099066831082821 -0.27637257212902311 -3.3333333333333335 -0.064951714951714951 3.0032554076363644
decision_type=10 10 8 8 2 10 10 10 8 10 10 10 10 10 10
left_child=2 3 10 11 -5 6 -4 9 -7 -3 12 -2 -1 -12 -9
right_child=1 7 5 4 -6 8 -8 14 -10 -11 13 -13 -14 -15 -16
leaf_value=-0.24071067584057651 0.49880957702065215 0.43685796555222539 -0.072444795968174311 -0.045329396168582461 0.098839946336594819 -0.10077624758084616 -0.22761020497750739 0.22217001807073067 0.35651745862431 0.018701133131980897 0.33920093178749089 0.090846685816844311 0.056596407576881606 0.027402260365351191 -0.14741067726697241
leaf_weight=37 29 77 303 371 597 25 402 24 22 20 33 31 53 48 23
leaf_count=37 29 77 303 371 597 25 402 24 22 20 33 31 53 48 23
internal_value=0.000290546 0.0861879 -0.108602 0.0607336 0.0435846 -0.143194 -0.161972 0.259432 0.126013 0.356273 0.0429812 0.312 -0.0713395 0.167348 0.043566
internal_weight=2095 1172 923 1028 968 752 705 144 47 97 171 60 90 81 47
internal_count=2095 1172 923 1028 968 752 705 144 47 97 171 60 90 81 47
is_linear=0
shrinkage=0.05


Tree=23
num_leaves=15
num_cat=0
split_feature=0 0 71 21 24 29 98 80 76 91 20 42 8 67
split_gain=7202.68 1827.72 1756.99 1825.9 1690.14 1988.25 1665.12 1430.91 1175.34 1097.38 1065.4 1266.23 1255.54 1055.74
threshold=5.5000000000000009 -6.4999999999999991 0.16369047619047622 1849.7500000000002 1.7197569287291985 0.086969127102444588 -0.020405251532793042 2.8352987499131284 -8.2083333333333304 -0.10434293374419211 0.030575517409791548 -0.27637257212902311 -0.089680173955148171 0.40916666666666673
decision_type=10 8 2 10 10 10 10 10 10 8 8 10 10 10
left_child=1 10 3 -3 5 7 -7 -2 -6 -10 12 -12 -1 -4
right_child=4 2 13 -5 8 6 -8 -9 9 -11 11 -13 -14 -15
leaf_value=0.17497836891994922 0.099749496047677869 0.026426631495414205 -0.38206314991820944 -0.21205405929174864 -0.38989258354099898 0.33378441652517443 0.11551068814439794 -0.08490228200065239 0.27093869860355674 -0.11795814324713623 -0.07531838061474265 -0.30592754772337888 -0.15624751998761366 0.015979363170585462
leaf_weight=38 418 512 50 90 21 146 231 135 21 55 95 179 81 23
leaf_count=38 418 512 50 90 21 146 231 135 21 55 95 179 81 23
internal_value=0.000435741 -0.0902464 -0.0397039 -0.0105973 0.0947669 0.115529 0.203434 0.0542253 -0.0997087 0 -0.175341 -0.228934 -0.047284 -0.263026
internal_weight=2095 1068 675 602 1027 930 377 553 97 76 393 274 119 73
internal_count=2095 1068 675 602 1027 930 377 553 97 76 393 274 119 73
is_linear=0
shrinkage=0.05


Tree=24
num_leaves=16
num_cat=0
split_feature=0 0 0 85 15 111 15 48 67 69 119 113 105 115 41
split_gain=6520.43 1659.52 1544.51 1518.43 1295.58 1251.93 1167.84 1142.09 1561.59 1129.58 1344.22 1325.32 812.393 731.301 305.317
threshold=5.5000000000000009 -7.4999999999999991 20.500000000000004 0.27222222222222231 -0.065695648392041492 -0.31900793650793641 1.0000000180025095e-35 40.719230769230656 -0.60871212121212115 0.040017824061214936 2.9999999999999996 -0.099933862433862417 -0.16666666666666663 -0.07263157206277053 0.01345425347487131
decision_type=10 8 10 10 10 8 10 8 10 10 10 8 8 8 10
left_child=1 7 9 5 -5 -3 14 8 -1 11 -11 -2 -8 -9 -4
right_child=2 3 6 4 -6 -7 12 13 -10 10 -12 -13 -14 -15 -16
leaf_value=0.059154098268066141 -0.075221063922448414 -0.27830714086691538 0.58817444122754614 0.33145339661701162 -0.00026000792621284403 -0.051307099215103007 -0.072457449404256677 0.19488810372763668 -0.28473321370635496 0.44684507995843892 -0.0026294767179272393 0.08015196516731167 0.22290344256430103 -0.11348164716833516 0.21979945003986359
leaf_weight=37 169 64 21 39 88 557 30 24 207 35 28 651 73 52 20
leaf_count=37 169 64 21 39 88 557 30 24 207 35 28 651 73 52 20
internal_value=0.000329787 -0.0859494 0.0900836 -0.0445259 0.109922 -0.0768175 0.239517 -0.180448 -0.232245 0.0644462 0.260839 0.0478075 0.137041 -0.00946542 0.45299
internal_weight=2095 1068 1027 748 127 621 144 320 244 883 63 820 103 76 41
internal_count=2095 1068 1027 748 127 621 144 320 244 883 63 820 103 76 41
is_linear=0
shrinkage=0.05


Tree=25
num_leaves=15
num_cat=0
split_feature=6 2 4 79 78 3 80 84 17 50 65 57 50 91
split_gain=3671.68 2628.33 2238.83 1834.5 1533.8 1432.12 1409.79 1381.06 2413.59 1555.44 1361.85 1128.31 955.238 1181.33
threshold=0.032662844210463289 -0.010796098969876764 7.8720862470862469 0.059425053497155517 -0.19166666666666654 -0.94374999999999998 8.6048724850755143 46.750000000000007 -4.05163412723262 0.081934731934731012 -0.10290806898403734 -678.54999999999984 -0.9553872053872049 1.0000000180025095e-35
decision_type=10 8 10 10 10 10 10 10 8 8 10 10 10 10
left_child=1 4 3 10 5 -1 -6 9 -9 -3 -2 -5 -4 -14
right_child=2 7 12 11 6 -7 -8 8 -10 -11 -12 -13 13 -15
leaf_value=0.0059244305798501684 -0.055537536077201369 0.13853120534828675 -0.1698734410711237 0.31192989651903963 0.065505110107548961 0.43192831467304915 0.40205461686367494 -0.30009377902606504 -0.0033427394547961595 -0.031724918047876957 -0.24511880246941065 -0.1017633525764241 0.23198421320010879 -0.056209084872276549
leaf_weight=28 145 228 32 28 434 65 29 91 241 312 294 29 82 57
leaf_count=28 145 228 32 28 434 65 29 91 241 312 294 29 82 57
internal_value=0.0004627 0.045706 -0.0959451 -0.149376 0.130137 0.311025 0.090762 -0.00850666 -0.0880751 0.0406807 -0.183944 0.109415 0.0585929 0.115609
internal_weight=2095 1428 667 496 556 93 463 872 332 540 439 57 171 139
internal_count=2095 1428 667 496 556 93 463 872 332 540 439 57 171 139
is_linear=0
shrinkage=0.05


Tree=26
num_leaves=16
num_cat=0
split_feature=0 2 0 32 15 94 35 86 67 20 108 77 37 93 39
split_gain=5674.49 1672.16 1663.68 1583.26 1542.03 1530.71 1688.37 1466.53 1392.64 1377.57 1282.94 1223.21 1118.49 515.502 495.748
threshold=2.5000000000000004 -0.028506159627189238 11.500000000000002 -1.3229166666666659 -0.005404561758041381 -0.024549316207921643 -0.19974758476018903 -5.680681744488802 -0.33819444444444446 0.048856455599889166 0.012871438823640348 -0.050928925474484764 -0.076908959075808511 0.053571428571428575 -0.022616901403977759
decision_type=10 8 10 8 10 8 8 8 8 10 8 10 10 10 10
left_child=1 12 7 10 -5 9 -7 11 -9 -3 -4 -2 14 -14 -1
right_child=2 5 3 4 -6 6 -8 8 -10 -11 -12 -13 13 -15 -16
leaf_value=-0.21349378351507517 0.39996766980648757 -0.14281036150761139 0.56359825601448887 0.20641953846402836 0.025213417288534431 -0.34675342516465624 -0.056123751821454432 -0.13577110373459936 0.038310808407756983 -0.46053326341238893 0.13291581626171653 0.029512579488483345 0.069027339450774647 0.39271002657090626 0.065680520733197537
leaf_weight=24 37 112 32 197 286 50 605 161 368 50 41 50 26 25 31
leaf_count=24 37 112 32 197 286 50 605 161 368 50 41 50 26 25 31
internal_value=0.000511493 -0.0919189 0.0734281 0.135742 0.100582 -0.116174 -0.0808438 0.0164634 -0.0153522 -0.252025 0.346375 0.200781 0.0913903 0.249485 -0.062947
internal_weight=2095 923 1172 556 483 817 655 616 529 162 73 87 106 51 55
internal_count=2095 923 1172 556 483 817 655 616 529 162 73 87 106 51 55
is_linear=0
shrinkage=0.05


Tree=27
num_leaves=13
num_cat=0
split_feature=1 79 57 74 97 16 68 8 29 28 38 101
split_gain=3064.96 1849.53 1583.52 1377.15 1579.91 1540.84 1287.61 1420.75 1249.01 1198.66 1188.88 1179.72
threshold=-0.020652873011735764 -0.022164911652604733 -2309.8999999999996 -0.14583333333333329 -0.10790147810904137 -3.5000000000000013 0.40070917201228445 -0.16579285043602179 0.13260724783564609 0.076985994974772168 0.32744631601963198 282.12500000000006
decision_type=8 8 10 10 8 10 8 10 10 10 10 10
left_child=2 8 -1 4 -3 -5 7 -4 9 -2 -10 -8
right_child=1 3 6 5 -6 -7 11 -9 10 -11 -12 -13
leaf_value=-0.40578847237535431 0.090570139487654994 0.29145444942372184 0.020145869542138428 0.24044444005818921 -0.05358350942179492 0.009238076753512096 0.19917723904053372 -0.15039510310046356 0.2785584773718851 -0.2419384151697159 -0.040052785113071782 -0.19431553769570131
leaf_weight=32 215 30 177 106 641 208 70 378 157 26 34 21
leaf_count=32 215 30 177 106 641 208 70 378 157 26 34 21
internal_value=0.000557093 0.0423929 -0.0864756 0.00433637 -0.0360415 0.0899907 -0.0675863 -0.0962228 0.128009 0.0503063 0.222012 0.102459
internal_weight=2095 1417 678 985 671 314 646 555 432 241 191 91
internal_count=2095 1417 678 985 671 314 646 555 432 241 191 91
is_linear=0
shrinkage=0.05


Tree=28
num_leaves=15
num_cat=0
split_feature=0 0 17 2 82 14 107 68 58 111 92 14 79 85
split_gain=4962.52 1759.78 1594.58 1564.27 1499.47 1478.68 1447.41 1361.25 1304.68 1185.34 1029.02 1251.05 732.216 599.467
threshold=2.5000000000000004 11.500000000000002 23.528995590026661 -0.017177434482922152 -0.087037991732358919 0.049969719840947939 3.5000000000000004 -0.44820449128746981 -0.037896899166369437 0.24454365079365081 -0.064951714951714951 0.022221210752482779 -0.0040060331424077366 0.19444444444444448
decision_type=8 10 10 8 8 10 10 8 8 10 10 10 8 10
left_child=3 6 5 10 9 -3 8 -6 -2 -5 -1 -12 -8 -4
right_child=1 2 13 4 7 -7 12 -9 -10 -11 11 -13 -14 -15
leaf_value=0.25385508208789609 0.16109446001676275 0.12502565387250217 0.50787603418446248 0.1077038685977459 -0.53517134404182432 -0.15758991760130114 0.43879887429731235 -0.14856280943512509 -0.035023723780036875 -0.25541487366988741 -0.1557595279435037 0.20966058897120612 0.051861780484517422 0.12153249412775041
leaf_weight=39 93 458 31 95 20 47 23 500 624 24 66 30 25 20
leaf_count=39 93 458 31 95 20 47 23 500 624 24 66 30 25 20
internal_value=0.000534419 0.0593994 0.126674 -0.0996038 -0.132128 0.0973377 0.00993449 -0.168483 -0.0085771 0.0267206 0.0532058 -0.0363446 0.262117 0.38164
internal_weight=2095 1321 556 774 639 505 765 520 717 119 135 96 48 51
internal_count=2095 1321 556 774 639 505 765 520 717 119 135 96 48 51
is_linear=0
shrinkage=0.05


Tree=29
num_leaves=14
num_cat=0
split_feature=0 24 13 103 16 71 113 81 78 36 39 10 119
split_gain=4505.94 1467.3 1464.66 1457.33 1401.15 1835.93 1447.16 1331.91 1266.76 1071.08 1070.01 921.509 572.224
threshold=5.5000000000000009 1.7197569287291985 -1.0000000180025095e-35 3.7159743626912438 8.0000000000000036 -0.69615384615384601 0.17804232804232809 0.10953583501811541 -0.17658730158730154 -0.83333337306976296 -0.13976918526339255 0.058035714285714309 12.41666666666667
decision_type=10 10 8 10 10 2 10 10 8 10 10 10 10
left_child=4 2 3 -2 5 -1 -7 10 -4 -3 -6 -11 -9
right_child=1 9 8 -5 7 6 -8 12 -10 11 -12 -13 -14
leaf_value=-0.41277539380826056 0.076402401152229293 -0.30353427171343711 0.21605314703836728 0.25271450050075095 0.16736271994955398 -0.046401184419830328 0.18972212227297502 -0.12646201169118285 -0.0088428026653434109 0.1731461550330832 -0.15221300485990003 -0.19335050069052598 -0.4329749214021783
leaf_weight=27 276 36 70 209 29 751 66 29 375 37 114 24 52
leaf_count=27 276 36 70 209 29 751 66 29 375 37 114 24 52
internal_value=0.000592208 0.0752071 0.0945922 0.154286 -0.0711278 -0.0410104 -0.0262275 -0.181014 0.0284305 -0.105686 -0.0836015 0.0244693 -0.33755
internal_weight=2095 1027 930 485 1068 844 817 224 445 97 143 61 81
internal_count=2095 1027 930 485 1068 844 817 224 445 97 143 61 81
is_linear=0
shrinkage=0.05


Tree=30
num_leaves=14
num_cat=0
split_feature=0 6 21 115 80 24 2 87 82 5 74 37 115
split_gain=4181.55 2070.75 1686.32 1535.24 1965.4 1631.62 1367.41 1280.42 1230.95 1293.81 1093.77 858.343 700.29
threshold=-2.4999999999999996 0.037241785991785993 2145.5500000000006 0.24238086791592653 8.4409786814664649 1.2436952263361982 -0.017177434482922152 -2.9941226641337075 -0.087037991732358919 -0.40598604828119272 0.79166666666666685 -0.060337614268064492 -0.091237480441729205
decision_type=8 10 10 10 10 10 8 10 8 8 8 10 10
left_child=6 3 7 4 -2 -5 11 -3 10 -10 -8 12 -1
right_child=1 2 -4 5 -6 -7 8 -9 9 -11 -12 -13 -14
leaf_value=0.11336496975776311 0.027962138442449089 0.1986235944729931 -0.40808843560516839 0.24259907185891849 0.41120038294898614 -0.028166576145918339 0.15754916473261771 -0.071405978976690682 -0.25024266682323898 -0.073290726860274671 -0.14872712457383222 0.24363298490643504 -0.18891679316759111
leaf_weight=32 805 48 27 222 30 72 57 251 242 189 50 35 35
leaf_count=32 805 48 27 222 30 72 57 251 242 189 50 35 35
internal_value=0.00048746 0.0473499 -0.0628753 0.0793585 0.0441564 0.17676 -0.105515 -0.0253384 -0.137183 -0.174492 0.0137326 0.0596556 -0.0460023
internal_weight=2095 1455 326 1129 835 294 640 299 538 431 107 102 67
internal_count=2095 1455 326 1129 835 294 640 299 538 431 107 102 67
is_linear=0
shrinkage=0.05


Tree=31
num_leaves=15
num_cat=0
split_feature=0 0 32 15 29 0 108 87 70 94 94 67 89 61
split_gain=3810.06 1856.98 1395.94 1493.14 1751.1 1241.5 1151.18 1118.82 1237.86 1024 1444.59 1200.84 746.756 381.815
threshold=11.500000000000002 -6.4999999999999991 -1.3229166666666659 -0.005404561758041381 0.11065141616078715 16.500000000000004 0.012871438823640348 -3.0531887412071224 -0.089376282513330796 -0.024081767107704776 -0.0041352672225261197 -0.49285714285714294 -0.50487820059061039 -0.01098451856523752
decision_type=10 8 8 10 10 10 8 8 10 8 8 10 10 10
left_child=1 9 6 5 -5 -4 -2 12 -9 11 -11 -1 -3 -8
right_child=2 7 3 4 -6 -7 13 8 -10 10 -12 -13 -14 -15
leaf_value=0.027451863712989369 0.51448861811612101 -0.098543392587453135 0.079737176926573741 -0.14270851172256369 0.10531389979108917 0.33908433448287512 -0.037158355231468494 -0.086954150090264443 0.023911904513741606 0.12933260804462818 -0.14010857072138289 -0.4016955693902996 0.17844205398080695 0.24281466019153597
leaf_weight=21 32 27 123 114 172 74 21 454 553 57 258 57 112 20
leaf_count=21 32 27 123 114 172 74 21 454 553 57 258 57 112 20
internal_value=0.000488813 -0.0400363 0.112108 0.0793079 0.00552662 0.183386 0.309491 -0.00764099 -0.0262047 -0.133094 -0.0899373 -0.29086 0.122738 0.109875
internal_weight=2095 1539 556 483 286 197 73 1146 1007 393 315 78 139 41
internal_count=2095 1539 556 483 286 197 73 1146 1007 393 315 78 139 41
is_linear=0
shrinkage=0.05


Tree=32
num_leaves=16
num_cat=0
split_feature=0 6 47 8 105 24 4 114 107 78 80 4 16 19 53
split_gain=3526.49 1569.63 1560.09 1384.45 1586.93 1507.2 1470.55 1339.26 1312.39 1293.64 1150.65 1115.86 1055.43 986.909 841.371
threshold=2.5000000000000004 0.037241785991785993 -0.00093156499085376976 -0.1688984033995353 0.16666666666666669 0.29186650590963842 7.8720862470862469 0.75000000000000011 -3.4999999999999996 -0.29944444444444446 8.6048724850755143 0.74583333333333368 6.9999999999999991 0.063390401391578588 0.040507614302138492
decision_type=8 10 10 8 10 10 10 8 10 8 10 10 10 8 10
left_child=3 10 12 4 5 -1 9 -6 -8 -5 11 -2 -3 -4 -12
right_child=1 2 13 6 7 -7 8 -9 -10 -11 14 -13 -14 -15 -16
leaf_value=0.044411873334235907 0.11154990623435752 0.1342672755026765 -0.34348017677664755 0.16953003031236155 0.43181862549649347 -0.24210223856827487 -0.26508597249786064 -0.062772825479507452 0.11289476373384955 -0.19555837483280172 0.51261555976592577 0.0046998014239923421 -0.1456647558292995 -0.059425761256320979 0.082872591316699995
leaf_weight=133 569 109 50 22 31 64 25 20 93 386 21 428 43 76 25
leaf_count=133 569 109 50 22 31 64 25 20 93 386 21 428 43 76 25
internal_value=0.000554064 0.0501799 -0.0545595 -0.0838575 0.0132408 -0.05211 -0.129425 0.248681 0.0248871 -0.173937 0.0782718 0.0659827 0.0526405 -0.181335 0.311062
internal_weight=2095 1321 278 774 248 197 526 51 118 408 1043 997 152 126 46
internal_count=2095 1321 278 774 248 197 526 51 118 408 1043 997 152 126 46
is_linear=0
shrinkage=0.05


Tree=33
num_leaves=12
num_cat=0
split_feature=0 0 17 15 77 60 66 19 92 13 52
split_gain=3246.65 1553.81 1309.08 1186.87 1268.46 1081.91 1322.43 1053.59 946.668 833.733 600.889
threshold=11.500000000000002 -6.4999999999999991 23.528995590026661 0.0089760720729827621 0.1431547651688258 -0.23936965564886725 0.16359523210961083 -0.6977451667189597 0.06164775480251674 -1.0000000180025095e-35 0.0078270739680482166
decision_type=10 8 10 10 10 8 8 8 10 8 10
left_child=1 7 3 9 -5 -3 -7 -1 -9 -2 -4
right_child=2 5 10 4 -6 6 -8 8 -10 -11 -12
leaf_value=-0.40003735888749364 0.25508462712800101 -0.28094636932015421 0.45867722386287318 -0.057986870679395425 0.1702932974410265 0.056718164414654194 -0.051676462651594826 -0.13058210420518651 0.084842421571093229 0.058545645793479567 0.086305925369262695
leaf_weight=27 113 30 31 203 81 546 570 309 57 108 20
leaf_count=27 113 30 31 203 81 546 570 309 57 108 20
internal_value=0.000562143 -0.0368453 0.1036 0.0771561 0.00876801 -0.00720711 0.00132716 -0.121969 -0.0962063 0.16268 0.334286
internal_weight=2095 1539 556 505 284 1146 1116 393 366 221 51
internal_count=2095 1539 556 505 284 1146 1116 393 366 221 51
is_linear=0
shrinkage=0.05


Tree=34
num_leaves=14
num_cat=0
split_feature=0 16 8 71 104 113 24 76 0 60 84 86 26
split_gain=2992.29 1247.74 1643.65 1562.94 1484.97 1479.65 1236.2 1352.68 1275.65 1261.45 1152.5 967.841 819.052
threshold=2.5000000000000004 6.9999999999999991 0.021419101790303301 -0.69615384615384601 0.023118180967867379 0.17804232804232809 1.7197569287291985 -6.583333333333333 21.500000000000004 -0.2334656106928984 43.250000000000007 2.3375000158945718 -0.069379064661916331
decision_type=10 10 10 2 10 10 10 10 10 8 8 10 8
left_child=1 3 4 -1 -3 -5 8 -8 9 -2 -4 -10 -9
right_child=6 2 10 5 -6 -7 7 12 11 -11 -12 -13 -14
leaf_value=-0.38179007706142243 -0.26316633560965136 0.069386597320939714 -0.0084550263705077001 -0.040968680787398098 -0.29162219017744068 0.21681987372242284 -0.37883294108323756 0.20828243345022202 0.34643305330604751 0.061432246148882791 -0.42626396125803395 0.033726148987593858 -0.10403661247281755
leaf_weight=26 26 84 22 631 37 56 27 27 64 931 67 41 56
leaf_count=26 26 84 22 631 37 56 27 27 64 931 67 41 56
internal_value=0.000564897 -0.0665491 -0.172288 -0.0343531 -0.0477994 -0.0184683 0.0535207 -0.102642 0.0701478 0.0512395 -0.329461 0.231866 0.0030546
internal_weight=2095 923 210 713 121 687 1172 110 1062 957 89 105 83
internal_count=2095 923 210 713 121 687 1172 110 1062 957 89 105 83
is_linear=0
shrinkage=0.05


Tree=35
num_leaves=12
num_cat=0
split_feature=0 0 14 19 18 87 43 19 92 79 53
split_gain=2762.17 1323.16 1300.09 1033.34 1061.54 962.141 1252.04 960.145 855.702 755.712 717.18
threshold=11.500000000000002 -6.4999999999999991 0.049969719840947939 -0.31077504960953117 -0.0049198362976312629 -3.0531887412071224 0.4465277777777778 -0.6977451667189597 0.06164775480251674 -0.02165757492184639 -0.18589360204835728
decision_type=10 8 10 8 10 8 10 8 10 10 10
left_child=1 7 3 -2 -5 10 -7 -1 -9 -4 -3
right_child=2 5 9 4 -6 6 -8 8 -10 -11 -12
leaf_value=-0.37790493173524742 -0.11599817445332355 -0.13134731661814911 0.063172899026955873 0.19590463172644379 0.037639352150067605 -0.0093923362999067794 -0.23803925762767905 -0.12081242085428566 0.083854609367347538 -0.30238765848259774 0.16183570627637997
leaf_weight=27 39 21 23 300 168 948 59 309 57 26 118
leaf_count=27 39 21 23 300 168 948 59 309 57 26 118
internal_value=0.000418907 -0.0340827 0.0954607 0.11945 0.140196 -0.00672862 -0.023948 -0.112636 -0.0881027 -0.139911 0.114172
internal_weight=2095 1539 556 507 468 1146 1007 393 366 49 139
internal_count=2095 1539 556 507 468 1146 1007 393 366 49 139
is_linear=0
shrinkage=0.05


Tree=36
num_leaves=14
num_cat=0
split_feature=0 52 99 116 81 0 100 61 67 41 35 11 60
split_gain=2545.66 1385.93 1134.9 1717.06 1647.21 1106.6 1409.89 1584.85 1336.75 1035.73 943.826 872.756 679.559
threshold=-2.4999999999999996 -0.042920675660489675 -0.017782540677343261 -9.0833333333333304 -0.50123371140632234 20.500000000000004 -2.7108536850816254 0.017737946162621185 -0.33819444444444446 0.090656574815511717 -0.050837756731571253 0.04570421230580126 -0.0086045960585276176
decision_type=8 8 8 8 10 10 8 10 8 10 10 10 10
left_child=1 10 4 -4 -3 6 7 -2 -8 11 -1 -7 -11
right_child=5 2 3 -5 -6 9 8 -9 -10 12 -12 -13 -14
leaf_value=-0.098529009410628574 0.027611932851563117 0.079996361345052724 0.2688356075889598 -0.083654339881796463 -0.24543295086433112 0.32809023205645205 -0.073568540276346295 0.41326688272838902 0.040735361542865618 -0.19302025303758424 0.29068826489150523 -0.030902459621429446 0.15236523750105077
leaf_weight=22 64 45 34 301 203 77 361 42 844 24 35 20 23
leaf_count=22 64 45 34 301 203 77 361 42 844 24 35 20 23
internal_value=0.000304692 -0.0823979 -0.105636 -0.0443048 -0.185772 0.0368743 0.0220646 0.192602 0.0062878 0.166104 0.143827 0.255694 -0.0246416
internal_weight=2095 640 583 335 248 1455 1311 106 1205 144 57 97 47
internal_count=2095 640 583 335 248 1455 1311 106 1205 144 57 97 47
is_linear=0
shrinkage=0.05


Tree=37
num_leaves=12
num_cat=0
split_feature=0 72 62 24 38 17 67 16 35 19 38
split_gain=2340.85 1225.77 1133.29 1102.04 1258.03 1747.76 1104.08 1043.74 1038.99 796.417 469.583
threshold=5.5000000000000009 0.083338915180528342 2.4083333333333337 1.7197569287291985 0.33897439317176276 25.667050942306648 -0.21250000000000005 8.0000000000000036 0.045372867966309578 0.32241068850271409 -0.077688920622070626
decision_type=10 10 10 10 10 10 10 10 10 8 10
left_child=1 2 7 4 5 -2 -6 -1 9 -5 -10
right_child=3 -3 -4 8 6 -7 -8 -9 10 -11 -12
leaf_value=-0.042218641578666047 0.077626424104988045 0.24472866336650709 0.27283784270286565 -0.37423153414734101 -0.21609992664029348 0.43616208926671085 0.068801792719002289 -0.166797905277006 -0.076264268994331363 -0.0034640264922174918 0.23352588659524917
leaf_weight=809 772 29 20 33 62 31 65 210 20 24 20
leaf_count=809 772 29 20 33 62 31 65 210 20 24 20
internal_value=0.00039499 -0.0512915 -0.0607343 0.0541815 0.0710214 0.094143 -0.0728225 -0.0686304 -0.10235 -0.231794 0.0862565
internal_weight=2095 1068 1039 1027 930 803 127 1019 97 57 40
internal_count=2095 1068 1039 1027 930 803 127 1019 97 57 40
is_linear=0
shrinkage=0.05


Tree=38
num_leaves=14
num_cat=0
split_feature=0 32 105 59 6 8 67 19 72 17 4 21 81
split_gain=2154.5 1299.24 1349.34 1506.46 1229.29 1679.64 2272.99 1604.53 1293.64 1176 1109.2 967.052 457.688
threshold=11.500000000000002 -1.3229166666666659 -0.23174603174603173 -0.13333333333333322 0.047770578187244832 -0.14211752238328609 -0.83068181818181797 -0.64782498391966015 -0.041100494347895401 25.667050942306648 7.8720862470862469 1086.1500000000003 0.10953583501811541
decision_type=10 8 8 10 10 8 10 8 8 10 10 10 10
left_child=4 11 3 -3 5 6 -1 -6 -7 -4 -9 12 -2
right_child=1 2 9 -5 7 8 -8 10 -10 -11 -12 -13 -14
leaf_value=-0.18508302526127907 -0.016093308199197055 0.10960457709322616 0.066423399016026438 -0.29904512731501692 -0.38707540481416292 0.11299341518897564 0.1496035243755614 -0.11316255694201892 -0.072382402265397439 0.39952209499375574 0.057535007041423836 0.51443784087896349 0.26803942870880876
leaf_weight=57 27 36 376 47 38 107 283 336 590 24 128 23 23
leaf_count=57 27 36 376 47 38 107 283 336 590 24 128 23 23
internal_value=0.00042817 0.0843695 0.0530469 -0.125075 -0.0300402 0.00110211 0.0914802 -0.0938472 -0.0432511 0.0912184 -0.0658556 0.274287 0.126184
internal_weight=2095 556 483 83 1539 1037 340 502 697 400 464 73 50
internal_count=2095 556 483 83 1539 1037 340 502 697 400 464 73 50
is_linear=0
shrinkage=0.05


Tree=39
num_leaves=16
num_cat=0
split_feature=63 23 25 103 46 22 96 91 69 14 34 116 14 89 113
split_gain=1580.11 1676.29 1810.33 1596.29 1476.38 1875.52 1282.58 1372.51 1214.98 1143.52 1227.87 1178.47 1140.84 1108.49 1022.15
threshold=-0.033278256654739373 6.5000000000000009 1.2760735853033596 0.054846405982971198 -0.037469135802469127 0.30772005734376578 10.643144631391818 0.26556266751140362 0.046965912605325393 -0.0082868897442373423 -0.099096945176521914 -3.7750000000000017 0.012649127799445716 0.24367274250835183 0.14318783068783072
decision_type=8 2 10 10 10 8 10 8 10 10 8 8 10 10 10
left_child=4 2 3 -2 6 14 8 -8 -1 11 -11 -3 -7 -4 -6
right_child=1 9 13 -5 5 12 7 -9 -10 10 -12 -13 -14 -15 -16
leaf_value=-0.060552148004569629 -0.014281501928526983 0.3486284814242806 0.20565032918344844 -0.22072357691158329 -0.23243535517239267 -0.087098734761987429 0.41988044347081871 -0.080540032863616939 0.27831360512766345 -0.10831946294535609 0.068784907521589264 0.098115610016943661 0.33691472699244818 -0.12185385454859998 0.056286666086433748
leaf_weight=298 250 51 94 146 228 30 30 20 24 131 344 360 25 31 33
leaf_count=298 250 51 94 146 228 30 30 20 24 131 344 360 25 31 33
internal_value=0.000480014 0.0308509 -0.040016 -0.0923218 -0.0613325 -0.139905 0.00624962 0.229678 -0.0312728 0.07257 0.0192177 0.133138 0.116816 0.122482 -0.19537
internal_weight=2095 1407 521 396 688 316 372 50 322 886 475 411 55 125 261
internal_count=2095 1407 521 396 688 316 372 50 322 886 475 411 55 125 261
is_linear=0
shrinkage=0.05


Tree=40
num_leaves=9
num_cat=0
split_feature=62 6 4 79 79 18 25 33
split_gain=1667.71 1453.57 1660.35 1553.14 1411.06 1409.33 1253.7 859.697
threshold=2.4083333333333337 0.032662844210463289 7.8720862470862469 0.059425053497155517 -0.0022471491247415538 -0.22880082748209432 -0.98952977642924844 1.8166666666666669
decision_type=10 10 10 10 8 8 10 10
left_child=1 4 3 -3 6 -6 -1 -4
right_child=-2 2 7 -5 5 -7 -8 -9
leaf_value=-0.062278363182572009 0.32034809835255151 -0.1453000261757344 0.14113677590469684 0.12781582513203224 0.17029306940024808 -0.046715349704978898 0.11122629825628941 -0.095218179146187354
leaf_weight=126 35 432 116 55 79 680 520 52
leaf_count=126 35 432 116 55 79 680 520 52
internal_value=0.00056039 -0.00561119 -0.0668592 -0.113368 0.0230425 -0.0230961 0.0770896 0.0670527
internal_weight=2095 2060 655 487 1405 759 646 168
internal_count=2095 2060 655 487 1405 759 646 168
is_linear=0
shrinkage=0.05


Tree=41
num_leaves=14
num_cat=0
split_feature=0 52 8 98 19 111 5 15 47 17 55 105 84
split_gain=1886.7 1240.38 1296.53 1716.58 1258.54 977.177 1540.54 1483.21 1307.94 1126.37 1102.64 829.024 787.398
threshold=-2.4999999999999996 -0.042920675660489675 -0.1688984033995353 0.058859658241271963 -0.0028586657329772859 -0.20393518518518522 -2.2082699537277217 -0.059958099077145242 0.069213963883775223 23.528995590026661 0.80625000000000013 -0.16666666666666663 44.750000000000007
decision_type=8 8 8 10 8 8 10 10 10 10 2 8 10
left_child=1 12 3 -3 -4 6 7 -2 9 -7 -8 -10 -1
right_child=5 2 4 -5 -6 8 10 -9 11 -11 -12 -13 -14
leaf_value=0.32174306319605922 0.055674886126672068 0.15337930071921577 -0.22858698873776168 -0.15087962801377458 -0.05134233209089592 0.052824162237195826 -0.033766996109437557 -0.39432352611197619 -0.38005268943309783 0.30134478300654644 0.3088160355543268 -0.036734897387879238 -0.029080500991808048
leaf_weight=26 26 100 202 78 203 1110 119 48 20 43 24 65 31
leaf_count=26 26 100 202 78 203 1110 119 48 20 43 24 65 31
internal_value=0.000594431 -0.0706012 -0.0926274 0.0192995 -0.141577 0.0320795 -0.0646607 -0.242066 0.0492685 0.0633968 0.0318821 -0.134697 0.14318
internal_weight=2095 640 583 178 405 1455 217 74 1238 1153 143 85 57
internal_count=2095 640 583 178 405 1455 217 74 1238 1153 143 85 57
is_linear=0
shrinkage=0.05


Tree=42
num_leaves=13
num_cat=0
split_feature=0 32 89 105 80 71 25 105 2 108 86 49
split_gain=1705.06 1191.02 1303.59 1603.97 1404.93 1105.56 1049.91 1378.44 1264.97 932.108 713.466 450.947
threshold=11.500000000000002 -1.3229166666666659 -0.12061231466941534 -0.23174603174603173 1.9890300337257252 -0.69615384615384601 1.3439182777600855 0.047619047619047623 0.070841152453795089 0.012871438823640348 1.0630951438631338 -1.3333333333333319
decision_type=10 8 10 8 10 2 10 8 10 8 8 10
left_child=5 9 4 -4 -3 10 8 -8 -7 -2 -1 -11
right_child=1 2 3 -5 -6 6 7 -9 -10 11 -12 -13
leaf_value=-0.42503764129110744 0.44067025458490527 0.053633393743320518 -0.21350096546717592 0.04774753614247107 0.39088023282131373 -0.046106885720700402 0.19275171143987682 -0.042304933692018196 0.23312536096643832 -0.079766932725906375 -0.048125298753861456 0.22049802060310661
leaf_weight=23 32 90 69 280 44 1212 120 121 37 20 26 21
leaf_count=23 32 90 69 280 44 1212 120 121 37 20 26 21
internal_value=0.000547926 0.0752243 0.0453018 -0.00604809 0.174808 -0.0265545 -0.0183995 0.0760713 -0.0368986 0.256969 -0.248943 0.0801908
internal_weight=2095 556 483 349 134 1539 1490 241 1249 73 49 41
internal_count=2095 556 483 349 134 1539 1490 241 1249 73 49 41
is_linear=0
shrinkage=0.05


Tree=43
num_leaves=15
num_cat=0
split_feature=0 52 19 92 36 115 86 53 39 105 76 47 89 114
split_gain=1626.52 1126.07 1132.22 1129.97 990.214 977.055 1728.3 1366.36 1165.79 1314 1120.11 932.795 783.942 473.151
threshold=-2.4999999999999996 -0.036321145649297504 -0.60035558976232994 0.071054292929292939 1.1960317417979243 0.23730179077635211 -3.6880094395743455 0.19970144067580503 -0.024474678328761486 -0.10565476190476185 -1.4166666666666663 0.035902454169715457 -0.19742584414780137 1.0000000180025095e-35
decision_type=8 8 8 10 10 10 8 10 10 10 10 10 10 8
left_child=1 4 13 -4 12 6 11 -8 10 -10 -7 -2 -1 -3
right_child=5 2 3 -5 -6 8 7 -9 9 -11 -12 -13 -14 -15
leaf_value=0.018144080291191737 0.19128015946527446 -0.09807240687883817 -0.091411634863612201 0.13953432681659858 -0.15283299171924591 0.071172035764032443 -0.0042434790657175604 -0.20448522558823848 -0.12539316583620874 0.11883999937647627 0.32240094989099921 -0.058003671876355717 0.40329173614581432 -0.44037980321914927
leaf_weight=25 156 21 468 55 20 102 764 91 90 126 80 46 25 26
leaf_count=25 156 21 468 55 20 102 764 91 90 126 80 46 25 26
internal_value=0.000606776 -0.0654962 -0.0888997 -0.0659387 0.11763 0.029842 0.00451422 -0.0266789 0.0960923 0.0163153 0.187537 0.134241 0.230783 -0.312532
internal_weight=2095 640 570 523 70 1455 1057 855 398 216 182 202 50 47
internal_count=2095 640 570 523 70 1455 1057 855 398 216 182 202 50 47
is_linear=0
shrinkage=0.05


Tree=44
num_leaves=9
num_cat=0
split_feature=62 2 16 25 102 110 36 70
split_gain=1521.12 1233.28 1475.37 1131.79 1090.81 940.168 826.739 813.656
threshold=2.4083333333333337 -0.010796098969876764 8.0000000000000036 -1.3728610136053339 -22.966666666666661 22.500000000000004 -2.2624998986721034 -0.055415344983339297
decision_type=10 8 10 10 8 8 10 8
left_child=1 3 4 6 -3 -5 -1 -4
right_child=-2 2 7 5 -6 -7 -8 -9
leaf_value=-0.29074450234572091 0.30599568217992784 0.25506693999233998 -0.26706019014162924 0.0938591538545821 -0.017464725204866645 -0.1554718439171954 -0.006270076208993009 -0.074095776153058471
leaf_weight=31 35 33 82 546 1076 36 90 166
leaf_count=31 35 33 82 546 1076 36 90 166
internal_value=0.000584751 -0.0053084 -0.0331435 0.0482056 -0.00820182 0.0771585 -0.0881941 -0.142113
internal_weight=2095 2060 1357 703 1109 582 121 248
internal_count=2095 2060 1357 703 1109 582 121 248
is_linear=0
shrinkage=0.05


Tree=45
num_leaves=15
num_cat=0
split_feature=0 6 76 57 88 84 6 2 94 97 20 74 26 33
split_gain=1447.06 1168.76 1340.41 1571.1 1123.58 1357.39 1310.49 1065.36 1239.96 1495.7 788.795 726.595 695.524 665.066
threshold=-2.4999999999999996 0.012760040885040904 -8.0833333333333304 -2001.4499999999998 10.679487179487181 44.250000000000007 -0.061375291375291373 -0.017177434482922152 -0.024081767107704776 -0.005438717468913056 -0.16831088077742604 -1.0000000180025095e-35 -0.017549745738506314 -0.46666666666666651
decision_type=8 10 10 10 8 8 10 8 8 10 10 8 8 10
left_child=7 4 11 -4 6 -6 -2 12 10 -10 -9 -3 -1 -14
right_child=1 2 3 -5 5 -7 -8 8 9 -11 -12 -13 13 -15
leaf_value=0.24823330231010915 0.031964376732094645 -0.45878596138954164 -0.34998885383208594 0.025673499500663201 0.1193819387248873 -0.010800522950332646 0.34366383861750366 -0.056423590083916987 0.017787652899952312 -0.17344134806422518 -0.3462670392411597 -0.10347391824051738 -0.21337523016112822 0.094534832037985336
leaf_weight=35 68 20 25 380 312 540 65 40 280 155 63 45 22 45
leaf_count=35 68 20 25 380 312 540 65 40 280 155 63 45 22 45
internal_value=0.000532158 0.0281089 -0.0364394 -0.00137895 0.0589875 0.037232 0.191593 -0.0618161 -0.0899012 -0.0514344 -0.241993 -0.238476 0.0831303 -0.0136721
internal_weight=2095 1455 470 405 985 852 133 640 538 435 103 65 102 67
internal_count=2095 1455 470 405 985 852 133 640 538 435 103 65 102 67
is_linear=0
shrinkage=0.05


Tree=46
num_leaves=6
num_cat=0
split_feature=62 42 24 63 41
split_gain=1383.1 1265.01 1304.27 1384.92 733.496
threshold=2.4083333333333337 0.86035566637292515 -3.3312776901681591 -0.033278256654739373 -0.033664023503661177
decision_type=10 10 8 8 10
left_child=1 2 -1 -4 -3
right_child=-2 4 3 -5 -6
leaf_value=0.30387577312333247 0.2916319621168077 -0.016805916572255747 -0.064470133109952435 0.024763357679371024 -0.3908472016002193
leaf_weight=30 35 23 637 1342 28
leaf_count=30 35 23 637 1342 28
internal_value=0.000404202 -0.00521378 0.00129199 -0.00402398 -0.239616
internal_weight=2095 2060 2009 1979 51
internal_count=2095 2060 2009 1979 51
is_linear=0
shrinkage=0.05


Tree=47
num_leaves=14
num_cat=0
split_feature=0 26 101 34 91 81 18 13 45 11 22 15 113
split_gain=1300.4 1112.75 1122.29 1191.58 1094.96 1090.65 1337.95 1208.72 1123.78 1121.53 1100.04 938.981 552.808
threshold=11.500000000000002 -0.28635896772417857 -84.249999999999986 0.16849826571997259 -0.36233460903167719 1.0000000180025095e-35 -0.030939053045585748 -2.4999999999999996 7.5000000000000009 -0.053822553406159081 0.3851819474426646 0.092247098684310927 -0.019047619047619049
decision_type=10 8 8 10 8 10 10 10 2 10 10 10 10
left_child=1 4 11 -4 -1 6 7 -2 10 -8 -7 -3 -10
right_child=5 2 3 -5 -6 8 9 -9 12 -11 -12 -13 -14
leaf_value=-0.049213503950065185 0.042417553753205918 -0.17630337145312558 -0.03524118095473288 0.088048569360551873 0.36935737075550218 -0.12533871348671341 -0.28786573835781643 0.29711002249096058 -0.0084547297097742561 0.070513746624041085 0.22643672755131355 0.013376211371196775 0.28260614783741916
leaf_weight=26 77 205 943 242 30 157 23 123 27 94 21 93 34
leaf_count=26 77 205 943 242 30 157 23 123 27 94 21 93 34
internal_value=0.000400439 -0.0232653 -0.0318034 -0.00975684 0.186097 0.0656195 0.125711 0.202724 -0.0148214 -0.00843754 -0.078511 -0.117699 0.162138
internal_weight=2095 1539 1483 1185 56 556 317 200 239 117 178 298 61
internal_count=2095 1539 1483 1185 56 556 317 200 239 117 178 298 61
is_linear=0
shrinkage=0.05


Tree=48
num_leaves=12
num_cat=0
split_feature=0 3 60 5 26 4 61 75 99 49 33
split_gain=1222.56 1158.63 983.454 1517.14 1112.9 898.933 862.339 806.043 871.738 1060.81 880.123
threshold=-6.4999999999999991 -1.9999999999999996 -0.2334656106928984 0.76088268061478925 -0.3184036783253153 6.8605769230769242 0.0045117180173595709 -0.3804105904884636 -0.018703383856836526 -6.5833333333333313 -0.92582417582417553
decision_type=8 8 8 10 8 10 10 8 8 8 10
left_child=7 5 3 -3 -4 6 -2 -1 10 -10 -9
right_child=1 2 4 -5 -6 -7 -8 8 9 -11 -12
leaf_value=0.19319646392877288 -0.41153141162113144 -0.41393218833592632 0.24751657709479333 0.084737868094816815 0.027549441732732927 0.060602018237113954 -0.021620745186148021 -0.41586812769665438 0.14827289532442564 -0.095047763287580231 -0.11779897358937888
leaf_weight=21 33 26 55 27 1507 30 24 29 56 164 123
leaf_count=21 33 26 55 27 1507 30 24 29 56 164 123
internal_value=0.000465827 0.0188877 0.0286639 -0.173626 0.0360917 -0.15374 -0.263148 -0.0784249 -0.0962499 -0.0309708 -0.186419
internal_weight=2095 1702 1615 53 1562 87 57 393 372 220 152
internal_count=2095 1702 1615 53 1562 87 57 393 372 220 152
is_linear=0
shrinkage=0.05


Tree=49
num_leaves=13
num_cat=0
split_feature=0 32 15 89 26 101 25 91 58 0 21 110
split_gain=1133.14 1058.55 1244.28 1065.16 957.159 1009.56 1414.44 1007.96 949.592 939.602 885.563 508.906
threshold=11.500000000000002 -1.3229166666666659 -0.005404561758041381 -0.33567232219502324 -0.28635896772417857 -84.249999999999986 2.2742135838914721 -0.36233460903167719 -0.0068296548001246437 16.500000000000004 940.95000000000016 8.5000000000000018
decision_type=10 8 10 10 8 8 10 8 10 10 10 8
left_child=4 10 9 -4 7 8 -7 -1 -6 -3 11 -2
right_child=1 2 3 -5 5 6 -8 -9 -10 -11 -12 -13
leaf_value=-0.052437453074080334 -0.068898268938064583 0.03961758464429295 0.27950828278064732 -0.061720569474481707 -0.20741006848603327 -0.023801200114198971 0.18781323322423682 0.34839953822749004 -0.028340816319253323 0.26319210441618024 0.43101490866957293 0.23894088613986969
leaf_weight=26 25 123 20 266 134 1105 80 30 164 74 28 20
leaf_count=26 25 123 20 266 134 1105 80 30 164 74 28 20
internal_value=0.000356354 0.0612384 0.0331448 -0.033294 -0.0217334 -0.0296538 -0.00874387 0.172433 -0.111121 0.128283 0.232437 0.0771315
internal_weight=2095 556 483 286 1539 1483 1185 56 298 197 73 45
internal_count=2095 556 483 286 1539 1483 1185 56 298 197 73 45
is_linear=0
shrinkage=0.05


Tree=50
num_leaves=6
num_cat=0
split_feature=62 42 24 63 106
split_gain=1262.06 1146.75 1132.31 1148.43 679.995
threshold=2.4083333333333337 0.86035566637292515 -3.3312776901681591 -0.033278256654739373 -0.33333333333333331
decision_type=10 10 8 8 10
left_child=1 2 -1 -4 -3
right_child=-2 4 3 -5 -6
leaf_value=0.2832586550286838 0.27869183545932175 -0.40311139951060926 -0.058671961669415545 0.022586161464158205 -0.043435445337584526
leaf_weight=30 35 23 637 1342 28
leaf_count=30 35 23 637 1342 28
internal_value=0.000498761 -0.00486696 0.00132583 -0.00362593 -0.228044
internal_weight=2095 2060 2009 1979 51
internal_count=2095 2060 2009 1979 51
is_linear=0
shrinkage=0.05


Tree=51
num_leaves=12
num_cat=0
split_feature=81 42 6 57 50 29 65 39 20 52 49
split_gain=1018.68 1532.47 1322.19 1435.01 1115.58 1403.5 1401.7 1109.86 1703.6 1098.84 797.747
threshold=0.0046164773404598026 0.70570265850983571 0.043257090132090122 -2176.8499999999999 0.75406954156954165 0.069607256969902678 0.042467842014351248 -0.13718620737671608 -0.14006101215879121 0.002532613741144774 12.333333333333334
decision_type=10 10 8 8 10 10 8 10 8 10 10
left_child=2 7 4 -4 5 -1 -6 8 -2 -5 -9
right_child=1 -3 3 9 6 -7 -8 10 -10 -11 -12
leaf_value=0.035236849509514744 0.37302403085108382 -0.34159645229578017 -0.34981339892203156 0.03993118826349798 -0.23416332495162046 0.20013538458315303 0.066188531282782681 -0.066077071373523394 0.004474394724361206 -0.12985021569450994 0.15900335530085224
leaf_weight=284 35 35 28 331 54 237 109 670 147 128 37
leaf_count=284 35 35 28 331 54 237 109 670 147 128 37
internal_value=0.000482074 -0.0386294 0.0314192 -0.0312948 0.0760465 0.111533 -0.0370247 -0.0248018 0.0836956 -0.00819655 -0.0531937
internal_weight=2095 924 1171 487 684 521 163 889 182 459 707
internal_count=2095 924 1171 487 684 521 163 889 182 459 707
is_linear=0
shrinkage=0.05


Tree=52
num_leaves=13
num_cat=0
split_feature=34 9 109 1 86 8 52 111 81 91 88 52
split_gain=938.334 1510.67 1413.4 1328.62 1157.27 1453.87 1048.84 1033.32 821.165 807.37 1126.07 818.216
threshold=0.0023260815069079403 5.5000000000000009 -1.9916666666666651 0.093156657492121084 -3.6880094395743455 0.41237174149395694 -0.014948944057537007 -0.0039351851851851241 0.05000000000000001 0.26861450262367731 11.541958041958043 0.035873458264762619
decision_type=8 2 10 10 8 10 10 8 8 10 8 10
left_child=3 9 8 4 5 -1 -6 -4 -3 10 -2 -11
right_child=1 2 7 -5 6 -7 -8 -9 -10 11 -12 -13
leaf_value=0.14868166217523995 0.10849651588864846 0.37705224659580455 0.16167478655376633 0.31097512468695643 0.0083564916914961873 -0.14857632656892142 -0.13015528570945087 -0.06856274628961409 0.11058124533813934 -0.024066246802156622 -0.021878646858398625 -0.35171871706843377
leaf_weight=127 214 60 82 21 201 55 414 106 64 50 674 27
leaf_count=127 214 60 82 21 201 55 414 106 64 50 674 27
internal_value=0.000430173 0.0271999 0.121905 -0.0412113 -0.0524342 0.0570128 -0.0851026 0.0331878 0.249523 -0.00383867 0.00991617 -0.154008
internal_weight=2095 1277 312 818 797 182 615 188 124 965 888 77
internal_count=2095 1277 312 818 797 182 615 188 124 965 888 77
is_linear=0
shrinkage=0.05


Tree=53
num_leaves=9
num_cat=0
split_feature=62 117 81 100 16 59 76 5
split_gain=1148.66 993.917 1540.31 1229.4 1143.16 1102.46 1133.27 1079.28
threshold=2.4083333333333337 0.01412358788074926 0.0046164773404598026 -2.6693655593747581 14.583333333333334 -0.18819444444444441 4.5833333333333348 -4.3536207228898993
decision_type=10 10 8 10 10 10 10 10
left_child=1 2 3 -1 -4 6 -3 -7
right_child=-2 5 4 -5 -6 7 -8 -9
leaf_value=0.32955273414651554 0.26586744083091618 -0.061273389847315465 -0.0066206422058718017 0.062590709712236403 -0.24591179219660939 -0.13044007429462709 -0.35503341911567587 0.01611677348720281
leaf_weight=43 35 92 671 492 49 162 49 502
leaf_count=43 35 92 671 492 49 162 49 502
internal_value=0.000465909 -0.00465196 0.0231122 0.0869928 -0.0245583 -0.0478736 -0.172365 -0.0202725
internal_weight=2095 2060 1255 535 720 805 141 664
internal_count=2095 2060 1255 535 720 805 141 664
is_linear=0
shrinkage=0.05


Tree=54
num_leaves=9
num_cat=0
split_feature=62 0 2 82 96 6 103 57
split_gain=1050.51 1001.77 967.703 1180.06 911.912 969.856 658.938 355.243
threshold=2.4083333333333337 -2.4999999999999996 -0.017177434482922152 -0.087037991732358919 -21.513540394307189 0.012760040885040904 -4.9837543699476425 -704.69999999999993
decision_type=10 8 8 8 8 10 10 10
left_child=1 2 6 -4 7 -6 -1 -3
right_child=-2 4 3 -5 5 -7 -8 -9
leaf_value=-0.090699064653170736 0.25423573888838291 0.36804997086524965 0.063935720660817735 -0.1212658548336028 0.039760493647665658 -0.049316520702077246 0.16855640779766773 0.062214896440505985
leaf_weight=33 35 20 104 421 951 444 67 20
leaf_count=33 35 20 104 421 951 444 67 20
internal_value=0.000425334 -0.00446791 -0.0570647 -0.0842269 0.018524 0.0112985 0.0822809 0.240147
internal_weight=2095 2060 625 525 1435 1395 100 40
internal_count=2095 2060 625 525 1435 1395 100 40
is_linear=0
shrinkage=0.05


Tree=55
num_leaves=7
num_cat=0
split_feature=62 42 20 5 17 105
split_gain=959.945 946.865 1054.54 1131.19 1097.52 713.059
threshold=2.4083333333333337 0.75617502458792718 -0.2123170554793129 -5.0976477662722264 9.3348873399185965 -0.017261904761904753
decision_type=10 10 8 8 10 10
left_child=1 2 4 -4 -1 -3
right_child=-2 5 3 -5 -6 -7
leaf_value=0.033393873811997092 0.2431129262596369 -0.33155952444986297 -0.093124879763981469 0.0079856751055650092 0.26917107140316682 -0.0032205291305269518
leaf_weight=189 35 33 339 1406 63 30
leaf_count=189 35 33 339 1406 63 30
internal_value=0.000489243 -0.00418746 0.00203041 -0.0118384 0.0966227 -0.187676
internal_weight=2095 2060 1997 1745 252 63
internal_count=2095 2060 1997 1745 252 63
is_linear=0
shrinkage=0.05


Tree=56
num_leaves=13
num_cat=0
split_feature=76 4 26 51 0 35 105 67 31 86 51 117
split_gain=885.902 1661.45 1604.59 1462.25 1413.98 1181.89 1454.74 1179.02 1116.11 921.84 875.477 796.586
threshold=-7.7499999999999991 -8.2416666666666636 -0.28635896772417857 -135.49999999999997 14.500000000000002 -0.21428571641445157 0.22857142857142856 -0.36607142857142855 0.11846507185449204 0.10972235997517822 -219.41666666666671 -0.031699960411060595
decision_type=10 8 10 8 8 10 8 8 10 10 8 8
left_child=1 9 7 -3 -5 6 -4 11 -7 -1 -9 -2
right_child=2 3 5 4 -6 8 -8 10 -10 -11 -12 -13
leaf_value=-0.43657443668784168 0.45900997802615162 0.26885162176564337 -0.37385602364937465 -0.11418446606751216 0.1249681767785833 -0.017967556050715153 0.091149657553639907 -0.19648863422418281 0.086756831467596454 -0.081796533362979651 0.10976889156062029 0.098204475641250621
leaf_weight=36 35 35 40 231 79 1052 24 23 330 39 140 31
leaf_count=36 35 35 40 231 79 1052 24 23 330 39 140 31
internal_value=0.000479751 -0.0639876 0.0168168 -0.015989 -0.0520641 -0.00279693 -0.204785 0.138293 0.00722555 -0.269357 0.0616953 0.309095
internal_weight=2095 420 1675 345 310 1446 64 229 1382 75 163 66
internal_count=2095 420 1675 345 310 1446 64 229 1382 75 163 66
is_linear=0
shrinkage=0.05


Tree=57
num_leaves=8
num_cat=0
split_feature=62 81 25 3 11 0 109
split_gain=873.122 868.584 1351.53 1250.17 1512.07 1215.72 1208.26
threshold=2.4083333333333337 0.57749999985098854 -2.7907224549759735 -1.1999999999999997 0.015258467144013703 -13.499999999999998 -6.4513889551162711
decision_type=10 10 10 8 10 8 8
left_child=1 3 -3 4 -1 -4 -5
right_child=-2 2 5 6 -6 -7 -8
leaf_value=0.024142167965571087 0.23185047280043364 0.25714972098668415 -0.32309299105405809 0.13975507035851478 -0.24514575402955621 -0.057479661633458426 0.0099125286982575025
leaf_weight=109 35 25 45 205 93 348 1235
leaf_count=109 35 25 45 205 93 348 1235
internal_value=0.000457888 -0.00400119 -0.0679208 0.0123971 -0.102522 -0.0916959 0.0288513
internal_weight=2095 2060 418 1642 202 393 1440
internal_count=2095 2060 418 1642 202 393 1440
is_linear=0
shrinkage=0.05


Tree=58
num_leaves=16
num_cat=0
split_feature=16 79 43 10 23 40 110 10 35 2 95 102 100 11 55
split_gain=832.626 1013.94 1152.84 1521.03 1200.79 942.096 1080.23 927.574 887.737 970.217 853.219 791.931 731.286 542.751 239.069
threshold=10.750000000000004 -0.016623549473782376 -0.027777777777777752 0.090020495377638302 11.500000000000002 -0.79576140766342462 3.5000000000000004 0.14844812925170067 -0.19974758476018903 0.070841152453795089 -0.15682096779346463 -1.4910714285714268 0.24837557856032313 0.020348701750238739 0.53589743589743599
decision_type=10 10 8 10 2 8 10 10 8 10 10 10 10 10 2
left_child=5 12 4 -4 -3 6 7 -1 10 -10 -7 -8 13 -2 -14
right_child=1 2 3 -5 -6 8 11 -9 9 -11 -12 -13 14 -15 -16
leaf_value=0.13753605637699368 -0.17622364622197653 -0.4475390092212152 -0.15621950339491122 0.18290904543052119 -0.0036299519240856172 0.075255882786586889 0.43654012067897902 -0.24172405081766624 0.0056902837584456127 0.24933685102012185 -0.24666841732767911 0.084188494358498317 0.059363110959529876 0.12499791001528503 0.31429998648166657
leaf_weight=35 33 42 102 43 23 27 32 22 1545 37 60 34 20 20 20
leaf_count=35 33 42 102 43 23 27 32 22 1545 37 60 34 20 20 20
internal_value=0.0004406 -0.0754929 -0.13545 -0.0525724 -0.302657 0.0134819 0.144221 -0.0157275 0.00341507 0.0121878 -0.147557 0.274441 0.059388 -0.0607164 0.208702
internal_weight=2095 303 210 145 65 1792 123 57 1669 1582 87 66 93 53 40
internal_count=2095 303 210 145 65 1792 123 57 1669 1582 87 66 93 53 40
is_linear=0
shrinkage=0.05


Tree=59
num_leaves=14
num_cat=0
split_feature=76 25 51 0 0 46 86 87 19 91 10 76 103
split_gain=806.408 1764.95 1254.94 1305.57 1170.97 1205.53 1187.08 1142.62 1069.35 1054.56 1032.53 918.342 633.203
threshold=-7.7499999999999991 1.8662048456483669 -123.16666666666673 17.500000000000004 -7.4999999999999991 -0.083333333333333329 -3.3125002702077224 -0.066702730953693376 -0.63115259539335955 0.033038826193660505 -0.18709656084656076 -10.70833333333333 8.1795223024156378
decision_type=10 8 8 8 10 10 8 8 10 8 10 10 8
left_child=2 4 8 10 5 -2 -6 9 -1 -3 -4 -5 -9
right_child=1 7 3 11 6 -7 -8 12 -10 -11 -12 -13 -14
leaf_value=-0.061323326428731284 0.013686372367150946 0.42220806719041343 -0.042427292827365772 0.22163944739848374 0.10765420263226738 -0.17277702507489023 -0.013404135066214927 -0.054803372252472615 0.37314046426066039 0.10116301695392892 -0.23133851278621656 -0.10380562903025213 0.12430459077541645
leaf_weight=25 158 46 143 45 270 184 763 81 24 61 149 34 112
leaf_count=25 158 46 143 45 270 184 763 81 24 61 149 34 112
internal_value=0.000469536 0.0160574 -0.0610363 -0.0928772 -0.00801699 -0.0875331 0.0185554 0.124885 0.165396 0.252316 -0.141264 0.0831375 0.0493967
internal_weight=2095 1675 420 371 1375 342 1033 300 49 107 292 79 193
internal_count=2095 1675 420 371 1375 342 1033 300 49 107 292 79 193
is_linear=0
shrinkage=0.05


Tree=60
num_leaves=9
num_cat=0
split_feature=42 17 4 34 23 7 104 93
split_gain=767.161 867.825 835.921 816.854 1299.69 1104.35 424.307 118.822
threshold=0.75617502458792718 25.667050942306648 4.1483516483516523 0.0023260815069079403 11.500000000000002 0.53333332836627967 0.16948437392711643 0.018756012506012509
decision_type=10 10 10 8 2 8 10 10
left_child=1 3 7 5 -5 -1 -3 -2
right_child=2 6 -4 4 -6 -7 -8 -9
leaf_value=-0.01917581353959184 -0.14299415668845178 0.024363981008529666 0.053719796961353677 -0.0054387326833161553 0.11005488927476109 -0.22122131169339024 0.33123438104987146 -0.38088375186920165
leaf_weight=713 20 20 26 868 333 70 25 20
leaf_count=713 20 20 26 868 333 70 25 20
internal_value=0.000526287 0.00618822 -0.161009 0.00097572 0.0268661 -0.0385912 0.211923 -0.292154
internal_weight=2095 2029 66 1984 1201 783 45 40
internal_count=2095 2029 66 1984 1201 783 45 40
is_linear=0
shrinkage=0.05


Tree=61
num_leaves=6
num_cat=0
split_feature=62 31 117 8 54
split_gain=793.36 814.338 866.671 1443.91 1019.84
threshold=2.4083333333333337 0.47641155278931069 0.01412358788074926 -0.18024758869983751 -0.0020706414299471866
decision_type=10 10 8 10 8
left_child=1 2 3 -1 -4
right_child=-2 -3 4 -5 -6
leaf_value=0.10773359128292492 0.22103891196777115 0.27424389605338756 -0.099424490455287298 -0.019227383747111193 0.00011444075151375514
leaf_weight=348 35 21 411 608 672
leaf_count=348 35 21 411 608 672
internal_value=0.000467789 -0.00378169 -0.00733343 0.0272566 -0.0378981
internal_weight=2095 2060 2039 956 1083
internal_count=2095 2060 2039 956 1083
is_linear=0
shrinkage=0.05


Tree=62
num_leaves=9
num_cat=0
split_feature=102 10 71 16 79 76 86 93
split_gain=774.783 1142.51 1061.15 796.618 1080.42 867.669 545.533 62.2082
threshold=-22.966666666666661 0.049417989417989423 -0.69615384615384601 10.750000000000004 -0.016623549473782376 -7.7499999999999991 1.0630951438631338 0.0029310966810966875
decision_type=8 10 2 10 10 10 8 10
left_child=1 -1 6 5 -5 -4 -2 -3
right_child=2 7 3 4 -6 -7 -8 -9
leaf_value=-0.058240344673395165 -0.39386522129464607 0.38511691374911206 -0.055398191569296464 0.068926562253762508 -0.14150050506557352 0.031543905935531497 -0.041813162300321796 0.16930252955510067
leaf_weight=35 21 22 360 84 194 1336 22 21
leaf_count=35 21 22 360 84 194 1336 22 21
internal_value=0.000503266 0.150246 -0.00561996 2.98205e-06 -0.0776471 0.0129512 -0.237905 0.309375
internal_weight=2095 78 2017 1974 278 1696 43 43
internal_count=2095 78 2017 1974 278 1696 43 43
is_linear=0
shrinkage=0.05


Tree=63
num_leaves=7
num_cat=0
split_feature=57 45 25 76 96 93
split_gain=743.678 843.284 832.668 1430.59 1011.33 771.314
threshold=-2395.7999999999997 11.500000000000002 1.3439182777600855 -8.0833333333333304 26.022024455969596 0.0057040644540644484
decision_type=8 2 10 10 10 10
left_child=5 2 4 -4 -2 -1
right_child=1 -3 3 -5 -6 -7
leaf_value=0.028784641091312679 -0.0097028020773468199 0.26412780131063157 -0.13529760766526064 0.10574243728846228 -0.31299685793263571 -0.34579406439537008
leaf_weight=23 1581 26 70 346 23 26
leaf_count=23 1581 26 70 346 23 26
internal_value=0.000471445 0.00531628 0.0013164 0.0639389 -0.015042 -0.18266
internal_weight=2095 2046 2020 416 1604 49
internal_count=2095 2046 2020 416 1604 49
is_linear=0
shrinkage=0.05


Tree=64
num_leaves=15
num_cat=0
split_feature=39 59 8 29 50 76 104 48 3 109 25 46 51 97
split_gain=722.421 1365.24 1293.77 1375.39 1240.84 1202.83 1037.46 1021.07 980.376 925.266 791.42 734.411 467.705 441.453
threshold=-0.13718620737671608 0.15000000000000011 0.026973371078570677 0.12989238401254019 0.77053872053872052 2.7083333333333335 0.38907861484525108 -152.9047619047619 -1.9999999999999996 -21.152499961853025 1.3439182777600855 -0.1803902116402116 59.333333333333378 -0.028269775348681674
decision_type=8 8 10 10 10 10 8 10 8 10 10 10 10 10
left_child=1 5 3 8 -5 6 -1 -7 -2 -4 -11 12 -3 -13
right_child=2 11 9 4 -6 7 -8 -9 -10 10 -12 13 -14 -15
leaf_value=0.092445961238738314 -0.25082812752479161 0.2072104322222563 -0.3034023423225452 0.21387027824184279 -0.067959824543107644 -0.045046649013574309 -0.20372088981999292 0.33399209652732065 0.0060051342814394764 -0.076440049137801835 0.065016489328185392 -0.0030567364692687992 -0.094162806639304542 -0.28970282924446195
leaf_weight=162 34 21 34 143 50 21 31 77 778 548 116 20 21 39
leaf_count=162 34 21 34 143 50 21 31 77 778 548 116 20 21 39
internal_value=0.000397261 0.0611752 -0.0137016 0.0225591 0.140732 0.115779 0.0406794 0.25404 -0.00615701 -0.065771 -0.0513518 -0.093718 0.0614732 -0.201146
internal_weight=2095 392 1703 1005 193 291 193 98 812 698 664 101 42 59
internal_count=2095 392 1703 1005 193 291 193 98 812 698 664 101 42 59
is_linear=0
shrinkage=0.05


Tree=65
num_leaves=9
num_cat=0
split_feature=102 10 71 5 42 39 86 95
split_gain=715.112 1021.52 961.968 830.428 1184.33 847.124 504.944 104.344
threshold=-22.966666666666661 0.049417989417989423 -0.69615384615384601 -9.1244390315065758 0.036311654091941939 0.28713534144461977 1.0630951438631338 0.030044493575890816
decision_type=8 10 2 8 8 10 8 10
left_child=1 -1 6 4 -4 -5 -2 -3
right_child=2 7 3 5 -6 -7 -8 -9
leaf_value=-0.053110570497810844 -0.37671617584732864 0.15040801583001248 -0.26484307370324067 0.016466305651585439 0.029916535360472542 -0.13529808356897119 -0.038446041389747908 0.37708266841040716
leaf_weight=35 21 21 64 1753 65 92 22 22
leaf_count=35 21 21 64 1753 65 92 22 22
internal_value=0.000323138 0.144186 -0.00555827 -0.000154706 -0.120373 0.00852641 -0.226722 0.294622
internal_weight=2095 78 2017 1974 129 1845 43 43
internal_count=2095 78 2017 1974 129 1845 43 43
is_linear=0
shrinkage=0.05


Tree=66
num_leaves=9
num_cat=0
split_feature=62 20 12 49 70 76 57 51
split_gain=716.29 759.886 1040.72 969.94 1341.13 967.537 953.037 754.428
threshold=2.4083333333333337 -0.21489094942808148 -14.762068104073364 -1.8333333333333319 -0.12033662115434361 -2.7499999999999996 -170.29999999999998 -29.999999999999996
decision_type=10 8 10 10 10 10 10 10
left_child=1 2 7 4 -3 -4 -5 -1
right_child=-2 3 5 6 -6 -7 -8 -9
leaf_value=0.062701103783079568 0.20985580712556839 -0.037734891808403032 -0.09875115836867028 -0.062665964176613437 0.085820904727592032 0.11489699085553487 0.15030877812033785 0.47861788937449457
leaf_weight=23 35 444 85 888 425 124 51 20
leaf_count=23 35 444 85 888 425 124 51 20
internal_value=0.000269536 -0.00376669 0.0766739 -0.0151866 0.0227803 0.0274958 -0.0503108 0.286897
internal_weight=2095 2060 252 1808 869 209 939 43
internal_count=2095 2060 252 1808 869 209 939 43
is_linear=0
shrinkage=0.05


Tree=67
num_leaves=5
num_cat=0
split_feature=31 77 45 81
split_gain=696.513 867.714 790.389 779.296
threshold=0.47641155278931069 0.43049451212088269 11.500000000000002 0.57749999985098854
decision_type=10 10 2 10
left_child=1 2 3 -1
right_child=-2 -3 -4 -5
leaf_value=0.013374377635078255 0.25757314001138393 -0.24968843008790698 0.2519420443042632 -0.06310838484726404
leaf_weight=1603 21 30 26 415
leaf_count=1603 21 30 26 415
internal_value=0.000365946 -0.00282752 0.00137173 -0.00244663
internal_weight=2095 2074 2044 2018
internal_count=2095 2074 2044 2018
is_linear=0
shrinkage=0.05


Tree=68
num_leaves=11
num_cat=0
split_feature=42 20 49 70 51 17 30 65 4 111
split_gain=689.475 765.378 899.268 1658.08 1039.81 884.63 965.783 958.82 741.451 124.832
threshold=0.75617502458792718 -0.2123170554793129 -1.6666666666666676 -0.12033662115434361 123.41666666666676 9.3348873399185965 0.58628330052465172 -0.026094260306230615 4.1483516483516523 1.0000000180025095e-35
decision_type=10 8 8 10 8 10 10 10 10 8
left_child=1 5 3 -3 -4 7 -7 -1 9 -2
right_child=8 2 4 -5 -6 6 -8 -9 -10 -11
leaf_value=-0.045590134723769396 -0.13098923468589782 -0.064548935407301208 -0.083662580304486117 0.099777144586166613 0.012371845352136372 0.05863807847102484 0.44830399953549915 0.19043055623769761 0.049535993426557512 -0.36428601217269896
leaf_weight=131 20 236 529 419 593 37 26 58 26 20
leaf_count=131 20 236 529 419 593 37 26 58 26 20
internal_value=0.00037266 0.00574181 -0.00588004 0.0404534 -0.0330323 0.0864089 0.241327 0.029623 -0.152764 -0.276264
internal_weight=2095 2029 1777 655 1122 252 63 189 66 40
internal_count=2095 2029 1777 655 1122 252 63 189 66 40
is_linear=0
shrinkage=0.05


Tree=69
num_leaves=9
num_cat=0
split_feature=24 34 91 9 5 96 4 115
split_gain=693.609 765.705 1239.66 1173.44 842.767 973.476 831.153 713.487
threshold=-3.3312776901681591 0.0023260815069079403 0.26861450262367731 5.5000000000000009 8.1131840795278567 10.367863536989431 8.4272727272727277 -0.15559134950550893
decision_type=8 8 10 2 10 10 10 10
left_child=-1 4 3 -3 6 -6 -2 -4
right_child=1 2 7 -5 5 -7 -8 -9
leaf_value=0.21496816823712073 -0.080963109214103129 0.0066849192227172926 0.072600396289940805 0.12281955294855118 0.32197335777860703 -0.090017133951187142 0.04833150653844806 -0.21592734226795995
leaf_weight=32 605 868 26 286 28 22 152 76
leaf_count=32 605 868 26 286 28 22 152 76
internal_value=0.000374263 -0.00344191 0.0209254 0.0359158 -0.0413236 0.148085 -0.0547893 -0.141958
internal_weight=2095 2063 1256 1154 807 50 757 102
internal_count=2095 2063 1256 1154 807 50 757 102
is_linear=0
shrinkage=0.05


Tree=70
num_leaves=12
num_cat=0
split_feature=117 92 46 77 8 67 19 68 3 41 0
split_gain=669.422 1201.6 1554.56 1283.84 1273.34 2029.51 1469.67 995.773 854.606 929.833 898.337
threshold=0.01412358788074926 0.11583879083879084 -0.54120370370370363 -0.022023809452851619 -0.18024758869983751 -0.97555555555555529 0.6455978307096909 -0.46019954606890673 -1.1999999999999997 -0.012896236032247542 -6.4999999999999991
decision_type=8 10 10 10 10 10 10 8 8 10 10
left_child=1 4 -3 -4 5 -1 -6 -2 9 -9 -10
right_child=7 2 3 -5 6 -7 -8 8 10 -11 -12
leaf_value=-0.18237769050730601 -0.2967121705864415 0.18364917925662466 0.011627501094092926 -0.33813928129581305 -0.016954085583110217 0.18265340998819979 0.30157321876822374 0.0024060001803769011 -0.07217421076969055 -0.25298627257347106 0.032006101829690568
leaf_weight=40 28 31 43 60 501 268 34 67 296 70 657
leaf_count=40 28 31 43 60 501 268 34 67 296 70 657
internal_value=0.000405606 0.0305809 -0.105824 -0.197879 0.0528184 0.132931 0.00580109 -0.0259382 -0.0176138 -0.132047 -0.000507722
internal_weight=2095 977 134 103 843 308 535 1118 1090 137 953
internal_count=2095 977 134 103 843 308 535 1118 1090 137 953
is_linear=0
shrinkage=0.05


Tree=71
num_leaves=8
num_cat=0
split_feature=62 19 7 24 37 39 7
split_gain=661.531 688.32 1057.48 801.414 984.782 774.224 736.48
threshold=2.4083333333333337 -0.6977451667189597 0.03333333420256774 -2.3312378566789747 0.17243528715334835 -0.13718620737671608 -0.49666666090488432
decision_type=10 8 8 8 8 8 10
left_child=1 2 6 4 -3 -5 -1
right_child=-2 3 -4 5 -6 -7 -8
leaf_value=-0.19992533791065217 0.20174717500805858 0.35144175762931507 -0.34388727714886541 0.062680008506539181 0 -0.019227860614463729 0.1553522749245167
leaf_weight=20 35 31 32 349 45 1553 30
leaf_count=20 35 31 32 349 45 1553 30
internal_value=0.000331107 -0.003547 -0.141203 0.00247608 0.156523 -0.00404734 0.00707629
internal_weight=2095 2060 82 1978 76 1902 50
internal_count=2095 2060 82 1978 76 1902 50
is_linear=0
shrinkage=0.05


Tree=72
num_leaves=7
num_cat=0
split_feature=57 60 51 3 85 93
split_gain=663.246 951.541 787.546 1443.01 1068.68 661.387
threshold=-2395.7999999999997 -0.25045927241444588 123.41666666666676 -0.81818181818181801 -0.30952380952380942 0.0057040644540644484
decision_type=8 8 10 10 8 10
left_child=5 -2 4 -4 -3 -1
right_child=1 2 3 -5 -6 -7
leaf_value=0.023627998360565731 -0.22778660130448813 0.11604608651385794 -0.092657764281692187 0.10795999727469691 -0.022530562590493804 -0.32361905084502318
leaf_weight=23 38 150 111 396 1351 26
leaf_count=23 38 150 111 396 1351 26
internal_value=0.000339966 0.00491689 0.00990033 0.0634642 -0.00830963 -0.172604
internal_weight=2095 2046 2008 507 1501 49
internal_count=2095 2046 2008 507 1501 49
is_linear=0
shrinkage=0.05


Tree=73
num_leaves=9
num_cat=0
split_feature=102 10 71 86 110 1 86 95
split_gain=641.224 944.542 841.951 789.812 1182.31 1073.49 454.944 92.7175
threshold=-22.966666666666661 0.049417989417989423 -0.69615384615384601 -4.895833206176758 2.5000000000000004 0.09958191439509391 1.0630951438631338 0.030044493575890816
decision_type=8 10 2 8 8 10 8 10
left_child=1 -1 6 4 -4 -5 -2 -3
right_child=2 7 3 5 -6 -7 -8 -9
leaf_value=-0.052958159893751147 -0.35450974977933447 0.14393335592288237 -0.048438892996637152 -0.022662209125650246 0.14695042523850299 0.17469642813213998 -0.034023079827979759 0.35946485996246341
leaf_weight=35 21 21 123 1590 194 67 22 22
leaf_count=35 21 21 123 1590 194 67 22 22
internal_value=0.00027071 0.1365 -0.00529723 -0.000240083 0.0714067 -0.0141505 -0.212206 0.281205
internal_weight=2095 78 2017 1974 317 1657 43 43
internal_count=2095 78 2017 1974 317 1657 43 43
is_linear=0
shrinkage=0.05


Tree=74
num_leaves=10
num_cat=0
split_feature=42 20 73 12 113 101 41 4 111
split_gain=628.567 680.163 921.525 961.126 845.89 1460.88 1144.11 664.796 117.046
threshold=0.75617502458792718 -0.2123170554793129 73.500000000000014 -15.660134826004633 0.053769841269841294 -93.416666666666615 -0.028009501844644565 4.1483516483516523 1.0000000180025095e-35
decision_type=10 8 10 10 10 10 8 10 8
left_child=1 2 3 -1 6 -6 -3 8 -2
right_child=7 4 -4 -5 5 -7 -8 -9 -10
leaf_value=0.26364068422466519 -0.12357033151388169 -0.096789005357358196 0.31298429812933948 -0.0062615017890685094 -0.075406913379176044 0.096112719402907096 0.0056938474942956922 0.045729108611422202 -0.34755651283264166
leaf_weight=35 20 409 32 185 174 402 792 26 20
leaf_count=35 20 409 32 185 174 402 792 26 20
internal_value=0.00029199 0.00541974 0.0814644 0.0413597 -0.00553457 0.0440104 -0.0294218 -0.145924 -0.262848
internal_weight=2095 2029 252 220 1777 576 1201 66 40
internal_count=2095 2029 252 220 1777 576 1201 66 40
is_linear=0
shrinkage=0.05


Tree=75
num_leaves=9
num_cat=0
split_feature=21 117 92 46 41 68 49 110
split_gain=623.544 716.899 1064.03 1412.16 1088.66 842.719 780.656 522.515
threshold=5055.5000000000009 0.01412358788074926 0.11583879083879084 -0.54120370370370363 -0.024613462388515497 -0.46019954606890673 -5.9999999999999956 6.5000000000000009
decision_type=8 8 10 10 10 8 8 8
left_child=1 2 4 -4 -1 -3 -7 -2
right_child=7 5 3 -5 -6 6 -8 -9
leaf_value=-0.013144389861074236 -0.0022375695980512179 -0.28098053371138648 0.17469299371716462 -0.18893323610364288 0.10035388211508212 0.05443969618795174 -0.04737338443636821 0.33023319427783671
leaf_weight=389 21 28 31 103 453 240 809 21
leaf_count=389 21 28 31 103 453 240 809 21
internal_value=0.000285079 -0.00380429 0.0271329 -0.101193 0.0480911 -0.0318822 -0.0238844 0.180381
internal_weight=2095 2053 976 134 842 1077 1049 42
internal_count=2095 2053 976 134 842 1077 1049 42
is_linear=0
shrinkage=0.05


Tree=76
num_leaves=6
num_cat=0
split_feature=31 77 115 39 26
split_gain=627.086 752.826 717.761 1089.34 918.069
threshold=0.47641155278931069 0.43049451212088269 0.31544646223386136 -0.027281443873467644 -0.30602116489899339
decision_type=10 10 10 10 8
left_child=1 2 4 -4 -1
right_child=-2 -3 3 -5 -6
leaf_value=0.17042315791953694 0.24433718736355126 -0.23268330940178461 0.15576902425826414 -0.018120982941534174 -0.019765345483743486
leaf_weight=61 21 30 168 185 1630
leaf_count=61 21 30 168 185 1630
internal_value=0.000283569 -0.0027452 0.00116478 0.0655169 -0.0123929
internal_weight=2095 2074 2044 353 1691
internal_count=2095 2074 2044 353 1691
is_linear=0
shrinkage=0.05


Tree=77
num_leaves=9
num_cat=0
split_feature=57 58 0 111 58 8 7 42
split_gain=607.301 674.186 1381.79 1068.69 903.458 1338.38 1173.26 584.102
threshold=-2395.7999999999997 -0.037896899166369437 -18.499999999999996 -0.27870879120879111 -0.015920417443349318 -0.10181911749800136 -0.055555542310078913 0.2065203618565907
decision_type=8 8 8 10 8 8 10 8
left_child=7 2 -2 -4 6 -6 -3 -1
right_child=1 4 3 -5 5 -7 -8 -9
leaf_value=-0.0041572298064376364 -0.25813620079840932 -0.16864645167913161 -0.031597436109388415 0.18512462115024819 0.076456421110374928 -0.02455609966519064 0.012577402366550415 -0.33587545855687218
leaf_weight=28 23 173 83 165 502 923 177 21
leaf_count=28 23 173 83 165 502 923 177 21
internal_value=0.00030391 0.00468462 0.0774014 0.113204 -0.00657564 0.0111366 -0.0779718 -0.165184
internal_weight=2095 2046 271 248 1775 1425 350 49
internal_count=2095 2046 271 248 1775 1425 350 49
is_linear=0
shrinkage=0.05


Tree=78
num_leaves=5
num_cat=0
split_feature=62 24 31 77
split_gain=593.638 628.965 652.241 736.28
threshold=2.4083333333333337 -3.3312776901681591 0.47641155278931069 0.43049451212088269
decision_type=10 8 10 10
left_child=1 -1 3 -3
right_child=-2 2 -4 -5
leaf_value=0.20367944083280035 0.19102121599018573 -0.0062894566354320704 0.24664099544286727 -0.24104898467879085
leaf_weight=31 35 1980 20 29
leaf_count=31 35 1980 20 29
internal_value=0.000218617 -0.00345363 -0.0071358 -0.0102931
internal_weight=2095 2060 2029 2009
internal_count=2095 2060 2029 2009
is_linear=0
shrinkage=0.05


Tree=79
num_leaves=10
num_cat=0
split_feature=21 77 0 86 25 46 73 81 73
split_gain=588.167 616.319 1491.54 1477.66 834.131 1035.89 889.854 748.431 510.792
threshold=5055.5000000000009 -0.098431389778852449 -11.499999999999998 -6.8157907632681027 -0.33096055138816366 -0.083333333333333329 75.500000000000014 0.49795587391903018 69.500000000000014
decision_type=8 8 10 8 10 8 10 10 10
left_child=1 2 7 -4 6 -6 -3 -1 -2
right_child=8 4 3 -5 5 -7 -8 -9 -10
leaf_value=-0.02613217412987176 0.32979447150230412 -0.088935692315873616 0.30937750986853585 0.044560885207469099 0.094424773632998477 -0.025624073218600253 0.06736979628151113 -0.29156706551226175 0
leaf_weight=80 20 543 56 413 258 562 105 36 22
leaf_count=80 20 543 56 413 258 562 105 36 22
internal_value=0.000254593 -0.00371634 0.0394458 0.0792162 -0.0210259 0.0124301 -0.0632099 -0.117566 0.175167
internal_weight=2095 2053 585 469 1468 820 648 116 42
internal_count=2095 2053 585 469 1468 820 648 116 42
is_linear=0
shrinkage=0.05


Tree=80
num_leaves=14
num_cat=0
split_feature=16 115 9 66 76 40 110 98 2 68 102 36 85
split_gain=588.708 780.339 976.234 1050.05 730.541 725.358 915.231 850.661 721.297 961.849 690.889 584.439 551.655
threshold=10.750000000000004 0.33682082399415481 7.5000000000000009 0.89318928734532432 3.0833333333333335 -0.79576140766342462 3.5000000000000004 0.012728794167439135 0.070841152453795089 -0.11110520875081419 -1.4910714285714268 0.11111117402712491 0.027777777777777738
decision_type=10 10 2 10 8 8 10 10 10 8 10 10 10
left_child=5 2 3 -2 11 6 7 -1 9 -7 -8 -3 -10
right_child=1 4 -4 -5 -6 8 10 -9 12 -11 -12 -13 -14
leaf_value=-0.17553992310636923 -0.081028065291590665 -0.16023034453392029 0.16001273865501087 -0.35185955563674171 0.29451259231567384 -0.068059448196814698 0.39695829620232459 0.18404198196427576 0.35633766094036401 0.019488174257081929 0.069769409509041369 0.12924273318865084 0.0086081915431552476
leaf_weight=33 154 32 25 44 20 418 32 24 20 1209 34 28 22
leaf_count=33 154 32 25 44 20 418 32 24 20 1209 34 28 22
internal_value=0.000290775 -0.0635549 -0.111071 -0.148643 0.0670506 0.0112607 0.125978 -0.0206984 0.00242554 -0.00311305 0.245894 -0.0248233 0.19555
internal_weight=2095 303 223 198 80 1792 123 57 1669 1627 66 60 42
internal_count=2095 303 223 198 80 1792 123 57 1669 1627 66 60 42
is_linear=0
shrinkage=0.05


Tree=81
num_leaves=11
num_cat=0
split_feature=42 20 49 62 30 59 49 81 81 18
split_gain=588.244 615.365 836.359 988.747 961.262 814.588 1021.14 669.271 607.413 531.806
threshold=0.75617502458792718 -0.2123170554793129 -1.6666666666666676 -0.82499999999999973 -3.1224415915247712 0.14861111111111117 1.6666666666666681 -0.28888407623853934 -0.62932784733728575 0.14621027590086064
decision_type=10 8 10 8 10 8 10 10 10 8
left_child=1 5 3 -3 -4 6 -1 -7 -2 -10
right_child=8 2 4 -5 -6 7 -8 -9 9 -11
leaf_value=0.023011144589294086 0.068652219611864837 0.15800916060621223 0.11373959493605382 0.0077418618504876691 -0.055022576477536805 -0.28073578568605279 0.24909934592743715 0.057312137143952502 -0.034076432912395552 -0.37638680092219651
leaf_weight=116 21 124 89 733 831 21 85 30 21 24
leaf_count=116 21 124 89 733 831 21 85 30 21 24
internal_value=0.000372934 0.00533403 -0.00508455 0.0303326 -0.0381161 0.0776657 0.122589 -0.0936287 -0.141074 -0.237024
internal_weight=2095 2029 1777 857 920 252 201 51 66 45
internal_count=2095 2029 1777 857 920 252 201 51 66 45
is_linear=0
shrinkage=0.05


Tree=82
num_leaves=8
num_cat=0
split_feature=45 102 10 71 82 109 95
split_gain=555.167 579.187 850.928 700.681 704.527 385.859 85.9318
threshold=11.500000000000002 -22.966666666666661 0.049417989417989423 -0.69615384615384601 -0.16056538948958568 1.0303571701049796 0.030044493575890816
decision_type=2 8 10 2 8 8 10
left_child=1 2 -1 5 -5 -3 -4
right_child=-2 3 6 4 -6 -7 -8
leaf_value=-0.052900524958968166 0.20704016089439392 -0.3280762954400136 0.13392624683105028 0.16229420280264273 -0.0089745008621836646 -0.03238065397297895 0.33848857901714469
leaf_weight=35 27 21 21 57 1890 22 22
leaf_count=35 27 21 21 57 1890 22 22
internal_value=0.000348494 -0.00281884 0.126569 -0.0082199 -0.00353199 -0.196964 0.263985
internal_weight=2095 2068 78 1990 1947 43 43
internal_count=2095 2068 78 1990 1947 43 43
is_linear=0
shrinkage=0.05


Tree=83
num_leaves=8
num_cat=0
split_feature=62 19 72 24 69 49 108
split_gain=553.813 585.154 1012.7 674.362 1004.11 688.11 545.505
threshold=2.4083333333333337 -0.6977451667189597 0.0050896404767049258 -2.3312378566789747 0.031667731999122845 -5.3333333333333313 0.064737263014022689
decision_type=10 8 10 8 10 8 8
left_child=1 2 6 4 -3 -5 -1
right_child=-2 3 -4 5 -6 -7 -8
leaf_value=-0.072416990995407104 0.18467047974467277 0.016660942415059624 0.086084345728158956 0.050525400531633791 0.39282470279269749 -0.020230093851885414 -0.40572893872236215
leaf_weight=26 35 54 31 444 22 1458 25
leaf_count=26 35 54 31 444 22 1458 25
internal_value=0.00037981 -0.00316669 -0.130089 0.00238454 0.143695 -0.00359765 -0.258336
internal_weight=2095 2060 82 1978 76 1902 51
internal_count=2095 2060 82 1978 76 1902 51
is_linear=0
shrinkage=0.05


Tree=84
num_leaves=14
num_cat=0
split_feature=16 43 10 116 28 58 116 45 10 20 61 31 97
split_gain=540.336 756.863 1711.26 1584.87 1016.01 881.286 691.272 654.721 954.095 770.058 956.552 764.072 750.38
threshold=10.750000000000004 -0.055555555555555518 0.11019099947671378 -3.5000000000000031 0.0049304266770680847 -0.0083813605689959363 3.1666666666666683 9.5000000000000018 0.0057681405895692048 -0.2123170554793129 -0.031004948231081166 0.032115681950623802 0.10603078559276236
decision_type=10 8 10 10 10 10 10 2 8 8 10 10 10
left_child=7 3 6 -2 -4 -5 -3 9 -9 10 -1 -10 -11
right_child=1 2 4 5 -6 -7 -8 8 11 12 -12 -13 -14
leaf_value=-0.13451357813257922 0.12806101246087839 -0.15796815425157548 0.019833779315917923 -0.042234190851449971 0.42380014677842459 -0.41881066253598864 0.081490549941857671 -0.036854554996604012 0.48782948207855226 0.0016309634810103561 0.14517512660054765 0.063624776623867174 -0.13566231209715116
leaf_weight=33 28 110 34 25 25 44 37 37 20 1414 164 22 102
leaf_count=33 28 110 34 25 25 44 37 37 20 1414 164 22 102
internal_value=0.000389675 -0.0607758 -0.00524271 -0.172184 0.211524 -0.295118 -0.0966693 0.0109 0.147211 0.00417436 0.0959063 0.297098 -0.00798917
internal_weight=2095 303 206 97 59 69 147 1792 79 1713 197 42 1516
internal_count=2095 303 206 97 59 69 147 1792 79 1713 197 42 1516
is_linear=0
shrinkage=0.05


Tree=85
num_leaves=15
num_cat=0
split_feature=111 55 46 94 19 37 94 45 119 91 119 42 22 71
split_gain=548.199 1157.53 1114.98 1009.88 922.811 845.917 1604.69 843.382 809.825 758.166 751.46 669.475 599.028 566.804
threshold=-0.20393518518518522 0.59166666666666679 -0.1412798621131954 0.0042374156835158017 0.10367660618956305 0.22197517240419987 -0.0129646367146367 1.5000000000000002 -7.6666666666666661 0.024331294000148777 -1.8333333333333337 0.090886249672621502 0.08878968539950137 -0.45048701298701294
decision_type=8 2 8 10 10 10 10 2 8 10 10 8 8 2
left_child=1 4 3 10 13 8 -7 -3 -4 -5 -2 -9 -6 -1
right_child=2 7 5 9 12 6 -8 11 -10 -11 -12 -13 -14 -15
leaf_value=0.030702250202496846 -0.11325965370123203 0.26483602707202619 0.086025953309488867 0.33422340637161618 -0.078339623992747465 0.065901374779977248 -0.17931417462142074 -0.15973623630901179 -0.0091567779861665543 0.075056669639889162 0.11898333191871645 0.13199249081112244 0.20786233931779863 -0.21993108952883633
leaf_weight=25 60 34 286 58 42 106 165 37 957 59 70 32 25 139
leaf_count=25 60 34 286 58 42 106 165 37 957 59 70 32 25 139
internal_value=0.000422025 -0.0577926 0.011624 0.109014 -0.119259 -0.00453827 -0.0837622 0.0787352 0.0129605 0.212375 0.0111991 -0.0239892 0.0347765 -0.181651
internal_weight=2095 334 1761 247 231 1514 271 103 1243 117 130 69 67 164
internal_count=2095 334 1761 247 231 1514 271 103 1243 117 130 69 67 164
is_linear=0
shrinkage=0.05


Tree=86
num_leaves=7
num_cat=0
split_feature=52 2 89 42 81 51
split_gain=573.098 673.779 816.88 713.199 798.212 667.037
threshold=-0.10024509803921568 0.070841152453795089 -0.083510028169257552 0.75617502458792718 -0.3332092634712655 123.41666666666676
decision_type=8 10 8 10 10 10
left_child=-1 3 -3 5 -5 -2
right_child=1 2 -4 4 -6 -7
leaf_value=-0.19454878320967831 -0.012897472615592258 0.37305803166495433 -0.0037914661850248065 0.055386336199168509 -0.29474715505327498 0.053122802625004489
leaf_weight=32 1434 22 30 24 37 516
leaf_count=32 1434 22 30 24 37 516
internal_value=0.000469477 0.00398172 0.173506 -0.000796458 -0.162472 0.00463812
internal_weight=2095 2063 52 2011 61 1950
internal_count=2095 2063 52 2011 61 1950
is_linear=0
shrinkage=0.05


Tree=87
num_leaves=9
num_cat=0
split_feature=60 5 26 54 34 1 87 18
split_gain=545.363 1135.61 882.437 1073.98 653.163 883.557 762.325 355.707
threshold=-0.23936965564886725 0.76088268061478925 -0.29763025813736016 -0.018786020102927247 0.0023260815069079403 0.093156657492121084 -2.719347407420476 -0.33888357877731318
decision_type=8 10 8 10 8 10 8 10
left_child=1 -1 3 -2 5 -4 -6 -5
right_child=2 -3 4 7 6 -7 -8 -9
leaf_value=-0.33461351722478866 0.424323187271754 0.087204991749698119 -0.047777705285807562 -0.11552888607978823 0.1242381320311091 0.24896623538090634 0.005684627538676025 0.1251988424733281
leaf_weight=30 22 26 740 20 151 21 1050 35
leaf_count=30 22 26 740 20 151 21 1050 35
internal_value=0.000440715 -0.146854 0.00485989 0.165567 -0.00182656 -0.037952 0.0210849 0.0344955
internal_weight=2095 56 2039 77 1962 761 1201 55
internal_count=2095 56 2039 77 1962 761 1201 55
is_linear=0
shrinkage=0.05


Tree=88
num_leaves=14
num_cat=0
split_feature=76 4 25 0 41 54 87 52 91 101 37 86 88
split_gain=539.449 1327.61 1105.3 912.924 1082.83 1046.1 881.65 1180.09 861.489 1063.14 935.03 732.843 585.024
threshold=-7.7499999999999991 -8.2416666666666636 1.8662048456483669 14.500000000000002 0.090656574815511717 0.0092727775060160878 -0.066702730953693376 0.020397766264504683 0.39678604877553886 287.33333333333343 2.0768477184077105 0.10972235997517822 11.207142857142857
decision_type=10 8 8 8 10 10 8 10 8 10 8 10 10
left_child=1 11 8 5 -5 -3 7 -4 10 -10 -2 -1 -8
right_child=2 3 6 4 -6 -7 12 -9 9 -11 -12 -13 -14
leaf_value=-0.38227593505346197 -0.048444650709930995 -0.11072666579058199 0.32984021375440575 0.22909684469518454 -0.154266771960717 0.11529706539451212 0.1919339101844364 -0.0085432889617302211 0.14238446144252478 -0.16265118275369916 0.051656161473021378 -0.066946308255534284 -0.012564639879178397
leaf_weight=36 871 196 68 64 21 64 40 39 161 30 313 39 153
leaf_count=36 871 196 68 64 21 64 40 39 161 30 313 39 153
internal_value=0.000482691 -0.0498183 0.013236 -0.0070109 0.130519 -0.0537757 0.0993582 0.211182 -0.00581002 0.091291 -0.0218342 -0.233362 0.0333425
internal_weight=2095 420 1675 345 85 260 300 107 1375 191 1184 75 193
internal_count=2095 420 1675 345 85 260 300 107 1375 191 1184 75 193
is_linear=0
shrinkage=0.05


Tree=89
num_leaves=9
num_cat=0
split_feature=21 57 58 0 58 93 0 73
split_gain=536.147 583.418 597.754 1165.71 755.605 496.188 578.439 465.179
threshold=5055.5000000000009 -2395.7999999999997 -0.037896899166369437 -18.499999999999996 -0.015920417443349318 0.0057040644540644484 1.0000000180025095e-35 69.500000000000014
decision_type=8 10 8 8 8 10 8 10
left_child=1 5 3 -3 -4 6 -1 -2
right_child=7 2 4 -5 -6 -7 -8 -9
leaf_value=-0.21952039533191259 0.31502789378166202 -0.2374515973031521 -0.073675639167596396 0.10357237316579687 0.0083772660790081607 -0.29010847987186528 0.074812026626684444 0
leaf_weight=22 20 23 349 248 1346 26 39 22
leaf_count=22 20 23 349 248 1346 26 39 22
internal_value=0.000468531 -0.00332216 0.00240572 0.0706709 -0.00865499 -0.126399 -0.0391715 0.167466
internal_weight=2095 2053 1966 271 1695 87 61 42
internal_count=2095 2053 1966 271 1695 87 61 42
is_linear=0
shrinkage=0.05


Tree=90
num_leaves=7
num_cat=0
split_feature=52 2 71 42 17 4
split_gain=533.335 631.035 745.52 634.702 610.191 449.696
threshold=-0.10886366340639204 0.070841152453795089 -0.086309523809523822 0.75617502458792718 25.667050942306648 3.527777777777779
decision_type=8 10 2 10 10 10
left_child=-1 3 -3 4 -2 -5
right_child=1 2 -4 5 -6 -7
leaf_value=-0.21250882539255866 -0.00052816681983653086 0.35156315325626308 -0.0072865923976196956 -0.25252038561517287 0.17813503485249016 0.014129736762622309
leaf_weight=24 1914 23 29 37 44 24
leaf_count=24 1914 23 29 37 44 24
internal_value=0.000405828 0.00340318 0.167474 -0.0012011 0.00390477 -0.153729
internal_weight=2095 2071 52 2019 1958 61
internal_count=2095 2071 52 2019 1958 61
is_linear=0
shrinkage=0.05


Tree=91
num_leaves=11
num_cat=0
split_feature=96 91 68 53 49 40 23 115 35 30
split_gain=499.595 746.794 647.413 1062.18 1049.12 968.042 1195.87 918.085 661.021 374.13
threshold=22.503499882896616 -0.10434293374419211 -0.11110520875081419 0.23415288825829828 -5.3333333333333313 -0.63336401587973035 4.5000000000000009 -0.02941187059817214 0.011311142040150492 1.408872969793453
decision_type=10 10 8 10 8 10 2 10 8 10
left_child=2 -2 5 4 -4 7 -7 -1 -5 -3
right_child=1 9 3 8 -6 6 -8 -9 -10 -11
leaf_value=-0.058979422705514095 0.039717192185067002 -0.38970493555068969 0.12791206307567088 -0.22115769214604214 0.014141772654125685 0.095815728732975586 -0.10374699044710725 0.26818279805390732 0.023476601103130653 -0.072496377646923058
leaf_weight=37 37 20 244 64 1105 88 395 41 44 20
leaf_count=37 37 20 244 64 1105 88 395 41 44 20
internal_value=0.000391606 -0.120572 0.00531848 0.0229056 0.0351532 -0.0400683 -0.0666761 0.118184 -0.124421 -0.25789
internal_weight=2095 77 2018 1457 1349 561 483 78 108 40
internal_count=2095 77 2018 1457 1349 561 483 78 108 40
is_linear=0
shrinkage=0.05


Tree=92
num_leaves=10
num_cat=0
split_feature=16 16 67 75 80 2 40 41 55
split_gain=525.669 580.653 1153.09 1774.68 1544.05 718.599 1151.2 1025.05 548.34
threshold=-22.291666666666664 -5.1666666666666652 0.32041666666666668 -0.01673385081812739 0.66295848884617847 -0.0040262993425130835 -0.16774481007208425 0.038054997722307811 0.53589743589743599
decision_type=8 8 10 8 10 10 8 8 2
left_child=8 2 4 -4 -2 6 -3 -7 -1
right_child=1 5 3 -5 -6 7 -8 -9 -10
leaf_value=-0.27716342500027491 0.090443386455726388 0.11285455859424663 -0.03125192164620267 0.2866080000298098 -0.11745751331341857 -0.092295571624497336 -0.017464018345936066 0.030971077761232632 0.034449694816161086
leaf_weight=29 194 236 74 99 157 456 566 262 22
leaf_count=29 194 236 74 99 157 456 566 262 22
internal_value=0.000339069 0.00449266 0.0496379 0.153305 -0.00275248 -0.0111495 0.0212838 -0.047343 -0.150775
internal_weight=2095 2044 524 173 351 1520 802 718 51
internal_count=2095 2044 524 173 351 1520 802 718 51
is_linear=0
shrinkage=0.05


end of trees

feature_importances:
diff_opening_spread=90
diff_off_sack_rate_roll6=19
diff_leading_off_epa_std=18
diff_def_penalty_yards_std=17
diff_def_penalty_yards_drawn_roll6=17
diff_ep_team_exp_fp_total_std=17
ats_margin_avg3_away=17
diff_ko_return_avg_std=17
diff_def_explosive_rush_rate_std=16
diff_def_injury_impact_roll3=16
diff_skill_injury_impact_roll3=16
diff_off_three_and_out_rate_std=15
travel_miles_away=15
diff_leading_def_epa_std=15
diff_def_injury_impact_std=15
diff_ep_team_td_over_expected_std=14
diff_rb_weighted_epa_std=14
diff_away_def_epa_roll3=14
diff_fg_pct_long_std=14
diff_off_success_rate_std=13
diff_ko_touchback_rate_std=13
diff_off_third_down_rate_roll3=13
diff_travel_miles=13
diff_off_sack_rate_roll3=13
diff_skill_injury_impact_roll6=12
diff_div_def_epa_roll6=12
diff_off_rz_success_rate_roll6=12
diff_off_top_seconds_std=12
diff_pace_roll3=12
diff_win_pct=12
opening_total_home=12
diff_def_three_and_out_rate_std=12
diff_off_cpoe_roll6=11
diff_off_rz_epa_roll6=11
diff_nondiv_def_epa_roll3=10
diff_punt_return_avg_roll3=10
diff_ep_team_rush_share_hhi_roll6=10
diff_def_rz_epa_roll3=10
diff_off_rz_success_rate_roll3=10
diff_def_rz_td_rate_roll3=10
diff_opp_fumble_recovery_rate_std=10
diff_away_def_epa_roll6=9
diff_trailing_def_epa_std=9
diff_wr_te_weighted_epa_roll3=9
diff_off_penalties_std=8
diff_fourth_down_success_rate_roll6=8
diff_ep_team_opportunity_hhi_std=8
diff_rb_weighted_epa_roll3=8
diff_opp_fumble_recovery_rate_std_roll3=8
diff_off_top_seconds_roll3=8
diff_away_off_epa_roll3=8
diff_off_penalty_yards_drawn_std=8
diff_off_avg_drive_yards_std=8
diff_nondiv_def_epa_std=8
diff_ep_team_fp_over_expected_roll3=7
diff_off_epa_per_play_roll6=7
diff_def_rz_pass_rate_std=7
diff_off_explosive_pass_rate_roll6=7
diff_def_third_down_rate_roll3=7
diff_ep_team_exp_pass_fp_roll6=7
diff_def_explosive_pass_rate_roll3=7
diff_fourth_down_go_rate_roll3=7
diff_nondiv_def_epa_roll6=7
diff_off_rush_epa_roll3=6
diff_off_drives_per_game_std=6
diff_leading_off_epa_roll6=6
diff_leading_off_epa_roll3=6
diff_def_rz_epa_roll6=6
losses_away=6
diff_home_def_epa_std=6
diff_adj_off_epa_std=6
diff_home_off_epa_roll3=6
diff_fourth_down_go_rate_roll6=6
diff_ep_team_fp_over_expected_roll6=6
diff_ko_return_avg_roll6=6
wind_speed_away=6
diff_adj_def_epa_std=5
coaching_tenure_home=5
diff_wins=5
diff_off_success_rate_roll3=5
diff_own_fumble_recovery_rate_std_roll3=5
diff_adj_def_epa_roll3=5
diff_ep_team_opportunity_hhi_roll3=5
diff_off_third_down_rate_std=5
temperature_home=5
diff_div_off_epa_std=5
diff_off_rz_pass_rate_roll3=5
diff_def_third_down_rate_roll6=5
diff_off_explosive_rush_rate_roll3=5
diff_def_top_seconds_roll6=5
diff_pace_roll6=5
diff_def_penalty_yards_drawn_roll3=5
wins_home=4
diff_fourth_down_success_rate_std=4
diff_off_explosive_pass_rate_roll3=4
diff_def_avg_drive_plays_roll3=4
win_pct_home=4
diff_fg_pct_roll6=4
diff_def_sack_rate_roll3=4
diff_proe_roll6=4
diff_ep_team_td_over_expected_roll3=4
diff_trailing_off_epa_std=4
win_streak_home=4
diff_off_sos_score_std=4
win_streak_away=3
diff_def_penalties_std=3
diff_nondiv_off_epa_std=3
diff_wr_te_weighted_epa_std=3
diff_def_sack_rate_std=3
diff_off_explosive_rush_rate_roll6=3
diff_fg_pct_50plus_roll6=3
diff_def_rz_td_rate_roll6=3
ref_penalties_per_game_away=3
diff_fg_pct_short_roll3=2
diff_off_rz_trips_roll6=1

parameters:
[boosting: gbdt]
[objective: regression]
[metric: l2]
[tree_learner: serial]
[device_type: cpu]
[data_sample_strategy: bagging]
[data: ]
[valid: ]
[num_iterations: 500]
[learning_rate: 0.05]
[num_leaves: 31]
[num_threads: 16]
[seed: 42]
[deterministic: 0]
[force_col_wise: 1]
[force_row_wise: 0]
[histogram_pool_size: -1]
[max_depth: 4]
[min_data_in_leaf: 20]
[min_sum_hessian_in_leaf: 0.001]
[bagging_fraction: 0.8]
[pos_bagging_fraction: 1]
[neg_bagging_fraction: 1]
[bagging_freq: 0]
[bagging_seed: 400]
[bagging_by_query: 0]
[feature_fraction: 0.7]
[feature_fraction_bynode: 1]
[feature_fraction_seed: 30056]
[extra_trees: 0]
[extra_seed: 12879]
[early_stopping_round: 0]
[early_stopping_min_delta: 0]
[first_metric_only: 0]
[max_delta_step: 0]
[lambda_l1: 1]
[lambda_l2: 5]
[linear_lambda: 0]
[min_gain_to_split: 0]
[drop_rate: 0.1]
[max_drop: 50]
[skip_drop: 0.5]
[xgboost_dart_mode: 0]
[uniform_drop: 0]
[drop_seed: 17869]
[top_rate: 0.2]
[other_rate: 0.1]
[min_data_per_group: 100]
[max_cat_threshold: 32]
[cat_l2: 10]
[cat_smooth: 10]
[max_cat_to_onehot: 4]
[top_k: 20]
[monotone_constraints: ]
[monotone_constraints_method: basic]
[monotone_penalty: 0]
[feature_contri: ]
[forcedsplits_filename: ]
[refit_decay_rate: 0.9]
[cegb_tradeoff: 1]
[cegb_penalty_split: 0]
[cegb_penalty_feature_lazy: ]
[cegb_penalty_feature_coupled: ]
[path_smooth: 0]
[interaction_constraints: ]
[verbosity: -1]
[saved_feature_importance_type: 0]
[use_quantized_grad: 0]
[num_grad_quant_bins: 4]
[quant_train_renew_leaf: 0]
[stochastic_rounding: 1]
[linear_tree: 0]
[max_bin: 255]
[max_bin_by_feature: ]
[min_data_in_bin: 3]
[bin_construct_sample_cnt: 200000]
[data_random_seed: 175]
[is_enable_sparse: 1]
[enable_bundle: 1]
[use_missing: 1]
[zero_as_missing: 0]
[feature_pre_filter: 1]
[pre_partition: 0]
[two_round: 0]
[header: 0]
[label_column: ]
[weight_column: ]
[group_column: ]
[ignore_column: ]
[categorical_feature: ]
[forcedbins_filename: ]
[precise_float_parser: 0]
[parser_config_file: ]
[objective_seed: 16083]
[num_class: 1]
[is_unbalance: 0]
[scale_pos_weight: 1]
[sigmoid: 1]
[boost_from_average: 1]
[reg_sqrt: 0]
[alpha: 0.9]
[fair_c: 1]
[poisson_max_delta_step: 0.7]
[tweedie_variance_power: 1.5]
[lambdarank_truncation_level: 30]
[lambdarank_norm: 1]
[label_gain: ]
[lambdarank_position_bias_regularization: 0]
[eval_at: ]
[multi_error_top_k: 1]
[auc_mu_weights: ]
[num_machines: 1]
[local_listen_port: 12400]
[time_out: 120]
[machine_list_filename: ]
[machines: ]
[gpu_platform_id: -1]
[gpu_device_id: -1]
[gpu_use_dp: 0]
[num_gpu: 1]

end of parameters

pandas_categorical:[]
