tree
version=v4
num_class=1
num_tree_per_iteration=1
label_index=0
max_feature_idx=79
objective=regression
feature_names=ats_margin_avg3_away diff_adj_off_epa_std diff_away_def_epa_roll6 diff_away_off_epa_roll6 diff_def_avg_drive_plays_roll3 diff_def_epa_per_play_roll6 diff_def_explosive_rush_rate_std diff_def_injury_impact_roll3 diff_def_injury_impact_std diff_def_penalty_yards_drawn_roll6 diff_def_rz_epa_roll6 diff_def_rz_success_rate_roll3 diff_def_rz_success_rate_std diff_def_rz_td_rate_roll3 diff_def_sack_rate_roll6 diff_def_success_rate_roll6 diff_def_third_down_rate_roll3 diff_def_three_and_out_rate_std diff_div_def_epa_roll6 diff_div_def_epa_std diff_div_off_epa_roll6 diff_fg_att_std diff_fg_pct_50plus_roll6 diff_fg_pct_50plus_std diff_fourth_down_go_rate_roll3 diff_fourth_down_go_rate_std diff_fourth_down_success_rate_roll3 diff_fourth_down_success_rate_roll6 diff_home_def_epa_roll6 diff_home_def_epa_std diff_home_off_epa_roll6 diff_ko_return_avg_std diff_ko_touchback_rate_roll3 diff_ko_touchback_rate_roll6 diff_leading_def_epa_roll3 diff_leading_off_epa_roll3 diff_leading_off_epa_roll6 diff_leading_off_epa_std diff_nondiv_def_epa_roll3 diff_nondiv_def_epa_roll6 diff_nondiv_off_epa_roll3 diff_nondiv_off_epa_std diff_off_avg_drive_plays_std diff_off_cpoe_roll6 diff_off_epa_per_play_roll6 diff_off_explosive_pass_rate_roll3 diff_off_explosive_rush_rate_roll3 diff_off_penalties_std diff_off_penalty_yards_drawn_roll3 diff_off_penalty_yards_drawn_roll6 diff_off_rush_epa_std diff_off_rz_success_rate_std diff_off_rz_td_rate_roll3 diff_off_rz_trips_std diff_off_sack_rate_std diff_off_sos_score_roll3 diff_off_success_rate_std diff_off_third_down_rate_roll3 diff_off_third_down_rate_roll6 diff_off_three_and_out_rate_std diff_off_top_seconds_std diff_opening_spread diff_opp_fumble_recovery_rate_std diff_opp_fumble_recovery_rate_std_roll6 diff_own_fumble_recovery_rate_std_roll3 diff_punt_return_avg_roll3 diff_punt_return_avg_roll6 diff_rb_weighted_epa_roll3 diff_rb_weighted_epa_roll6 diff_skill_injury_impact_roll3 diff_skill_injury_impact_roll6 diff_trailing_def_epa_std diff_trailing_off_epa_roll6 diff_travel_miles diff_win_streak diff_wr_te_weighted_epa_std opening_total_away travel_miles_away win_pct_home wind_speed_away
feature_infos=[-38:39] [-0.89615999162197113:0.75189545750617981] [-0.76172319302956271:0.81195994466543198] [-0.73939523100852966:0.84628571569919586] [-3.833333333333333:3.2272727272727275] [-0.71541596949100494:0.88652980327606201] [-0.2424242424242424:0.20042417815482502] [-4.1500000000000004:3.7666666666666666] [-4.1500000000000004:3] [-69:77] [-2.2391043901443481:2.4243320624033609] [-0.69230768084526062:0.8333333283662796] [-0.69230768084526062:0.8333333283662796] [-1:1] [-0.14705882966518402:0.1666666716337204] [-0.24968472123146057:0.30359803140163422] [-0.57142859697341919:0.56666663289070129] [-0.46153846153846156:0.40909090909090906] [-0.86481103301048279:0.78134894371032715] [-0.77946552634239197:0.78134894371032715] [-0.75205850601196289:1.0891301482915878] [-4:4] [-1:1] [-1:1] [-0.51666666666666672:0.80000000000000004] [-0.44444444444444442:0.80000000000000004] [-1:1] [-1:1] [-0.80247220396995544:0.88652980327606201] [-0.80247220396995544:0.88652980327606201] [-0.62429746985435486:1.1150727421045303] [-48.5:47.125] [-1:1] [-1:1] [-6.2839754968881607:8.9713747501373291] [-8.9221019198497142:8.8304748088121414] [-8.3892935514450073:5.439639899879694] [-4.8015694357454777:5.439639899879694] [-0.73443540185689926:0.88652980327606201] [-0.65543012320995331:0.88652980327606201] [-0.74516201019287109:0.97462587058544159] [-0.66089094678560889:0.75189545750617981] [-3.583333333333333:4.5] [-30.688534736633301:38.514461517333984] [-0.89615999162197113:0.84700344502925873] [-0.18837018837018837:0.2857142857142857] [-0.23076923076923078:0.2533333333333333] [-7:6] [-77:94] [-77:94] [-0.67900723963975906:1.0113861858844757] [-0.73333331942558289:0.84615384042263031] [-1:1] [-6:5] [-0.16287340596318245:0.14610389992594719] [-0.73939523100852966:0.81203330308198929] [-0.38152013719081879:0.27322402596473694] [-0.44230771064758301:0.62727269530296326] [-0.44230771064758301:0.62727269530296326] [-0.4116161616161616:0.57575757575757569] [-984:879] [-33:43] [-1:1] [-1:1] [-1:1] [-26.999999523162842:45.416667938232422] [-26.999999523162842:45.416667938232422] [-8.528332817309348:10.559087289124728] [-7.6779916545954237:10.559087289124728] [-2.9489422087868058:2.8925925925374032] [-2.4974933153018357:2.3574074074074076] [-1.6924982778728008:1.6416833959519863] [-2.5981578990817069:2.2618493437767029] [-2719.8000000000002:1992.7000000000003] [-17:16] [-12.31318187713623:12.183483719825745] [10.5:63.5] [0:5266.8000000000002] [0:1] [0:71]
tree_sizes=1382 1516 1332 1518 1442 1437 1518 1434 1432 1514 1410 1527 1432 1437 1422 1518 1267 1187 1441 1433 1522 1511 1435 1441 1363 1526 1451 1508 1528 1443 1449 1428 1187 1356 1272 1451 1180 1352 1511 1346 1098 1269 1181 1176 924 1337 916 933 920 1264 1360 924 1242 1269 930 1270 1005 918 1181 1444 933 1184 932 929 842 1351 1264 846 923 936 1443 1260 1446 1436 928 920 1430 1177 927 1175 1020 1008 1351 1286 937 1179 1358 1267 927

Tree=0
num_leaves=15
num_cat=0
split_feature=56 41 60 10 39 55 6 54 77 51 19 53 67 7
split_gain=25221.1 11002.6 4537.96 4303.92 3824.54 3459.76 2701.48 2666.56 2293.05 1632.19 1570.53 1285.85 1233.78 730.961
threshold=-0.018642493585745486 0.075403560325503369 144.87500000000003 0.35820659995079046 0.010117618745425718 -0.095986897746721894 0.0060763511324572203 -0.012146649468276234 139.10000000000002 -0.14066529998030416 0.18364295838400724 -0.11111111111111092 -0.93933412695302032 -0.099999999999999936
decision_type=8 10 10 10 8 8 10 10 10 10 10 10 10 10
left_child=2 4 5 7 10 6 -1 -3 -6 -7 -2 -4 -5 -13
right_child=1 3 11 12 8 9 -8 -9 -10 -11 -12 13 -14 -15
leaf_value=1.4493797442100071 1.9026851905046884 2.1850388090007891 1.59421349635041 1.3934808160835437 1.9201964394760522 1.7498361188055698 1.1483526188634974 1.9280923979973703 1.6045305439913244 1.4776055837497217 1.5656807740397245 1.736962787139577 1.7945578197836312 2.1304477007572924
leaf_weight=173 260 233 39 21 60 70 153 205 506 225 36 22 68 24
leaf_count=173 260 233 39 21 60 70 153 205 506 225 36 22 68 24
internal_value=1.70263 1.82623 1.46029 2.00504 1.71574 1.41362 1.30171 2.06879 1.63969 1.54208 1.85994 1.79778 1.68904 1.96506
internal_weight=2095 1389 706 527 862 621 326 438 566 295 296 85 89 46
internal_count=2095 1389 706 527 862 621 326 438 566 295 296 85 89 46
is_linear=0
shrinkage=1


Tree=1
num_leaves=16
num_cat=0
split_feature=56 41 53 38 2 55 8 13 0 14 53 14 79 77 54
split_gain=22814.4 6715.04 6476.71 3686.4 2774.94 2512.65 2765.66 2181.25 1839.86 2092.57 1731.24 1716.7 1633.27 1585.81 1502.72
threshold=-0.009569272271588351 0.075403560325503369 -0.23472222222222225 0.083356944785919054 0.16957784999006739 -0.10900735736746961 -0.59791666666666654 0.33333333333333348 1.0833333333333337 -0.0057810345509399985 0.89642857142857169 0.01232147333212197 8.5000000000000018 1849.7500000000002 -0.022481883255143952
decision_type=10 10 8 8 10 8 10 10 8 8 10 10 10 10 10
left_child=2 4 5 10 11 6 -1 -5 9 -4 -3 -2 -6 -10 -7
right_child=1 3 8 7 12 14 -8 -9 13 -11 -12 -13 -14 -15 -16
leaf_value=-0.058097183654705689 0.02655647626225038 0.2820051849461519 -0.16293981652993425 0.19831488789059223 -0.29981533731901794 0.15307823665001816 -0.45762976404938682 -0.19973434474733143 -0.061860208160814216 0.17606247696396593 0.53384095646333007 0.23221296176749778 0.09618849910795689 -0.38422450331297331 -0.20856478052294772
leaf_weight=55 304 190 60 147 77 29 238 40 222 149 133 149 35 42 225
leaf_count=55 304 190 60 147 77 29 238 40 222 149 133 149 35 42 225
internal_value=0 0.160367 -0.168959 0.291004 0.0408411 -0.285335 -0.385033 0.109926 -0.0326952 0.0769745 0.392412 0.0961064 -0.176815 -0.11952 -0.164924
internal_weight=2095 1075 1020 510 565 547 293 187 473 209 323 453 112 264 254
internal_count=2095 1075 1020 510 565 547 293 187 473 209 323 453 112 264 254
is_linear=0
shrinkage=0.05


Tree=2
num_leaves=14
num_cat=0
split_feature=61 61 61 10 47 8 67 60 63 77 56 58 64
split_gain=44601.3 8162.51 6836.27 2460.07 2283.71 2333.57 1958.25 1926.51 1945.91 1866.08 3032.87 1613.22 1240.77
threshold=5.5000000000000009 -8.4999999999999982 16.500000000000004 0.28735823649913078 -2.0499999999999994 -0.49285714285714294 -0.97486253065004969 40.719230769230656 -0.38187500000000002 1817.3500000000001 -0.045794930309057229 0.059878757844368614 -0.062251984126984176
decision_type=10 8 10 10 8 10 8 8 10 10 10 10 10
left_child=1 7 4 6 -2 -6 -4 8 -1 11 -11 -3 -9
right_child=2 9 3 -5 5 -7 -8 12 -10 10 -12 -13 -14
leaf_value=-0.18386791309584744 -0.26863076629177218 -0.13937800742375356 0.19316194217938643 0.05124825961887837 0.051758053544488619 0.23900094661037052 0.5839118792814143 -0.35491817116737367 -0.59695660082654067 -0.6076090343718259 -0.10233698010067396 0.07273747025540582 0.066615640348003755
leaf_weight=41 26 559 47 35 261 475 183 40 177 48 74 103 26
leaf_count=41 26 559 47 35 261 475 183 40 177 48 74 103 26
internal_value=0 -0.225724 0.234671 0.45174 0.156663 0.173466 0.510084 -0.453496 -0.525354 -0.1408 -0.317621 -0.106002 -0.195158
internal_weight=2095 1068 1027 265 762 736 230 284 218 784 122 662 66
internal_count=2095 1068 1027 265 762 736 230 284 218 784 122 662 66
is_linear=0
shrinkage=0.05


Tree=3
num_leaves=16
num_cat=0
split_feature=61 61 61 13 59 47 8 57 44 54 40 62 69 11 64
split_gain=40372.5 7400.28 6203.99 2752.44 2188.61 2397 2364.81 2033.65 2590.01 1779.26 1585 1380.66 1258.65 939.091 748.853
threshold=5.5000000000000009 -8.4999999999999982 16.500000000000004 0.27222222222222231 0.036627608502608523 -1.5916666666666661 -0.81602564102564079 1.0000000180025095e-35 0.090839368446419655 0.0012081294276175098 0.18691735481843355 0.12922008547008554 -0.46048079305409612 -0.084699561198552445 -0.06541005291005296
decision_type=10 8 10 10 8 8 10 10 10 10 10 10 10 10 8
left_child=1 9 4 10 6 -6 -2 14 -9 13 -3 -5 -11 -1 -4
right_child=2 3 7 11 5 -7 -8 8 -10 12 -12 -13 -14 -15 -16
leaf_value=-0.36120309509495474 -0.028796840893043268 -0.20023659833011923 0.30620425426090758 0.16085490537631625 -0.42823152885987209 0.077442432911831796 0.25651353634392249 -0.047677984638583096 0.41258500169137585 -0.20607809644369854 0.073937231592523564 -0.18791420631683792 -0.56997797087181457 -0.022302078091821009 0.7402274776250124
leaf_weight=42 86 594 25 101 21 233 422 37 144 37 55 34 167 38 59
leaf_count=42 86 594 25 101 21 233 422 37 144 37 55 34 167 38 59
internal_value=-0.000104346 -0.214875 0.223151 -0.13401 0.148837 0.0279818 0.208306 0.429938 0.319477 -0.431754 -0.176537 0.0690855 -0.510725 -0.211595 0.636075
internal_weight=2095 1068 1027 784 762 254 508 265 181 284 649 135 204 80 84
internal_count=2095 1068 1027 784 762 254 508 265 181 284 649 135 204 80 84
is_linear=0
shrinkage=0.05


Tree=4
num_leaves=15
num_cat=0
split_feature=56 55 68 60 5 31 43 30 33 69 0 62 17 31
split_gain=17700.8 6834.66 4108.11 3609.68 3155.93 2435.7 2354.54 1999.04 1882.88 2129.9 1892.49 1836.36 1478.61 924.714
threshold=-0.018642493585745486 0.076414003347357137 -0.99383486619166694 15.916666666666631 -0.053585867087046296 -7.8262498855590819 -2.3331542213757825 -0.29227425747861463 -0.04970238095238088 0.026092914491891866 8.0833333333333339 0.12161796536796539 0.06164775480251674 0.30938855084505873
decision_type=8 10 10 10 10 8 10 8 10 10 10 10 10 8
left_child=3 8 13 6 -4 -5 7 -1 10 -10 -2 -8 -7 -3
right_child=1 2 4 5 -6 12 11 -9 9 -11 -12 -13 -14 -15
leaf_value=-0.64517401754856119 -0.014803320970059486 -0.23202374796383085 0.49168256192035931 0.42765317547321324 0.20326277919776611 -0.21817176142674791 -0.036004655142979965 -0.29609311951071393 0.21333593398258827 -0.019494697986381881 -0.35183588473693184 -0.38781185678851149 0.040560987960854805 0.10828358215945109
leaf_weight=53 451 43 148 20 290 109 135 238 197 189 41 47 104 30
leaf_count=53 451 43 148 20 290 109 135 238 197 189 41 47 104 30
internal_value=-0.000103254 0.103422 0.247854 -0.203146 0.305282 -0.0405845 -0.281857 -0.369665 0.0183773 0.100414 -0.046247 -0.135063 -0.09358 -0.093554
internal_weight=2095 1389 511 706 438 233 473 291 878 386 492 182 213 73
internal_count=2095 1389 511 706 438 233 473 291 878 386 492 182 213 73
is_linear=0
shrinkage=0.05


Tree=5
num_leaves=15
num_cat=0
split_feature=56 41 19 10 74 73 31 41 2 23 69 74 16 67
split_gain=16026.4 6982.77 3519.83 3315.64 2423.52 1769.03 2171.2 1748.7 1642.09 1504.41 1484.46 1413.31 1098.6 978.278
threshold=-0.018642493585745486 0.075403560325503369 0.040849099587649117 0.35820659995079046 1.0000000180025095e-35 -2235.6499999999992 -4.7314813825819222 0.060063999701274698 0.15380256813174739 0.52083333333333337 0.38336656664808599 2.5000000000000004 0.046735204756259925 -0.93933412695302032
decision_type=8 10 10 10 10 10 8 8 10 8 10 10 10 10
left_child=2 4 5 11 8 -1 -7 -6 -2 10 -4 -3 -11 -5
right_child=1 3 9 13 7 6 -8 -9 -10 12 -12 -13 -14 -15
leaf_value=-0.50223822976861687 -0.010090533082958738 0.22154570496903447 -0.29592425049323107 -0.2975633437816913 0.20165074261281413 0.13419032651052049 -0.14115118442463939 -0.092018197652171646 -0.23706479866253705 0.11021616958802748 -0.63201562943868339 0.41764711334892529 -0.29733249126253902 0.05978909579092917
leaf_weight=23 501 279 110 21 208 84 372 63 90 26 59 159 32 68
leaf_count=23 501 279 110 21 208 84 372 63 90 26 59 159 32 68
internal_value=-0.000185785 0.0983203 -0.193388 0.240773 0.0102854 -0.114326 -0.0894166 0.132769 -0.0464379 -0.353943 -0.428335 0.296756 -0.119597 -0.0353409
internal_weight=2095 1389 706 527 862 479 456 271 591 227 169 438 58 89
internal_count=2095 1389 706 527 862 479 456 271 591 227 169 438 58 89
is_linear=0
shrinkage=0.05


Tree=6
num_leaves=16
num_cat=0
split_feature=61 61 61 13 42 65 54 0 60 63 77 30 2 41 11
split_gain=33334.4 6042.64 5039.18 2424.27 2080.13 1932.53 2189.06 2171.52 1558.86 1676.1 1483.86 1476.13 1393.33 1143.18 891.309
threshold=5.5000000000000009 -8.4999999999999982 12.500000000000002 0.27222222222222231 0.27908480408480424 -1.2444445192813871 -0.018693637492883403 -6.208333333333333 40.719230769230656 -0.38187500000000002 1849.7500000000002 0.26264523373295873 -0.17345056178358689 -0.17689292404268467 0.17379679779211685
decision_type=10 8 10 10 10 8 10 10 8 10 10 8 10 10 10
left_child=1 8 5 10 11 6 -2 -7 9 -1 -3 -4 -5 -10 -6
right_child=2 3 4 12 14 7 -8 -9 13 -11 -12 -13 -14 -15 -16
leaf_value=-0.14383242402387703 0.20554815711522545 -0.12904441317679516 0.13255619750469153 0.3836492921624865 0.46971043924889977 -0.029072039309194532 -0.18529534495879557 0.23000873985662784 -0.32860324806755498 -0.52200476664149176 -0.34404769892975384 0.38697115910354629 -0.0098938526187697037 0.068554567238863773 0.13884884337072864
leaf_weight=41 49 556 188 23 194 113 102 268 37 177 93 84 112 29 29
leaf_count=41 49 556 188 23 194 113 102 268 37 177 93 84 112 29 29
internal_value=-0.000340824 -0.195496 0.202521 -0.122403 0.316734 0.094199 -0.0556218 0.153658 -0.391494 -0.455924 -0.162325 0.216873 0.0681043 -0.160852 0.430891
internal_weight=2095 1068 1027 784 495 532 151 381 284 218 649 272 135 66 223
internal_count=2095 1068 1027 784 495 532 151 381 284 218 649 272 135 66 223
is_linear=0
shrinkage=0.05


Tree=7
num_leaves=15
num_cat=0
split_feature=61 61 61 13 10 0 45 60 9 54 8 57 69 12
split_gain=30176.6 5486.5 4631.48 2205 2136.29 2060.69 1839.6 1744.49 1456.32 1429.98 1193.17 1185.78 1113.07 763.662
threshold=5.5000000000000009 -8.4999999999999982 16.500000000000004 0.27222222222222231 0.28735823649913078 -8.2083333333333304 0.0077585171824458227 29.111111111111089 8.0000000000000036 0.0012081294276175098 0.32658279220779235 -0.065695648392041492 -0.46048079305409612 -0.095700071633808156
decision_type=10 8 10 10 10 10 10 8 10 10 10 10 10 10
left_child=1 9 5 8 6 10 -4 -7 -3 13 -2 -5 -11 -1
right_child=2 3 4 11 -6 7 -8 -9 -10 12 -12 -13 -14 -15
leaf_value=-0.32858949417159677 -0.097196739313227157 -0.1140182295953855 0.60411233763945738 0.27370695361624592 0.0048324929177761084 0.08077440527094705 0.29377194002784529 0.25306906678304553 -0.29952413822463952 -0.16355163696266356 0.22336138777334141 -0.034259715070477641 -0.4984267068896876 -0.024358500912785533
leaf_weight=37 130 515 90 41 35 291 140 309 134 37 32 94 167 43
leaf_count=37 130 515 90 41 35 291 140 309 134 37 32 94 167 43
internal_value=-0.000284014 -0.185967 0.192729 -0.116318 0.371411 0.128508 0.425692 0.170947 -0.154393 -0.372728 -0.0287856 0.0653486 -0.443295 -0.176705
internal_weight=2095 1068 1027 784 265 762 230 600 649 284 162 135 204 80
internal_count=2095 1068 1027 784 265 762 230 600 649 284 162 135 204 80
is_linear=0
shrinkage=0.05


Tree=8
num_leaves=15
num_cat=0
split_feature=61 61 61 42 9 30 68 68 26 31 8 21 69 3
split_gain=27329.6 5041.27 4354.37 2158.02 1889.38 1889.07 1724.91 1483.39 1386.48 1359.47 1437.01 1367.91 1310.73 1050.82
threshold=5.5000000000000009 -6.4999999999999991 11.500000000000002 0.26987685154351798 8.0000000000000036 0.26264523373295873 1.7611138809664391 -2.3627831136447726 -0.16666668405135471 -3.0119047846112923 -0.34999999999999998 -0.5119505494505493 0.10953583501811541 -0.006782425567507743
decision_type=10 8 10 8 8 8 10 10 8 8 8 8 10 8
left_child=1 6 9 5 8 -4 7 -1 -3 11 -11 -2 -6 -5
right_child=2 4 3 13 12 -7 -8 -9 -10 10 -12 -13 -14 -15
leaf_value=-0.1782347743254189 -0.13276843893527987 -0.15521837179316209 0.096803852864235318 0.084647182556422992 -0.13818254014140513 0.41905044437696537 0.013565350621938706 -0.41635283328679079 0.02559493736142204 -0.12664746740473468 0.087292531485270178 0.29284258193243295 -0.43230485066219615 0.4059011916857469
leaf_weight=104 20 155 212 32 161 55 35 254 310 109 247 95 49 257
leaf_count=104 20 155 212 32 161 55 35 254 310 109 247 95 49 257
internal_value=-0.000249135 -0.176958 0.183433 0.277678 -0.0928019 0.169851 -0.318393 -0.350724 -0.0355799 0.0703255 0.0208031 0.215959 -0.215501 0.372544
internal_weight=2095 1068 1027 556 675 267 393 358 465 471 356 115 210 289
internal_count=2095 1068 1027 556 675 267 393 358 465 471 356 115 210 289
is_linear=0
shrinkage=0.05


Tree=9
num_leaves=16
num_cat=0
split_feature=61 61 61 65 13 42 30 31 60 21 47 30 44 39 39
split_gain=24872.7 5363.61 3521.85 2170.86 2099.18 1952.52 1695.16 1662.48 1381.22 1341.46 1212.75 1187.47 1130.49 950.233 837.282
threshold=2.5000000000000004 11.500000000000002 -8.4999999999999982 -1.2222222288449602 0.28452380952380968 0.27908480408480424 0.26264523373295873 0.05242636439564486 40.719230769230656 0.12613636363636352 1.4226190476190479 -0.27038468042155722 0.0076170138884966302 0.01412358788074926 0.084307337451415762
decision_type=10 10 8 8 10 10 8 8 8 10 10 8 10 8 10
left_child=2 3 8 12 10 6 -3 -5 11 -6 -4 -1 -2 -10 -7
right_child=1 5 4 7 9 14 -8 -9 13 -11 -12 -13 -14 -15 -16
leaf_value=-0.61940595897761264 -0.22840154222705789 0.092075185327520292 -0.19126534291130842 0.23324268476585663 -0.043677182587576503 0.41578009303273822 0.3432730402996384 0.032568406175304244 0.13050734423674071 0.32412884268495773 0.063432530286135505 -0.31807752704043268 0.018360002099403316 -0.24697019423916938 0.15767827239238993
leaf_weight=50 80 212 483 164 76 198 98 272 21 31 49 168 100 45 48
leaf_count=50 80 212 483 164 76 198 98 272 21 31 49 168 100 45 48
internal_value=-0.000252631 0.152337 -0.193838 0.0499245 -0.126912 0.264256 0.175833 0.109953 -0.339447 0.0721499 -0.167341 -0.399752 -0.0942504 -0.125427 0.369762
internal_weight=2095 1172 923 616 639 556 310 436 284 107 532 218 180 66 246
internal_count=2095 1172 923 616 639 556 310 436 284 107 532 218 180 66 246
is_linear=0
shrinkage=0.05


Tree=10
num_leaves=15
num_cat=0
split_feature=61 61 61 71 27 57 0 68 37 24 52 8 31 4
split_gain=22514.7 4176.9 3843.86 1860.62 2240.87 1662.2 1635.64 1542.31 1508.38 1496.69 1480.62 1312.3 1085.72 871.819
threshold=5.5000000000000009 -6.4999999999999991 20.500000000000004 0.026023880527645819 0.40138889054457355 0.037632646660010018 -8.2083333333333304 1.7611138809664391 -0.6977451667189597 -0.13577441077441074 0.022222222222222174 0.3125 1.7500002384185793 0.25070253820253768
decision_type=10 8 10 10 8 10 10 10 8 8 10 8 10 10
left_child=1 7 6 10 -5 12 11 8 -1 -8 -3 -2 -4 -7
right_child=2 3 5 4 -6 13 9 -9 -10 -11 -12 -13 -14 -15
leaf_value=-0.67216024350735459 -0.155021173721512 -0.088451435862408667 0.81085106168474474 -0.046754753097140618 0.33039121412216349 0.37257011417299513 -0.018018198964329293 0.023137336894869805 -0.28263772129957243 0.1904311603258764 -0.30201047120005398 0.10639911749001062 0.25698913977696347 0.056100947912349257
leaf_weight=26 79 281 30 238 42 55 99 35 332 598 114 107 21 38
leaf_count=26 79 281 30 238 42 55 99 35 332 598 114 107 21 38
internal_value=-0.000214614 -0.160606 0.166501 -0.0839991 0.0144456 0.402537 0.125902 -0.289348 -0.319934 0.160835 -0.153216 -0.00552397 0.626991 0.25323
internal_weight=2095 1068 1027 675 280 144 883 393 358 697 395 186 51 93
internal_count=2095 1068 1027 675 280 144 883 393 358 697 395 186 51 93
is_linear=0
shrinkage=0.05


Tree=11
num_leaves=16
num_cat=0
split_feature=44 39 59 76 54 38 4 18 59 8 74 37 39 55 53
split_gain=9338.88 3450.68 2868.24 2741.5 2458.2 2322.72 2059.19 2022.92 1836.04 2176.57 1677.25 1605.98 1307.09 1398.96 712.591
threshold=0.018979311610261604 0.01412358788074926 0.032662844210463289 42.250000000000007 -0.012146649468276234 0.12493800366064535 0.79034090909090937 0.0035302146958808085 0.049157164061010207 -0.33480769230769225 2.5000000000000004 -0.23477074643597004 0.011540120902160805 0.024498941997687023 -0.16287878787878782
decision_type=10 10 10 8 10 10 10 10 10 10 10 8 10 8 10
left_child=1 8 4 5 6 -3 -2 -5 9 -1 -6 -10 13 -4 -14
right_child=2 3 12 7 10 -7 -8 -9 11 -11 -12 -13 14 -15 -16
leaf_value=-0.052136223255856644 0.32317677930762462 -0.22158220397389453 -0.22295238305540646 -0.14783238925153228 -0.0010001165781389266 0.26007244292307985 0.042531149867942097 -0.39526460616189918 -0.30094313176915699 0.15429305267653295 0.23020145199139064 -0.043197064070159163 -0.024921823740005497 0.17518538299297531 -0.40852922701409888
leaf_weight=321 275 41 29 192 250 50 88 156 87 205 109 184 20 58 30
leaf_count=321 275 41 29 192 250 50 88 156 87 205 109 184 20 58 30
internal_value=-0.000132238 -0.08803 0.126062 -0.199773 0.165726 0.0423042 0.25678 -0.262919 -0.025556 0.0289174 0.0712581 -0.130076 -0.0810935 0.037025 -0.27221
internal_weight=2095 1236 859 439 722 91 363 348 797 526 359 271 137 87 50
internal_count=2095 1236 859 439 722 91 363 348 797 526 359 271 137 87 50
is_linear=0
shrinkage=0.05


Tree=12
num_leaves=15
num_cat=0
split_feature=61 61 61 65 13 67 61 57 0 43 77 21 18 30
split_gain=19568.8 4353.38 2828.62 1964.86 1856.56 1568.58 1514.08 1556.38 1482.23 1469.99 1456.52 1230.19 1194.31 1734.96
threshold=2.5000000000000004 11.500000000000002 -8.4999999999999982 -1.2222222288449602 0.28452380952380968 0.82571454029689406 20.500000000000004 1.0000000180025095e-35 -6.208333333333333 8.1131840795278567 1849.7500000000002 0.12613636363636352 -0.10846356488764285 -0.27038468042155722
decision_type=10 10 8 8 10 10 10 10 10 10 10 10 8 8
left_child=2 3 12 5 10 -2 9 -8 -5 -3 -4 -6 -1 -14
right_child=1 6 4 8 11 -7 7 -9 -10 -11 -12 -13 13 -15
leaf_value=-0.023521495800196135 -0.20723781990818679 0.13699380191053695 -0.11082093080215985 -0.042317653904584328 -0.036183922764856692 0.088653037676940105 0.62851078536199489 0.25044994903383433 0.15842987468916994 0.38980328800692543 -0.33291263625673628 0.31622318806540639 -0.62291147288633519 -0.26754995209840238
leaf_weight=35 111 344 445 127 76 69 41 103 309 68 87 31 43 206
leaf_count=35 111 344 445 127 76 69 41 103 309 68 87 31 43 206
internal_value=-0.000204543 0.135139 -0.171916 0.0428853 -0.111948 -0.0942122 0.235965 0.375907 0.100025 0.183013 -0.149995 0.075028 -0.3024 -0.340168
internal_weight=2095 1172 923 616 639 180 556 144 436 412 532 107 284 249
internal_count=2095 1172 923 616 639 180 556 144 436 412 532 107 284 249
is_linear=0
shrinkage=0.05


Tree=13
num_leaves=15
num_cat=0
split_feature=61 61 61 3 9 73 65 38 31 67 13 46 43 54
split_gain=17734.2 3956.44 2573.72 1886.47 1834.24 1812.55 1783.43 1558.21 1446.55 1396.35 1377.26 1152.2 995.463 707.176
threshold=2.5000000000000004 11.500000000000002 -8.4999999999999982 -0.1278540374478325 8.0000000000000036 -826.44999999999993 -1.0805554886658983 0.083356944785919054 -2.8493056138356532 0.82571454029689406 0.28452380952380968 -0.020433726173044016 -2.9823664079109826 0.0051302671587715567
decision_type=10 10 8 8 8 8 8 10 8 10 10 8 10 10
left_child=2 6 11 -3 10 -6 9 -5 -8 -2 -4 13 -13 -1
right_child=1 3 4 7 5 -7 8 -9 -10 -11 -12 12 -14 -15
leaf_value=-0.20235606520234245 -0.1927555498127051 -0.10304943350858467 -0.094078614078258571 0.29709306697987448 -0.40221544887577548 -0.088400857505995203 0.25345566177910028 0.086554388821125039 0.042487117947841234 0.081611939809926148 0.1198177507049159 -0.28634322503909332 -0.03359630969555482 -0.50068977513798962
leaf_weight=41 114 38 361 398 84 104 105 120 325 72 90 103 64 76
leaf_count=41 114 38 361 398 84 104 105 120 325 72 90 103 64 76
internal_value=-0.000155552 0.128686 -0.163621 0.224807 -0.106418 -0.235663 0.040736 0.249709 0.0964388 -0.0869308 -0.0504388 -0.288088 -0.193565 -0.409133
internal_weight=2095 1172 923 556 639 188 616 518 430 186 451 284 167 117
internal_count=2095 1172 923 556 639 188 616 518 430 186 451 284 167 117
is_linear=0
shrinkage=0.05


Tree=14
num_leaves=15
num_cat=0
split_feature=61 61 61 77 57 0 60 71 42 46 37 20 7 63
split_gain=16076.4 3070.65 2917.86 1776.65 1456.95 1402.44 1532.65 1396 1367.12 1351.62 1288 1329.39 990.264 277.403
threshold=5.5000000000000009 -6.4999999999999991 20.500000000000004 1849.7500000000002 0.037632646660010018 -8.2083333333333304 -237.00416666666658 0.026023880527645819 0.070717635539063753 0.015357941449160551 -0.6977451667189597 -0.3838951420038938 0.099999999999999936 0.13831018518518515
decision_type=10 8 10 10 10 10 8 10 10 10 8 8 8 8
left_child=1 10 5 7 13 12 -7 -3 -5 -6 -1 -12 -2 -4
right_child=2 3 4 8 9 6 -8 -9 -10 -11 11 -13 -14 -15
leaf_value=-0.56229609306901696 -0.16512211539166077 -0.10046055156285683 0.33509618965062232 -0.38732425400188997 0.0093888257100593828 -0.15203683626922695 0.15587358464954668 0.05634605515444157 -0.0089189128684146069 0.38365846671737158 0.080600779604267425 -0.24475407636721666 0.068687123242020615 0.71235994143145431
leaf_weight=27 66 333 28 65 46 39 658 240 37 47 32 334 120 23
leaf_count=27 66 333 28 65 46 39 658 240 37 47 32 334 120 23
internal_value=-0.000271878 -0.135807 0.140601 -0.0701297 0.346197 0.105255 0.137613 -0.0347766 -0.257358 0.20897 -0.246188 -0.21547 -0.0161664 0.55454
internal_weight=2095 1068 1027 675 144 883 697 573 102 93 393 366 186 51
internal_count=2095 1068 1027 675 144 883 697 573 102 93 393 366 186 51
is_linear=0
shrinkage=0.05


Tree=15
num_leaves=16
num_cat=0
split_feature=61 61 61 65 13 20 67 35 61 77 60 63 21 33 64
split_gain=14621.7 3373.42 2163.16 1616.09 1514.52 1492.95 1261.53 1245.7 1517.66 1230.34 1185.08 1422.09 1122.39 1116.02 1033.49
threshold=2.5000000000000004 11.500000000000002 -8.4999999999999982 -1.0805554886658983 0.28452380952380968 0.04863029555417598 0.82571454029689406 -0.15135068446397779 20.500000000000004 2339.6500000000001 40.719230769230656 -0.38187500000000002 0.12613636363636352 -0.11289682539682531 -0.062251984126984176
decision_type=10 10 8 8 10 8 10 8 10 10 8 10 10 10 10
left_child=2 3 10 6 9 -5 -2 13 -9 -4 11 -1 -6 -3 -12
right_child=1 7 4 5 12 -7 -8 8 -10 -11 14 -13 -14 -15 -16
leaf_value=-0.044835337364803191 -0.18647556600675474 -0.24659791097596839 -0.11047112111680196 0.20714029441023191 -0.033760864742928082 0.015688413008031522 0.074391245822627836 0.17734294963899178 0.38355552395525622 -0.43997772585961131 -0.21916620834006204 -0.37822779183407768 0.30286294507483641 0.13420588578750839 0.15718182825273086
leaf_weight=41 114 22 506 160 76 270 72 344 128 26 40 177 31 62 26
leaf_count=41 114 22 506 160 76 270 72 344 128 26 40 177 31 62 26
internal_value=-0.000234344 0.116754 -0.148665 0.0355555 -0.0962292 0.0886034 -0.0859291 0.205507 0.236804 -0.130615 -0.262767 -0.318161 0.072486 0.025659 -0.0695752
internal_weight=2095 1172 923 616 639 430 186 556 472 532 284 218 107 84 66
internal_count=2095 1172 923 616 639 430 186 556 472 532 284 218 107 84 66
is_linear=0
shrinkage=0.05


Tree=16
num_leaves=13
num_cat=0
split_feature=56 39 73 60 56 44 18 48 63 36 47 9
split_gain=6809.22 3253.84 2162.09 1965.24 1914.59 1746.3 1994.3 1547.04 1530.07 1499.43 1475.6 606.685
threshold=-0.018642493585745486 0.025473030943733956 -2235.6499999999992 22.733333333333238 0.093156657492121084 0.10007551883657775 -0.3352519972249865 -4.6666666666666652 -0.12499999999999997 -0.52497992326971132 0.66025641025641024 -0.33333333333333298
decision_type=8 8 10 10 10 10 8 10 10 8 10 10
left_child=2 5 -1 8 9 6 -2 -5 -4 -3 -7 -6
right_child=1 4 3 7 11 10 -8 -9 -10 -11 -12 -13
leaf_value=-0.4902935766256773 0.4469689506472963 -0.31733383231219792 -0.064267663081640197 -0.15184229111965794 0.049511502434810006 0.31128675783208259 0.037942985625915138 0.12306982702274116 -0.24782292802342956 -0.0093104620753148033 0.020662856558638237 0.37753883633296942
leaf_weight=34 28 37 222 76 25 199 327 134 240 681 57 35
leaf_count=34 28 37 222 76 25 199 327 134 240 681 57 35
internal_value=-0.000246097 0.0639545 -0.126188 -0.104207 -0.00393116 0.149806 0.0761029 0.0221278 -0.161361 -0.0273375 0.248405 0.255952
internal_weight=2095 1389 706 672 778 611 355 210 462 718 256 60
internal_count=2095 1389 706 672 778 611 355 210 462 718 256 60
is_linear=0
shrinkage=0.05


Tree=17
num_leaves=12
num_cat=0
split_feature=56 54 69 73 13 68 25 53 41 49 0
split_gain=6177.28 2700.18 2085.79 1983.63 1848.13 1785.69 2032.11 1706.37 1463.93 1418.87 1095.72
threshold=-0.018642493585745486 -0.0072152152812729282 0.71729836977707873 -2235.6499999999992 0.15833333333333335 -2.3627831136447726 -0.027318572631072621 -0.11111111111111092 0.054174721955011294 -22.416666666666661 7.5833333333333348
decision_type=8 8 10 10 10 10 10 10 10 8 8
left_child=3 2 4 -1 -2 6 -5 -7 -4 -3 -11
right_child=1 9 8 5 -6 7 -8 -9 -10 10 -12
leaf_value=-0.46892180458093302 0.23930646217801185 0.29234559083214173 -0.26696657650172712 -0.1566992678321325 0.034518016013036293 -0.19346661495709391 0.21319282162806086 0.010416706294660837 0.10781018045815555 0.023251794023047345 -0.10808239224830472
leaf_weight=34 362 34 45 60 161 393 82 137 50 513 224
leaf_count=34 362 34 45 60 161 393 82 137 50 513 224
internal_value=-0.000221159 0.0609266 0.138341 -0.120177 0.177283 -0.0991259 0.0565464 -0.141066 -0.0736877 -0.00155278 -0.0170572
internal_weight=2095 1389 618 706 523 672 142 530 95 771 737
internal_count=2095 1389 618 706 523 672 142 530 95 771 737
is_linear=0
shrinkage=0.05


Tree=18
num_leaves=15
num_cat=0
split_feature=61 61 61 9 57 32 47 55 46 71 68 18 69 56
split_gain=12080.2 2360.42 2144.88 1503.43 1415.69 1357.46 1248.41 1355.02 1222.59 1216.56 1192.69 1356.52 1182.82 168.958
threshold=5.5000000000000009 -6.4999999999999991 20.500000000000004 8.0000000000000036 1.0000000180025095e-35 0.016865079365079364 -1.8571428571428568 -0.10706818332740416 0.017461195659411548 -0.0098219770627717192 1.7611138809664391 0.030575517409791548 0.0046164773404598026 0.052623985673893571
decision_type=10 8 10 8 10 8 8 10 10 10 10 8 8 10
left_child=1 10 6 9 13 -5 7 -2 -6 -3 11 -1 -8 -4
right_child=2 3 4 5 8 -7 12 -9 -10 -11 -12 -13 -14 -15
leaf_value=-0.08929367070612701 0.15815448679316502 -0.088892489182275713 0.67117703962326059 -0.32552831635755652 0.015484146599968274 -0.06462122159975546 0.16955073831417605 -0.31499656679991045 0.3544826001069456 0.071134248469024899 0.055955208688974384 -0.30570370804209251 0.049296819639383774 0.29938164192896627
leaf_weight=110 21 234 20 80 55 130 392 33 48 231 35 248 437 21
leaf_count=110 21 234 20 80 55 130 392 33 48 231 35 248 437 21
internal_value=-0.000239065 -0.117731 0.121873 -0.0601491 0.298188 -0.169506 0.0915462 -0.132336 0.183024 -0.00937792 -0.214507 -0.241493 0.106895 0.535073
internal_weight=2095 1068 1027 675 144 210 883 54 103 465 393 358 829 41
internal_count=2095 1068 1027 675 144 210 883 54 103 465 393 358 829 41
is_linear=0
shrinkage=0.05


Tree=19
num_leaves=15
num_cat=0
split_feature=61 61 54 29 74 3 65 61 58 3 42 54 56 30
split_gain=10986.2 2618.62 1951.95 1898.58 1635.81 1551.19 1457.34 1429.4 1535.91 1355.38 1209.43 1026.55 875.781 751.681
threshold=2.5000000000000004 11.500000000000002 0.0013897144195870461 0.044655424014975638 -2.4999999999999996 -0.1278540374478325 -1.0805554886658983 -15.499999999999998 -0.15496078754464782 0.24630378078048429 0.26987685154351798 -0.0073468533758487961 -0.020652873011735764 -0.10341746111710864
decision_type=10 10 8 10 10 8 8 8 8 10 8 10 10 8
left_child=2 6 3 11 -5 -3 12 13 -9 -8 -7 -1 -2 -4
right_child=1 5 7 4 -6 10 9 8 -10 -11 -12 -13 -14 -15
leaf_value=-0.2173087279816143 -0.25193235272807735 -0.11595039443914282 -0.46132684465264906 -0.11299177152022982 0.22561060365061372 0.11422227332523714 0.10640673450615944 0.091022669283613078 -0.17666174865339468 -0.20709637178990403 0.27168710188060585 0.050393366869890467 -0.015634339609449464 -0.10303076284712759
leaf_weight=117 51 38 59 52 93 235 397 57 473 33 283 48 135 24
leaf_count=117 51 38 59 52 93 235 397 57 473 33 283 48 135 24
internal_value=-0.000144304 0.101259 -0.12881 -0.0257826 0.104129 0.179453 0.0297244 -0.1802 -0.147198 0.0801284 0.202121 -0.139946 -0.0855865 -0.370032
internal_weight=2095 1172 923 310 145 556 616 613 530 430 518 165 186 83
internal_count=2095 1172 923 310 145 556 616 613 530 430 518 165 186 83
is_linear=0
shrinkage=0.05


Tree=20
num_leaves=16
num_cat=0
split_feature=61 61 61 9 59 57 48 64 36 56 46 8 73 73 45
split_gain=9959.87 2005 1875.15 1516.51 1370.49 1336.12 1335.63 1136.51 2212.45 1626.1 1125.63 1067.08 1018.23 276.929 198.649
threshold=5.5000000000000009 -7.4999999999999991 20.500000000000004 8.0000000000000036 -0.069555167055167025 1.0000000180025095e-35 -15.499999999999996 -0.055555555555555518 -0.05649174936115741 0.093156657492121084 0.017461195659411548 -0.60871212121212115 -1331.8499999999997 -742.94999999999993 0.0068044527216716668
decision_type=10 8 10 8 10 10 10 10 8 10 10 10 8 10 10
left_child=1 4 7 6 13 14 -3 9 -9 -2 -7 -6 -5 -1 -4
right_child=2 3 5 12 11 10 -8 8 -10 -11 -12 -13 -14 -15 -16
leaf_value=-0.065996171810008872 0.0029201131175764262 -0.18029021329640116 0.63287617541276497 -0.35019703723233325 -0.011888848407113035 0.0047446936539684735 0.02518321098498652 -0.037651394403461991 0.22075654809356582 0.32481338206548682 0.32901882456158693 -0.29051410970701413 -0.10309158614761121 0.1660268989801407 0.26860283559560777
leaf_weight=22 453 92 21 53 41 55 423 115 277 38 48 237 180 20 20
leaf_count=22 453 92 21 53 41 55 423 115 277 38 48 237 180 20 20
internal_value=-0.000235017 -0.10692 0.110642 -0.061279 -0.210869 0.275453 -0.0128072 0.0823081 0.145303 0.0309564 0.164562 -0.250535 -0.165686 0.0493357 0.504779
internal_weight=2095 1068 1027 748 320 144 515 883 392 491 103 278 233 42 41
internal_count=2095 1068 1027 748 320 144 515 883 392 491 103 278 233 42 41
is_linear=0
shrinkage=0.05


Tree=21
num_leaves=16
num_cat=0
split_feature=59 54 69 67 6 8 58 29 12 0 77 19 79 20 16
split_gain=4437.17 3452.68 2302.68 2411.49 1992.27 1932.97 1515.17 1392.44 1253.81 1239.89 1171.2 1613.37 1290.62 797.1 762.57
threshold=0.033383977133977123 -0.0027581390924751761 0.012032035134696363 0.58628330052465172 0.012123839681043325 -0.79821428571428565 0.062218019738793408 -0.099638180807232843 0.11773169596516898 -5.208333333333333 289.85000000000008 -0.13414621911942956 6.5000000000000009 -0.015483662486076353 -0.075382024049758869
decision_type=10 8 10 10 10 10 10 10 8 10 10 8 10 10 10
left_child=1 2 3 -1 6 -4 9 14 -9 -2 12 -12 -3 -8 -6
right_child=4 10 5 -5 7 -7 13 8 -10 -11 11 -13 -14 -15 -16
leaf_value=0.087456882105638789 -0.24613619272597137 -0.041100521535537712 -0.24416951550678775 0.33937552016614836 -0.19677552565148004 0.082786679803210458 0 -0.35511122805861417 -0.021270102953038564 -0.022794767353709226 0.19458930845661412 -0.083104087765136198 0.23954815052544018 0.40625192611305805 0.10457172866989957
leaf_weight=203 75 82 50 183 33 249 22 142 36 287 53 542 74 22 42
leaf_count=203 75 82 50 183 33 249 22 142 36 287 53 542 74 22 42
internal_value=-0.000108348 0.0491457 0.129916 0.20983 -0.107073 0.0248306 -0.0373733 -0.215837 -0.290292 -0.0719263 -0.0248323 -0.0568696 0.0950221 0.224215 -0.0314075
internal_weight=2095 1436 685 386 659 299 406 253 178 362 751 595 156 44 75
internal_count=2095 1436 685 386 659 299 406 253 178 362 751 595 156 44 75
is_linear=0
shrinkage=0.05


Tree=22
num_leaves=15
num_cat=0
split_feature=61 61 76 48 68 39 3 31 8 38 17 15 31 59
split_gain=8702.37 2102.78 1748.5 1816.23 1536.13 2793.37 1364.91 1335.51 1438.65 1309.98 1263.05 1197.76 838.377 835.469
threshold=2.5000000000000004 11.500000000000002 42.250000000000007 -8.1666666666666661 -2.3627831136447726 0.017694394368057451 -0.1278540374478325 -5.680681744488802 -0.33819444444444446 0.083356944785919054 0.051860203288774685 0.016415675481160522 6.197221899032594 0.051051473778746463
decision_type=10 10 10 10 8 10 8 8 8 10 8 10 8 10
left_child=2 7 3 12 5 -4 -3 13 -9 -8 -6 -5 -1 -2
right_child=1 6 4 11 10 -7 9 8 -10 -11 -12 -13 -14 -15
leaf_value=-0.26209815849618212 0.28930991875628631 -0.11625457766444186 0.23231857495293734 -0.034548042513754061 -0.25387466673253462 -0.26818009933829307 0.22478692364594705 -0.12687302684658264 0.050061608836287012 0.034457232831418515 -0.080139781515480901 0.20904014727080261 0.0048783458471298221 -0.047750135617596765
leaf_weight=77 64 38 58 110 342 45 398 161 368 120 160 86 45 23
leaf_count=77 64 38 58 110 342 45 398 161 368 120 160 86 45 23
internal_value=-7.34455e-05 0.090174 -0.114589 -0.0190356 -0.164165 0.0108988 0.160245 0.0260667 -0.00437817 0.181542 -0.199936 0.074625 -0.166914 0.201906
internal_weight=2095 1172 923 318 605 103 556 616 529 518 502 196 122 87
internal_count=2095 1172 923 318 605 103 556 616 529 518 502 196 122 87
is_linear=0
shrinkage=0.05


Tree=23
num_leaves=15
num_cat=0
split_feature=61 61 58 0 63 1 57 58 0 0 31 48 25 59
split_gain=7869.23 1897.6 1678.38 1458.94 1545.96 1441.39 1226.76 1923.02 1226.57 1220.34 1536.89 1211.59 1167.21 765.71
threshold=2.5000000000000004 11.500000000000002 0.058783002197742469 -3.5833333333333326 -0.26358465608465598 -0.087037991732358919 0.0089760720729827621 0.065232004970312132 -13.916666666666666 -5.708333333333333 -5.3520832191814058 -14.916666666666663 0.12624834656084657 0.035168650793650807
decision_type=10 10 10 10 10 8 10 10 10 10 8 8 10 10
left_child=2 9 5 -4 -5 12 8 -8 -3 13 -11 -7 -1 -2
right_child=1 6 3 4 -6 11 7 -9 -10 10 -12 -13 -14 -15
leaf_value=0.066011794583689901 -0.023357075019936328 -0.034540502535991183 -0.19524848323315383 -0.12556374876788168 0.29975570976790605 -0.31310035432419503 -0.080621070741959247 0.17362786270678043 0.28341518269231669 0.26660683463201112 0.025011057179479552 -0.13343041194524513 -0.27924008250236509 -0.26066855815765649
leaf_weight=128 137 34 35 28 61 116 110 209 203 76 362 530 25 41
leaf_count=128 137 34 35 28 61 116 110 209 203 76 362 530 25 41
internal_value=-8.70201e-05 0.0857306 -0.108985 0.0599251 0.165854 -0.13547 0.152296 0.0859103 0.237823 0.0248257 0.0695806 -0.167927 0.00223017 -0.0839205
internal_weight=2095 1172 923 124 89 799 556 319 237 616 438 646 153 178
internal_count=2095 1172 923 124 89 799 556 319 237 616 438 646 153 178
is_linear=0
shrinkage=0.05


Tree=24
num_leaves=14
num_cat=0
split_feature=56 38 8 59 7 77 68 64 17 59 22 14 7
split_gain=3552.33 1945.3 1680.49 1858.05 1561.1 1531.57 1577.29 2131.34 1549.8 1529.18 1834.24 1314.79 761.283
threshold=-0.020652873011735764 0.012650221819058062 -0.47613636363636347 -0.051643217893217887 -1.3416666666666663 2300.1000000000008 -2.3627831136447726 -0.18700396825396823 0.033464375131041772 0.012760040885040904 -1.0000000180025095e-35 0.033804057631641633 0.11666666666666668
decision_type=8 8 8 8 10 10 10 8 10 10 8 10 10
left_child=5 9 4 -4 -3 6 7 -1 -8 11 -11 -2 -7
right_child=1 2 3 -5 -6 12 8 -9 -10 10 -12 -13 -14
leaf_value=-0.26109711163573796 0.11601343945946013 0.086892830098376561 0.16634280775861987 -0.019598479145813898 -0.24992197310192543 -0.10733045256137848 -0.18399671985187216 0.18297523806718263 -0.004324143031254191 -0.27958690635859967 0.087923641876991976 0.33599366928408908 -0.55610046042845807
leaf_weight=31 345 46 178 501 109 20 303 105 198 43 111 84 21
leaf_count=31 345 46 178 501 109 20 303 105 198 43 111 84 21
internal_value=-0.000124495 0.0448674 -0.00415455 0.0299326 -0.15006 -0.0938695 -0.0730078 0.0757289 -0.113832 0.114519 -0.0199436 0.162576 -0.373736
internal_weight=2095 1417 834 679 155 678 637 136 501 583 154 429 41
internal_count=2095 1417 834 679 155 678 637 136 501 583 154 429 41
is_linear=0
shrinkage=0.05


Tree=25
num_leaves=16
num_cat=0
split_feature=59 54 67 10 76 6 38 35 0 26 47 29 65 38 16
split_gain=3274.02 2714.59 1848.41 1911.51 1759.36 1728.58 1557.88 1509.75 1142.87 1261.43 1210.94 1093.82 1075.34 861.843 653.879
threshold=0.033383977133977123 -0.0027581390924751761 0.58628330052465172 0.36341859791427855 52.750000000000007 0.011117971295851107 -0.26459320386250812 -2.1403868198394771 -5.208333333333333 0.25000000496705382 -1.5916666666666661 -0.099638180807232843 2.407738129297893 -0.33137623453512782 -0.075382024049758869
decision_type=10 8 10 10 8 10 8 10 10 8 10 10 10 10 10
left_child=1 2 4 -4 -1 8 13 -8 9 -2 -10 14 -13 -3 -7
right_child=5 6 3 -5 -6 11 7 -9 10 -11 -12 12 -14 -15 -16
leaf_value=0.082896887123502488 -0.041767124419028946 0.011499384237873939 0.25512755087887251 -0.067123298860829447 -0.21246546901762486 -0.18332368456023307 0.02442797802829821 -0.12197598551363208 -0.23934338790830223 -0.43567067459225656 0.054428099446129391 -0.32149624731263216 -0.026632790275565955 0.40618796838868054 0.094407940392072009
leaf_weight=312 60 26 265 53 55 33 375 324 35 27 280 140 41 26 43
leaf_count=312 60 26 265 53 55 33 375 324 35 27 280 140 41 26 43
internal_value=-0.000201106 0.0421045 0.113727 0.201057 0.0362376 -0.0920856 -0.0234777 -0.0437464 -0.0264571 -0.18159 0.0184009 -0.192087 -0.257484 0.22804 -0.029441
internal_weight=2095 1436 685 318 367 659 751 699 402 87 315 257 181 52 76
internal_count=2095 1436 685 318 367 659 751 699 402 87 315 257 181 52 76
is_linear=0
shrinkage=0.05


Tree=26
num_leaves=15
num_cat=0
split_feature=61 61 52 56 11 45 78 77 29 56 20 18 46 1
split_gain=6515.35 1543.19 1433.1 1770.16 1740.49 1388.81 1372.14 1309.16 1439.6 1200.73 1141.83 1002.47 1366.12 1296.89
threshold=5.5000000000000009 -6.4999999999999991 -0.19444444444444442 -0.010471652078832298 0.19272743165493011 0.038344229624889647 0.51666666666666672 1849.7500000000002 -0.22770116107227897 -0.045794930309057229 -0.043837244622409337 0.030575517409791548 -0.018703383856836526 -0.050754002384984717
decision_type=10 8 8 8 10 10 2 10 8 10 8 8 8 10
left_child=1 11 4 10 5 -2 -5 8 -3 -9 -4 13 -13 -1
right_child=2 7 3 6 -6 -7 -8 9 -10 -11 -12 12 -14 -15
leaf_value=0.16306393680980014 0.34857922642845518 -0.28489911302246829 0.093655613765625645 0.012448304135757848 -0.17054133967117027 -0.0045111335813999174 0.1556441313628727 -0.3833213206152527 0.01252408553612918 -0.041879279343854818 -0.18033068252092399 -0.35673430056541888 -0.12306512490340643 -0.16378427154850217
leaf_weight=44 124 39 54 289 22 35 398 44 534 58 105 104 170 75
leaf_count=44 124 39 54 289 22 35 398 44 534 58 105 104 170 75
internal_value=-0.000278053 -0.0865697 0.0893947 0.0612499 0.215493 0.272782 0.0960034 -0.0400827 -0.00992228 -0.200665 -0.0869555 -0.164782 -0.21674 -0.0408275
internal_weight=2095 1068 1027 846 181 159 687 675 573 102 159 393 274 119
internal_count=2095 1068 1027 846 181 159 687 675 573 102 159 393 274 119
is_linear=0
shrinkage=0.05


Tree=27
num_leaves=16
num_cat=0
split_feature=61 58 23 61 61 45 36 71 0 14 8 20 21 38 6
split_gain=5904.28 1425.98 1421.52 1314.41 1292.56 1273.33 1169.09 1132 1060.21 1431.91 1205.56 1023.7 940.406 654.491 155.467
threshold=5.5000000000000009 0.039617187033096947 -0.1408730158730159 20.500000000000004 -8.4999999999999982 -1.0000000180025095e-35 0.16849826571997259 -0.076654168963432301 -8.2083333333333304 0.04095423026010394 0.3125 0.1841559121385217 0.16575091575091563 -0.014181183030207952 -0.0074795159848631198
decision_type=10 10 8 10 8 10 10 10 10 8 8 10 8 10 8
left_child=1 4 13 8 6 14 -1 -6 10 -10 -2 -4 -7 -3 -5
right_child=3 2 11 5 7 12 -8 -9 9 -11 -12 -13 -14 -15 -16
leaf_value=-0.24744021962354848 -0.18611446963900347 0.43494753845863876 0.021557186444024771 0.23904050001502039 -0.14136404417508339 -0.036091947840018707 0.069546766962028217 -0.0043856873003654297 0.058889868295909309 0.26034442986760825 0.064673181051122283 -0.28227155817782179 0.2547328890885337 0.051149202276159211 0.56553908038139344
leaf_weight=217 79 22 146 20 289 50 31 312 597 100 107 29 54 22 20
leaf_count=217 79 22 146 20 289 50 31 312 597 100 107 29 54 22 20
internal_value=-0.00037643 -0.0825227 0.0305023 0.0849867 -0.111744 0.222877 -0.207028 -0.0709592 0.0613149 0.0895126 -0.0436661 -0.0349561 0.119213 0.26887 0.4481
internal_weight=2095 1068 219 1027 849 144 248 601 883 697 186 175 104 44 40
internal_count=2095 1068 219 1027 849 144 248 601 883 697 186 175 104 44 40
is_linear=0
shrinkage=0.05


Tree=28
num_leaves=16
num_cat=0
split_feature=61 61 11 70 6 37 14 8 26 77 45 15 53 17 58
split_gain=5388.59 1421.33 1461.75 1375.71 1489.79 1613.09 1415.71 1284.1 1579.71 1556.23 1182.5 1169.2 879.47 835.707 569.9
threshold=2.5000000000000004 13.500000000000002 0.15304234127203623 -0.1688984033995353 -0.042920675660489675 -0.0028586657329772859 0.024970365936557461 -0.33819444444444446 -0.47222222387790674 630.90000000000009 -1.0000000180025095e-35 -0.023540057241916681 0.55555555555555569 0.085752926816523328 -0.027140612403551725
decision_type=10 10 10 8 8 8 10 8 10 10 10 8 10 10 10
left_child=3 7 10 6 13 -6 11 9 -9 -2 -3 -1 -4 -5 -8
right_child=1 2 12 4 5 -7 14 8 -10 -11 -12 -13 -14 -15 -16
leaf_value=-0.25511455803432248 -0.23105984010866712 0.28502264019547019 -0.25677154362201693 0.25404577741497442 -0.243378219910074 -0.074028317142484243 0.3712814319518305 -0.036988132194472625 0.13987896250073725 0.034396210577811157 0.099797785316788887 0.0051251193205711296 0.094825810444002095 -0.12244389820098878 0.032378809579781127
leaf_weight=50 86 154 29 33 271 302 26 203 320 137 210 198 33 20 23
leaf_count=50 86 154 29 33 271 302 26 203 320 137 210 198 33 20 23
internal_value=-0.000217996 0.0707929 0.143151 -0.0903351 -0.132102 -0.155621 -0.00140586 0.0287283 0.071434 -0.0705798 0.181098 -0.0511498 -0.0757739 0.112804 0.230858
internal_weight=2095 1172 426 923 626 573 297 746 523 223 364 248 62 53 49
internal_count=2095 1172 426 923 626 573 297 746 523 223 364 248 62 53 49
is_linear=0
shrinkage=0.05


Tree=29
num_leaves=15
num_cat=0
split_feature=61 54 59 4 68 69 35 65 23 51 39 36 40 72
split_gain=4886.68 1697.78 1626.57 1327.8 1392.87 1341.45 1326.37 1250.34 2023.45 1499.1 1088.28 981.896 856.495 839.886
threshold=2.5000000000000004 -0.016155381066103772 0.037241785991785993 0.77053872053872052 0.20088210217615546 0.0046164773404598026 -0.018322174747784931 1.9007937510808313 0.6083333333333335 -0.068951657307999473 0.032741813594475401 0.068907740807238368 0.010578667744994165 0.098237760132178678
decision_type=8 8 10 10 10 8 10 10 8 8 10 8 10 8
left_child=1 6 3 5 -5 -2 13 9 -9 -3 11 -4 -12 -1
right_child=2 7 10 4 -6 -7 -8 8 -10 -11 12 -13 -14 -15
leaf_value=0.10200422533160569 0.18198459147497209 0.039310370088339999 -0.1053566688913852 -0.21560911149084433 0.064120500433699101 0.055491078132470645 0.30013270299172118 -0.37486150880609087 0.010004297312763004 -0.14744608468572859 -0.016975475945755058 0.10757767415400279 -0.36174947952940351 -0.19926483969796788
leaf_weight=44 384 151 95 63 124 472 37 104 49 350 33 113 37 39
leaf_count=44 384 151 95 63 124 472 37 104 49 350 33 113 37 39
internal_value=-0.000191981 -0.0996078 0.058176 0.086757 -0.0330202 0.113021 0.070689 -0.13123 -0.254871 -0.0912272 -0.0485161 0.00989905 -0.211847 -0.0422664
internal_weight=2095 774 1321 1043 187 856 120 654 153 501 278 208 70 83
internal_count=2095 774 1321 1043 187 856 120 654 153 501 278 208 70 83
is_linear=0
shrinkage=0.05


Tree=30
num_leaves=15
num_cat=0
split_feature=61 52 51 55 17 58 46 46 12 34 78 61 54 17
split_gain=4454.53 1287.19 1527.48 1521.11 1316.1 1241.54 1266.47 1792.51 1647.14 1210.08 1166.07 1117.59 997.432 678.756
threshold=5.5000000000000009 -0.19444444444444442 0.014982803414265307 0.21877576954041919 0.06291410609592428 0.039617187033096947 -0.017782540677343261 -0.043780677562956248 0.13739072593549889 -0.031166301419337582 0.46410256410256417 21.500000000000004 -0.016155381066103772 -0.071444666444666433
decision_type=10 8 8 10 10 10 8 10 10 10 2 10 10 10
left_child=5 3 11 4 -2 6 7 -1 -8 13 -4 -3 -11 -7
right_child=1 2 10 -5 -6 9 8 -9 -10 12 -12 -13 -14 -15
leaf_value=-0.077806257329542536 0.033378083102342464 -0.078972467147158817 -0.0025361761474525747 0.5447767230095687 0.34339558272063736 0.2886758666662943 -0.081437371628902244 -0.32131352533944524 0.19465488715738546 0.1303310023886817 0.1500583925909651 0.20143112056865925 -0.23847134230952516 0.047613516427060992
leaf_weight=193 114 265 191 22 45 37 475 125 56 23 354 36 52 107
leaf_count=193 114 265 191 22 45 37 475 125 56 23 354 36 52 107
internal_value=-0.000246743 0.0738961 0.047309 0.193284 0.129218 -0.0716019 -0.0988787 -0.177172 -0.0506828 0.0337656 0.0969525 -0.0425291 -0.12367 0.117497
internal_weight=2095 1027 846 181 159 1068 849 318 531 219 545 301 75 144
internal_count=2095 1027 846 181 159 1068 849 318 531 219 545 301 75 144
is_linear=0
shrinkage=0.05


Tree=31
num_leaves=15
num_cat=0
split_feature=61 54 61 65 67 44 35 68 64 65 19 42 0 72
split_gain=4059.49 1480.82 1448.66 1501.07 1464.31 1452.06 1215.07 1198.05 1984.95 1382.29 1139.37 1669.79 1577.86 766.212
threshold=2.5000000000000004 -0.016155381066103772 11.500000000000002 -0.95297614733378111 0.73818061220406028 -0.10659635391008727 -0.018322174747784931 -2.3627831136447726 -0.18227513227513226 1.9007937510808313 -0.22976099979132411 0.26987685154351798 -5.083333333333333 0.098237760132178678
decision_type=8 8 10 8 10 8 10 8 8 10 8 8 10 8
left_child=1 6 3 4 -2 -5 13 8 -3 -9 12 -12 -4 -1
right_child=2 7 10 5 -6 -7 -8 9 -10 -11 11 -13 -14 -15
leaf_value=0.097877735743413172 -0.1860287257962546 -0.3047318671980212 -0.069796942671140047 0.24521735598059263 0.063812101840188637 0.019155243666110829 0.28786404916927932 -0.10387524602769103 0.16668168415781112 -0.29311351623672705 -0.021354740110456672 0.16603019635843219 0.40339993784542794 -0.1898506228219379
leaf_weight=44 152 26 22 80 90 443 37 428 75 125 213 260 61 39
leaf_count=44 152 26 22 80 90 443 37 428 75 125 213 260 61 39
internal_value=-9.46709e-05 -0.0907086 0.053102 0.00822164 -0.0934994 0.0558239 0.068263 -0.12025 0.0362061 -0.148983 0.11414 0.0822022 0.280567 -0.039857
internal_weight=2095 774 1321 765 242 523 120 654 101 553 556 473 83 83
internal_count=2095 774 1321 765 242 523 120 654 101 553 556 473 83 83
is_linear=0
shrinkage=0.05


Tree=32
num_leaves=12
num_cat=0
split_feature=61 7 43 68 67 52 55 45 68 37 18
split_gain=3682.25 1260.74 1369.58 1390.19 1339.47 1173.95 1387.29 1325.7 1122.54 1472.29 988.863
threshold=5.5000000000000009 2.4083333333333337 -3.814660874505837 -2.1171551105721496 -0.26284637491454832 -0.19444444444444442 0.21877576954041919 0.027571815308850927 0.64509562076314575 0.6795530544477516 -0.20206862843285001
decision_type=10 10 8 8 10 8 10 10 8 10 8
left_child=1 2 4 -4 -1 6 7 -2 9 -7 -10
right_child=5 -3 3 -5 -6 8 -8 -9 10 -11 -12
leaf_value=-0.23444638368294857 0.21513253190930476 0.28006265427057564 0.13573113621546415 -0.060985031006068502 -0.039265091835670639 -0.048160704885370255 0.51684058460372462 -0.086376838060942568 0.28304757971018857 0.31618812320133055 0.064926470315834164
leaf_weight=204 109 21 101 585 157 361 22 50 56 25 404
leaf_count=204 109 21 101 585 157 361 22 50 56 25 404
internal_value=-5.40691e-05 -0.0649322 -0.0731976 -0.0311775 -0.151394 0.0673534 0.181339 0.120271 0.0419855 -0.0206935 0.0943459
internal_weight=2095 1068 1047 686 361 1027 181 159 846 386 460
internal_count=2095 1068 1047 686 361 1027 181 159 846 386 460
is_linear=0
shrinkage=0.05


Tree=33
num_leaves=14
num_cat=0
split_feature=61 6 70 37 61 34 53 30 29 57 3 0 76
split_gain=3440.65 1442.12 1479.32 1436.21 1411.96 1306.44 1163.59 1489.44 1271.44 1126.03 1685.8 999.702 892.69
threshold=-2.4999999999999996 -0.042920675660489675 -0.1688984033995353 -0.52885461569530878 11.500000000000002 -0.0016997947047154153 0.99999999999999978 0.035948910750448711 -0.16103195088605085 0.0089760720729827621 0.41035688955647259 -13.916666666666666 44.750000000000007
decision_type=8 8 8 10 10 10 10 8 10 10 8 10 10
left_child=1 12 3 -3 6 -4 8 -8 -2 11 -11 -6 -1
right_child=4 2 5 -5 9 -7 7 -9 -10 10 -12 -13 -14
leaf_value=0.32556602810359292 -0.062350627656707541 -0.2494056795469739 -0.11011250104305559 0.076991868929730534 -0.056479262828062739 -0.30824987719617786 -0.372485355863517 -0.0082768777296656666 0.071477784421669605 -0.00906235278060619 0.29443246115337723 0.22763791238360753 -0.04632016660438644
leaf_weight=26 264 39 285 139 34 120 39 79 517 269 50 203 31
leaf_count=26 264 39 285 139 34 120 39 79 517 269 50 203 31
internal_value=6.44317e-05 -0.0960866 -0.119729 0.000344149 0.0425761 -0.171985 0.00365539 -0.139306 0.0260675 0.104825 0.0421627 0.186347 0.135081
internal_weight=2095 640 583 178 1455 405 899 118 781 556 319 237 57
internal_count=2095 640 583 178 1455 405 899 118 781 556 319 237 57
is_linear=0
shrinkage=0.05


Tree=34
num_leaves=13
num_cat=0
split_feature=61 54 37 62 61 3 53 30 29 2 35 3
split_gain=3111.51 1403.56 1524.46 1467.89 1282.48 1127.67 1060.78 1360.3 1149.19 973.628 958.605 627.319
threshold=-2.4999999999999996 -0.01409008605405688 -0.67889296563807866 0.12922008547008554 11.500000000000002 -0.1278540374478325 0.99999999999999978 0.035948910750448711 -0.16103195088605085 0.0092276181094348448 -0.018322174747784931 -0.01523081368456284
decision_type=8 8 8 10 10 8 10 8 10 10 10 8
left_child=1 10 -3 -4 6 -6 8 -8 -2 -7 11 -1
right_child=4 2 3 -5 5 9 7 -9 -10 -11 -12 -13
leaf_value=0.10181190523990365 -0.059291045763443288 -0.41527117392314339 -0.04916112005096121 -0.24955198235626594 -0.14885907605710727 0.16571493732975309 -0.35597748614170333 -0.0078876675239631117 0.067938127601073192 0.017958736424060429 0.28127563068190137 -0.17713986411690713
leaf_weight=38 264 37 383 117 38 353 39 79 517 165 32 33
leaf_count=38 264 37 383 117 38 353 39 79 517 165 32 33
internal_value=2.82762e-05 -0.0914069 -0.123729 -0.0981581 0.0404567 0.0997825 0.00336155 -0.133135 0.0247639 0.119367 0.0745722 -0.0303079
internal_weight=2095 640 537 500 1455 556 899 118 781 518 103 71
internal_count=2095 640 537 500 1455 556 899 118 781 518 103 71
is_linear=0
shrinkage=0.05


Tree=35
num_leaves=15
num_cat=0
split_feature=54 9 77 32 21 69 9 48 39 26 0 27 6 45
split_gain=1849.86 1605.57 1201.04 1279.59 1114.24 1242.84 1159.55 1395.15 1081.19 2068.05 1143.97 1060.55 1006.35 663.364
threshold=-0.022481883255143952 9.1833333333333353 2145.5500000000006 -0.25119047619047613 -0.12792207792207774 -0.19355632918886839 -0.5500000000000006 4.6666666666666661 0.017694394368057451 -0.36388887961705518 -8.5833333333333304 0.33611111938953403 -0.026762041502877271 -0.0038923547200807175
decision_type=8 10 10 10 10 10 10 10 10 10 10 10 10 10
left_child=4 8 3 -3 6 11 13 -8 10 -10 -2 -6 -7 -1
right_child=1 2 -4 -5 5 12 7 -9 9 -11 -12 -13 -14 -15
leaf_value=0.045627496674143037 -0.064797784086724805 -0.30880544909782581 -0.46741355347633368 -0.039425603614599222 0.17436568800736457 0.24146059229969979 -0.046096916752519895 0.33197316871239591 -0.21446640820929469 0.0051910508291724607 0.066181768907242852 0.54444772976225819 -0.015368390780393827 -0.26231584592650714
leaf_weight=24 221 52 20 206 89 49 62 34 147 361 632 24 127 47
leaf_count=24 221 52 20 206 89 49 62 34 147 361 632 24 127 47
internal_value=-2.89033e-05 -0.0248732 -0.133237 -0.098748 0.0884617 0.147073 -0.0140045 0.0971135 -0.00229537 -0.0597446 0.0320087 0.27313 0.0605538 -0.161411
internal_weight=2095 1639 278 258 456 289 167 96 1361 508 853 113 176 71
internal_count=2095 1639 278 258 456 289 167 96 1361 508 853 113 176 71
is_linear=0
shrinkage=0.05


Tree=36
num_leaves=12
num_cat=0
split_feature=61 7 12 12 62 52 11 51 45 55 38
split_gain=2748.5 1150.02 1244.48 1561.87 1057.75 1037.62 1417.88 1355.69 1282.97 1099.8 1088.45
threshold=5.5000000000000009 2.4083333333333337 0.15872744470834735 0.07876065075397494 0.1647126022126022 -0.19444444444444442 0.19272743165493011 0.014982803414265307 0.040839944782372829 0.20995200458370775 0.083356944785919054
decision_type=10 10 10 10 10 8 10 8 10 10 10
left_child=1 2 3 -1 -4 6 9 8 -7 -2 -9
right_child=5 -3 4 -5 -6 7 -8 10 -10 -11 -12
leaf_value=-0.051895423857284066 0.15261203006277202 0.27320428330164692 0.19978372776194622 -0.22184915063507629 -0.1454573125578463 -0.10832142301559321 -0.17998522464875821 0.11946073519241285 0.12622875307853787 0.51625588955702606 -0.046616674082246255
leaf_weight=789 137 21 71 160 27 228 22 420 73 22 125
leaf_count=789 137 21 71 160 27 228 22 420 73 22 125
internal_value=-2.85826e-05 -0.0560837 -0.064003 -0.0816143 0.101737 0.0582052 0.165324 0.034392 -0.0501407 0.217438 0.0812012
internal_weight=2095 1068 1047 949 98 1027 181 846 301 159 545
internal_count=2095 1068 1047 949 98 1027 181 846 301 159 545
is_linear=0
shrinkage=0.05


Tree=37
num_leaves=14
num_cat=0
split_feature=61 6 70 39 37 61 45 45 10 47 66 76 73
split_gain=2562.14 1250.67 1318.6 1524.33 1216.6 1078.39 1659.81 1773.89 1548.78 1263.41 1279.63 817.979 758.761
threshold=-2.4999999999999996 -0.042920675660489675 -0.1688984033995353 0.017694394368057451 -0.0028586657329772859 16.500000000000004 0.0085016241870741558 0.021408676675893325 0.141318005664895 -1.3333333333333333 -4.2055554787317897 44.750000000000007 -533.39999999999998
decision_type=8 8 8 8 8 10 10 10 10 8 8 10 10
left_child=1 11 3 -3 -4 9 8 -8 -7 12 -11 -1 -2
right_child=5 2 4 -5 -6 6 7 -9 -10 10 -12 -13 -14
leaf_value=0.31434726431485149 -0.21289119230625167 0.17910811160872508 -0.24005558788056536 -0.11039591354427036 -0.065134596124363064 0.38008290023675989 -0.27188742420612239 0.11129254356805068 -0.06818753204175404 -0.1801946671171622 0.047076533387200831 -0.041853593993518096 0.059314411172741333
leaf_weight=26 84 72 202 106 203 79 34 129 23 61 1012 31 33
leaf_count=26 84 72 202 106 203 79 34 129 23 61 1012 31 33
internal_value=1.82536e-06 -0.0829676 -0.105021 0.00812775 -0.154365 0.0366904 0.126953 0.0253547 0.280072 0.0161009 0.0333339 0.132065 -0.136421
internal_weight=2095 640 583 178 405 1455 265 163 102 1190 1073 57 117
internal_count=2095 640 583 178 405 1455 265 163 102 1190 1073 57 117
is_linear=0
shrinkage=0.05


Tree=38
num_leaves=16
num_cat=0
split_feature=61 1 44 59 47 9 79 4 68 7 27 6 65 67 13
split_gain=2311.41 1204.26 1427.62 1195.09 1185.33 1237.2 1181.9 1123.7 1134.57 1072.81 1037.12 997.317 1446.66 821.685 635.167
threshold=2.5000000000000004 -0.079925629589706643 -0.19779876619577405 0.037241785991785993 0.36931818181818193 0.66666666666666974 11.500000000000002 0.77053872053872052 -0.32104148442252883 1.7708333333333337 -0.45000000149011604 -0.0068518769184167305 0.99563489854335818 -0.85560117268513214 0.066666666666666638
decision_type=8 8 8 10 10 10 8 10 10 10 10 10 10 10 10
left_child=1 4 6 7 5 -1 -3 10 -9 -4 -2 12 -5 -13 -6
right_child=3 2 9 11 14 -7 -8 8 -10 -11 -12 13 -14 -15 -16
leaf_value=0.3796649254858494 -0.00097193565188335778 -0.39293910882463967 -0.086681842031971656 -0.093023327950301563 0.019407528698444365 0.013351188966485321 0.029073742490548355 -0.24755200303944888 0.026656369982791223 0.20045080423355102 0.12231265812203738 -0.0077920428532011372 0.221120518213138 -0.25069631518563257 -0.27184949123090313
leaf_weight=35 233 61 500 81 45 56 21 46 141 30 623 63 59 75 26
leaf_count=35 233 61 500 81 45 56 21 46 141 30 623 63 59 75 26
internal_value=0 -0.0683473 -0.100302 0.0401688 0.0514614 0.167198 -0.288828 0.0646925 -0.0452256 -0.0686141 0.0888862 -0.0511797 0.0420807 -0.144305 -0.09746
internal_weight=2095 774 612 1321 162 91 82 1043 187 530 856 278 140 138 71
internal_count=2095 774 612 1321 162 91 82 1043 187 530 856 278 140 138 71
is_linear=0
shrinkage=0.05


Tree=39
num_leaves=14
num_cat=0
split_feature=61 61 75 8 26 19 0 42 69 37 68 75 73
split_gain=2144.61 1157.81 1207.35 1598.19 1596.37 959.66 1373.06 1333.76 1088.63 936.92 856.577 814.642 664.645
threshold=11.500000000000002 -6.4999999999999991 0.16359523210961083 -0.99821428571428561 -0.38888890047868091 -0.22976099979132411 -5.083333333333333 0.26987685154351798 0.90656493344852307 -0.6977451667189597 -2.3627831136447726 2.0403473929318632 -1001.4499999999999
decision_type=10 8 8 8 8 8 10 8 10 8 8 10 10
left_child=1 9 4 -4 -3 6 -2 8 -7 -1 -11 -9 -8
right_child=5 2 3 -5 -6 7 12 11 -10 10 -12 -13 -14
leaf_value=-0.36560326050966979 -0.086931707682432968 -0.10971582923375536 -0.31763409794712405 -0.02901506417776259 0.090507747964342924 0.013199671932395447 0.54693348822849142 0.056766706339296806 -0.28079523410599089 0.082597004567437321 -0.11455109012917941 0.23936242284969642 0.18133544563857276
leaf_weight=27 22 123 48 529 446 180 23 161 33 63 303 99 38
leaf_count=27 22 123 48 529 446 180 23 161 33 63 303 99 38
internal_value=-6.96938e-06 -0.0304519 -0.00486819 -0.0556334 0.0465599 0.0836954 0.235959 0.0546834 -0.037515 -0.103931 -0.0798252 0.129687 0.350933
internal_weight=2095 1539 1146 577 569 556 83 473 213 393 366 260 61
internal_count=2095 1539 1146 577 569 556 83 473 213 393 366 260 61
is_linear=0
shrinkage=0.05


Tree=40
num_leaves=11
num_cat=0
split_feature=61 70 43 67 15 47 70 69 55 6
split_gain=1952.37 1079.14 1085.01 1434.86 1278.72 955.57 1072.33 1445.79 852.64 401.388
threshold=5.5000000000000009 -1.3330959564632912 -3.814660874505837 -0.26284637491454832 -0.080894450346628802 -1.8571428571428568 -1.2085840907330649 -0.023171052336692814 -0.10706818332740416 0.002532613741144774
decision_type=10 8 8 10 8 8 8 8 10 10
left_child=1 -1 3 -3 -4 8 9 -8 -2 -7
right_child=5 2 4 -5 -6 6 7 -9 -10 -11
leaf_value=0.23475713811137458 0.089702123352165875 -0.21268848932067891 -0.3129337636487825 -0.011657339238498841 -0.0025839730236883757 -0.017315580099821089 0.15015464004966106 0.022136899555928354 -0.26515580148182133 -0.30667261052131656
leaf_weight=28 24 201 30 158 651 25 365 554 39 20
leaf_count=28 24 201 30 158 651 25 365 554 39 20
internal_value=-1.65668e-05 -0.0472645 -0.0559921 -0.125725 -0.0185099 0.04906 0.0616052 0.0735733 -0.132581 -0.164726
internal_weight=2095 1068 1040 359 681 1027 964 919 63 45
internal_count=2095 1068 1040 359 681 1027 964 919 63 45
is_linear=0
shrinkage=0.05


Tree=41
num_leaves=13
num_cat=0
split_feature=61 7 2 57 3 58 17 43 70 40 8 2
split_gain=1843.85 1126.94 1127.26 1016.8 1443.41 1282.29 1077.4 1001.77 987.977 924.589 835.978 616.007
threshold=11.500000000000002 2.3750000000000004 -0.28635896772417857 0.0089760720729827621 0.41035688955647259 0.062218019738793408 -0.019005483222516186 5.6013477941354131 -0.14211752238328609 -0.045600371435284608 -1.0000000180025095e-35 0.0051554068728970935
decision_type=10 10 8 10 8 10 10 10 10 10 10 8
left_child=1 2 10 7 5 -5 -6 9 -4 -2 -1 -9
right_child=3 -3 8 4 6 -7 -8 11 -10 -11 -12 -13
leaf_value=0.32568112273474004 0.18819448933005334 0.25228773691824508 0.0026943129325179365 -0.17064242419408693 -0.0056515039077826915 0.052445441433176233 0.43967073764652015 0.47360472943101617 -0.080095650849484043 -0.033721797171581004 -0.043581131781483519 0.10643436078514373
leaf_weight=32 105 30 644 96 23 173 27 30 809 79 24 23
leaf_count=32 105 30 644 96 23 173 27 30 809 79 24 23
internal_value=-9.33883e-05 -0.0283244 -0.0347509 0.0775164 0.0184001 -0.0286482 0.252022 0.154856 -0.0434837 0.0942792 0.176006 0.33804
internal_weight=2095 1539 1509 556 319 269 50 237 1453 184 56 53
internal_count=2095 1539 1509 556 319 269 50 237 1453 184 56 53
is_linear=0
shrinkage=0.05


Tree=42
num_leaves=12
num_cat=0
split_feature=61 16 43 10 64 40 1 29 41 77 31
split_gain=1733.48 1325.75 1781.09 1101.31 1417.87 1382.73 842.896 1255.54 1222.44 1146.26 529.611
threshold=-6.4999999999999991 -0.2334656106928984 0.76088268061478925 0.25762683494637412 -0.29120370370370369 -0.088685495390867175 -0.091537056316743887 0.28683405276387935 -0.27098825557955669 281.70000000000005 -0.19076391326056627
decision_type=8 8 10 10 10 10 8 10 10 10 10
left_child=6 2 -2 4 -3 -5 8 9 -1 -8 -10
right_child=1 3 -4 5 -6 -7 7 -9 10 -11 -12
leaf_value=-0.1739105379155704 -0.46480678375810386 -0.017896594912684582 0.06931943143859054 0.092316216766834269 0.091708743978923965 -0.1104592293861878 0.062966516915708787 0.15035363242432878 0.35016594065417506 -0.20469222543987367 0.010360643982887269
leaf_weight=30 27 457 28 120 817 253 45 32 24 242 20
leaf_count=30 27 457 28 120 817 253 45 32 24 242 20
internal_value=4.78671e-05 0.0219807 -0.208938 0.0303314 0.0524366 -0.0447327 -0.093896 -0.128851 0.0547716 -0.162194 0.213548
internal_weight=2095 1702 55 1647 1274 373 393 319 74 287 44
internal_count=2095 1702 55 1647 1274 373 393 319 74 287 44
is_linear=0
shrinkage=0.05


Tree=43
num_leaves=12
num_cat=0
split_feature=61 66 54 76 66 3 57 58 21 68 42
split_gain=1611.87 1027.63 999.522 1340.76 952.886 932.777 867.418 1177 1160.68 836.437 533.312
threshold=11.500000000000002 -4.7188161363204308 0.0013897144195870461 48.250000000000007 -8.4146296749512342 -0.1278540374478325 0.010924374063809696 0.065232004970312132 0.66369047619047616 2.0500835200332008 0.11361052142302121
decision_type=10 8 8 10 10 8 8 8 10 10 10
left_child=1 4 9 -4 -1 -2 8 -8 -7 -3 -6
right_child=5 2 3 -5 10 6 7 -9 -10 -11 -12
leaf_value=0.083196688771247862 -0.15267715399521731 0.0088859616254686347 -0.014728075611096 -0.1578120025467076 -0.40232404477712591 0.25080365620818618 -0.097790233088391174 0.10197907475133737 -0.044029348739918248 0.1757793147828472 -0.073414771314020508
leaf_weight=20 38 489 676 212 36 132 100 244 42 84 22
leaf_count=20 38 489 676 212 36 132 100 244 42 84 22
internal_value=2.94531e-05 -0.0263203 -0.0165014 -0.0496361 -0.197561 0.0726389 0.0905651 0.0431943 0.180116 0.0347474 -0.294087
internal_weight=2095 1539 1461 888 78 556 518 344 174 573 58
internal_count=2095 1539 1461 888 78 556 518 344 174 573 58
is_linear=0
shrinkage=0.05


Tree=44
num_leaves=9
num_cat=0
split_feature=7 54 37 66 10 47 63 64
split_gain=1584.01 1400.36 1454.21 1271.29 1104.61 915.177 1042.82 1018.34
threshold=2.4083333333333337 -0.022481883255143952 -0.67889296563807866 -0.69745372484127677 0.054583324398845445 -0.89999999999999958 -0.085262896825396811 -0.01347402597402597
decision_type=10 8 8 8 10 10 10 8
left_child=1 5 4 -4 -3 6 -1 -7
right_child=-2 2 3 -5 -6 7 -8 -9
leaf_value=0.094456179033626214 0.31165010238066321 -0.034210425164810453 -0.080016461666319316 0.01566194041753434 -0.41278895380951114 0.20502181819831142 -0.21703536381136695 0.033015222424115101
leaf_weight=50 35 38 521 1016 37 151 48 199
leaf_count=50 35 38 521 1016 37 151 48 199
internal_value=0 -0.00602677 -0.0278021 -0.0168922 -0.235727 0.0716572 -0.0607552 0.109207
internal_weight=2095 2060 1612 1537 75 448 98 350
internal_count=2095 2060 1612 1537 75 448 98 350
is_linear=0
shrinkage=0.05


Tree=45
num_leaves=14
num_cat=0
split_feature=61 6 70 37 34 45 61 34 55 75 18 34 37
split_gain=1468.11 1110.71 1091.22 1359.11 1124.63 880.879 1241.98 1186.15 1181.16 859.081 724.38 503.234 332.561
threshold=-2.4999999999999996 -0.042920675660489675 -0.1688984033995353 0.27815153558649836 -0.0016997947047154153 0.0077585171824458227 19.500000000000004 0.47678718529641634 -0.15100401345019537 -0.94719788476469957 0.0359269566833973 -0.17144532222300765 -0.030927914820957015
decision_type=8 8 8 8 10 8 10 10 8 8 8 8 10
left_child=1 10 3 -3 -4 6 8 9 -2 -7 -1 -8 -9
right_child=5 2 4 -5 -6 7 11 12 -10 -11 -12 -13 -14
leaf_value=0.32184645235538484 0.25900639078374638 0.095221377081323 -0.071994051128497424 -0.21749193801180178 -0.25439035311639308 -0.1627874673302494 0.050076192789352859 -0.070356118679046634 0.023555551954070962 0.025125947140870575 -0.016944447022519613 0.3603767553033928 -0.34454712468770243
leaf_weight=24 54 137 285 41 120 62 21 23 573 653 33 43 26
leaf_count=24 54 137 285 41 120 62 21 23 573 653 33 43 26
internal_value=0 -0.0628226 -0.0836909 0.0189443 -0.128603 0.0277546 0.0684577 -0.00920003 0.0458014 0.0077446 0.139349 0.270291 -0.235202
internal_weight=2095 640 583 178 405 1455 691 764 627 715 57 64 49
internal_count=2095 640 583 178 405 1455 691 764 627 715 57 64 49
is_linear=0
shrinkage=0.05


Tree=46
num_leaves=9
num_cat=0
split_feature=7 68 0 68 69 76 34 67
split_gain=1450.91 1109.74 1535.62 1143.42 1135.78 1103.21 1087.46 896.734
threshold=2.4083333333333337 2.0163204788100901 -7.583333333333333 3.2131253344338173 0.56782820760272446 45.750000000000007 -0.087578455296655477 1.8811592133210666
decision_type=10 10 10 10 10 10 10 10
left_child=1 4 3 -3 6 -6 -1 -4
right_child=-2 2 7 -5 5 -7 -8 -9
leaf_value=0.02973297223228229 0.29825999648775908 0.10005600452423097 0.34177672907032752 -0.31218130275225031 -0.020521819193675683 -0.1961701407074565 -0.064615703269038066 0.08889813914716449
leaf_weight=941 35 26 39 34 201 159 446 214
leaf_count=941 35 26 39 34 201 159 446 214
internal_value=0 -0.00577731 0.0801369 -0.138821 -0.0213834 -0.0998614 -0.000692737 0.133941
internal_weight=2095 2060 313 60 1747 360 1387 253
internal_count=2095 2060 313 60 1747 360 1387 253
is_linear=0
shrinkage=0.05


Tree=47
num_leaves=9
num_cat=0
split_feature=7 61 54 51 59 73 55 21
split_gain=1326.43 1452.85 1202.01 1084.64 1002.58 1407.49 895.623 858.47
threshold=2.4083333333333337 -2.4999999999999996 -0.01409008605405688 -0.068951657307999473 0.037241785991785993 -2148.9499999999994 -0.15100401345019537 -0.29999999999999988
decision_type=10 8 8 10 10 10 8 10
left_child=1 2 7 -4 6 -6 -3 -1
right_child=-2 4 3 -5 5 -7 -8 -9
leaf_value=-0.099511326920418516 0.28521112438291313 0.2745215929136044 -0.014912645802689545 -0.16082085931826323 -0.39417354805128918 -0.022589738610609384 0.035686584205679696 0.1873690184468115
leaf_weight=37 35 36 222 300 23 298 1078 66
leaf_count=37 35 36 222 300 23 298 1078 66
internal_value=9.06796e-06 -0.00549124 -0.0688283 -0.099593 0.0222031 -0.0550048 0.0446416 0.084016
internal_weight=2095 2060 625 522 1435 321 1114 103
internal_count=2095 2060 625 522 1435 321 1114 103
is_linear=0
shrinkage=0.05


Tree=48
num_leaves=9
num_cat=0
split_feature=7 19 26 67 9 49 46 78
split_gain=1212.83 1065.01 1550.49 1448.56 1199.4 1463.77 1137.48 1026
threshold=2.4083333333333337 0.038710682769306011 -0.49444442987442011 1.408872969793453 7.9999999999999991 -21.916666666666661 -0.055707534567828683 0.27922077922077926
decision_type=10 8 8 10 10 10 10 2
left_child=1 4 3 -3 5 -1 -6 -4
right_child=-2 2 7 -5 6 -7 -8 -9
leaf_value=0.35857867337763311 0.27273313293233514 -0.26872220271369601 -0.082288743421015165 0.10117585412744019 0.152507152476094 0.046464093268516339 -0.13575520331754626 0.023062829090016852
leaf_weight=35 35 113 356 31 39 695 154 637
leaf_count=35 35 113 356 31 39 695 154 637
internal_value=1.70408e-05 -0.00524142 -0.0375804 -0.188033 0.0345294 0.063834 -0.0748725 -0.0148797
internal_weight=2095 2060 1137 144 923 730 193 993
internal_count=2095 2060 1137 144 923 730 193 993
is_linear=0
shrinkage=0.05


Tree=49
num_leaves=13
num_cat=0
split_feature=61 66 47 75 51 19 3 34 57 49 74 11
split_gain=1217.18 901.816 1460.74 981.363 959.285 859.848 1418.31 1095.79 1006.11 869.284 737.624 617.983
threshold=11.500000000000002 -4.7188161363204308 0.66025641025641024 2.2218773715341325 0.023620620059470358 -0.22976099979132411 -0.1278540374478325 0.19929148411999151 0.010924374063809696 -7.2916666666666652 2.5000000000000004 1.0000000180025095e-35
decision_type=10 8 10 10 10 8 8 8 10 10 10 10
left_child=1 2 11 4 -3 7 -7 9 -8 -2 -5 -1
right_child=5 3 -4 10 -6 6 8 -9 -10 -11 -12 -13
leaf_value=0.19187831259690799 -0.17722119610183515 -0.030807297361153431 -0.39566038094642686 -0.22928724135272205 0.058933858879199719 -0.27582928831962977 0.14703932991990495 0.40077782496809961 -0.0043017228411616022 0.21233733971603216 0.071411134739374299 -0.15285770446062089
leaf_weight=21 21 925 36 79 433 29 184 35 260 27 24 21
leaf_count=21 21 925 36 79 433 29 184 35 260 27 24 21
internal_value=7.42554e-05 -0.0228203 -0.183223 -0.0136268 -0.00204531 0.0631737 0.0359253 0.207025 0.0592438 0.0403216 -0.158696 0.020522
internal_weight=2095 1539 78 1461 1358 556 473 83 444 48 103 42
internal_count=2095 1539 78 1461 1358 556 473 83 444 48 103 42
is_linear=0
shrinkage=0.05


Tree=50
num_leaves=14
num_cat=0
split_feature=54 37 66 51 50 10 21 9 48 19 35 66 45
split_gain=1007.9 1225.49 1156.73 1159.48 1111.95 1050.32 886.206 1029.98 1171.09 838.421 1136.6 980.206 554.783
threshold=-0.022481883255143952 -0.67889296563807866 -0.66011904428402568 0.023620620059470358 -0.19592174029509932 0.054583324398845445 -0.12792207792207774 -0.5500000000000006 4.6666666666666661 0.30512182600796228 -0.14532770309597251 -0.054232810934384583 -0.0038923547200807175
decision_type=8 8 8 10 10 10 10 10 10 8 10 10 10
left_child=6 5 4 -4 -3 -2 7 12 -9 10 -8 -11 -1
right_child=1 2 3 -5 -6 -7 9 8 -10 11 -12 -13 -14
leaf_value=0.027374553783186553 -0.017425490153784102 -0.33645105637196038 -0.014486252007457187 0.098138573922336714 -0.047545593150786686 -0.38154230820281165 0.037915373725868839 -0.051109600039338003 0.29483672296389557 -0.22340108160343439 0.2660503595977301 0.1322975056866805 -0.25629339822782921
leaf_weight=24 39 31 684 337 511 37 102 62 34 31 119 37 47
leaf_count=24 39 31 684 337 511 37 102 62 34 31 119 37 47
internal_value=4.63058e-05 -0.0182512 -0.00836314 0.022936 -0.0670855 -0.20792 0.0654059 -0.0256343 0.0794484 0.117725 0.164147 -0.0333691 -0.164255
internal_weight=2095 1639 1563 1021 542 76 456 167 96 289 221 68 71
internal_count=2095 1639 1563 1021 542 76 456 167 96 289 221 68 71
is_linear=0
shrinkage=0.05


Tree=51
num_leaves=9
num_cat=0
split_feature=7 54 9 32 49 35 34 52
split_gain=1111.85 1031.97 1143.13 1046.52 1003.73 809.658 1515.04 1109.08
threshold=2.4083333333333337 -0.022481883255143952 10.000000000000004 -0.25119047619047613 -22.416666666666661 -0.14532770309597251 0.12072264589369298 -0.31031746031746027
decision_type=10 8 10 10 8 10 8 8
left_child=1 5 4 -4 -3 7 -7 -1
right_child=-2 2 3 -5 -6 6 -8 -9
leaf_value=0.27052510707609118 0.26110214233398438 0.18765381492703456 -0.32774937350209804 -0.06865212656015042 -0.015112110736548105 -0.025027198123164698 0.23162112928819745 -0.051187479536186166
leaf_weight=26 35 59 45 201 1307 96 134 192
leaf_count=26 35 59 45 201 1307 96 134 192
internal_value=0 -0.00504945 -0.0237459 -0.121832 -0.00566539 0.0616334 0.126032 -0.00738859
internal_weight=2095 2060 1612 246 1366 448 230 218
internal_count=2095 2060 1612 246 1366 448 230 218
is_linear=0
shrinkage=0.05


Tree=52
num_leaves=13
num_cat=0
split_feature=61 62 78 45 79 3 76 64 20 46 34 19
split_gain=1074.6 912.4 1915.44 1313.77 1183 1092.64 903.523 848.122 825.675 1100.64 1183.9 1013.4
threshold=-6.4999999999999991 -0.20393518518518522 0.65476190476190488 0.069213963883775223 2.5000000000000004 -0.22277421667240557 44.750000000000007 -0.26007220017636679 -0.3838951420038938 -0.018703383856836526 -0.079810295253992067 -0.001353759638732299
decision_type=8 8 2 10 8 8 8 10 8 8 10 8
left_child=8 2 7 5 -4 -3 -5 -2 -1 11 -11 -10
right_child=1 3 4 6 -6 -7 -8 -9 9 10 -12 -13
leaf_value=0.14054044245219813 -0.33541042570769791 -0.10184617276424948 -0.13483461982780887 0.032013270530201823 0.24749734912428167 0.05944222931949688 -0.27015657286191813 -0.088182737340107037 0 0.070561900156647414 -0.16392065395911537 -0.28737298169244946
leaf_weight=36 45 110 26 41 57 1234 53 136 44 129 85 99
leaf_count=36 45 110 26 41 57 1234 53 136 44 129 85 99
internal_value=3.78167e-05 0.0173116 -0.0672466 0.0330493 0.126306 0.0458759 -0.142894 -0.157281 -0.0739231 -0.0973303 -0.0239615 -0.20227
internal_weight=2095 1702 264 1438 83 1344 94 181 393 357 214 143
internal_count=2095 1702 264 1438 83 1344 94 181 393 357 214 143
is_linear=0
shrinkage=0.05


Tree=53
num_leaves=13
num_cat=0
split_feature=61 2 75 58 64 19 36 60 9 8 18 73
split_gain=974.82 895.427 884.188 1133.05 817.482 976.001 1157.97 894.714 955.323 793.24 792.695 562.006
threshold=11.500000000000002 -0.28635896772417857 2.0403473929318632 0.048414184525609034 -0.06541005291005296 -0.22976099979132411 -0.046217697362105063 180.45000000000007 11.083333333333336 -1.0000000180025095e-35 -0.12712291581556198 -1001.4499999999999
decision_type=10 8 10 10 8 8 8 10 10 10 10 10
left_child=1 9 3 -3 7 11 -7 8 -2 -1 -4 -6
right_child=4 2 10 -5 5 6 -8 -9 -10 -11 -12 -13
leaf_value=0.31312859082544175 0.081840956023571873 -0.037943385698036104 -0.28618320718407636 0.078422952946925237 0.46842021724352478 -0.12856091342036963 0.10855177566236646 -0.23971941099967808 -0.24505581949596056 -0.046005220428623005 -0.038392421489115806 0.11613582200644648
leaf_weight=32 125 1100 55 253 21 59 265 35 22 24 75 29
leaf_count=32 125 1100 55 253 21 59 265 35 22 24 75 29
internal_value=-2.02065e-05 -0.0205538 -0.0282169 -0.0159384 0.056404 0.0983077 0.0639243 -0.0297645 0.026137 0.167239 -0.150314 0.294137
internal_weight=2095 1539 1483 1353 556 374 324 182 147 56 130 50
internal_count=2095 1539 1483 1353 556 374 324 182 147 56 130 50
is_linear=0
shrinkage=0.05


Tree=54
num_leaves=9
num_cat=0
split_feature=7 61 1 37 77 77 21 21
split_gain=1027.4 1014.57 936.187 1307.25 998.387 825.074 1443.53 1354.91
threshold=2.4083333333333337 -2.4999999999999996 -0.087037991732358919 -0.60035558976232994 1751.7500000000002 911.35000000000002 -0.032539682539682639 0.04999999999999994
decision_type=10 8 8 8 10 8 8 10
left_child=1 2 4 -4 -1 6 -3 -7
right_child=-2 5 3 -5 -6 7 -8 -9
leaf_value=0.12870857176129466 0.25095674924552441 0.062775802679747736 -0.34342719186907233 -0.061964725811387705 -0.21209210157394409 0.0027870223424030661 -0.074953939631052666 0.1492814363808975
leaf_weight=103 35 324 41 459 22 414 446 251
leaf_count=103 35 324 41 459 22 414 446 251
internal_value=-1.97726e-06 -0.00488737 -0.0578178 -0.0883154 0.0624926 0.018252 -0.0169045 0.0588564
internal_weight=2095 2060 625 500 125 1435 770 665
internal_count=2095 2060 625 500 125 1435 770 665
is_linear=0
shrinkage=0.05


Tree=55
num_leaves=13
num_cat=0
split_feature=61 62 22 72 45 3 76 20 46 34 19 31
split_gain=869.551 811.707 1406.31 1591.19 1187.11 970.816 835.017 747.032 974.721 1065.09 910.607 341.491
threshold=-6.4999999999999991 -0.20393518518518522 -0.14583333333333329 0.47646304061636335 0.069213963883775223 -0.22277421667240557 44.750000000000007 -0.3838951420038938 -0.018703383856836526 -0.079810295253992067 -0.001353759638732299 2.6233974652412617
decision_type=8 8 8 8 10 8 8 8 8 10 8 8
left_child=7 2 11 -4 5 -3 -6 -1 10 -10 -9 -2
right_child=1 4 3 -5 6 -7 -8 8 9 -11 -12 -13
leaf_value=0.13722023887605203 -0.39179949716610069 -0.096697685109532402 -0.074687841093683302 0.25257528451211914 0.03116337812870093 0.05531844466350954 -0.2592530578182175 0.0017245580499269525 0.06967052644980487 -0.15271766997045944 -0.26830484245975433 -0.098760809577428388
leaf_weight=36 29 110 172 42 41 1234 53 44 129 85 99 21
leaf_count=36 29 110 172 42 41 1234 53 44 129 85 99 21
internal_value=-1.11555e-05 0.0154824 -0.0642664 -0.00593018 0.03033 0.0425273 -0.136901 -0.0665877 -0.0888893 -0.0199029 -0.18763 -0.289799
internal_weight=2095 1702 264 214 1438 1344 94 393 357 214 143 50
internal_count=2095 1702 264 214 1438 1344 94 393 357 214 143 50
is_linear=0
shrinkage=0.05


Tree=56
num_leaves=10
num_cat=0
split_feature=16 43 68 61 6 31 0 68 36
split_gain=873.072 1339.76 935.768 1105.18 1280.65 1201.85 1020.31 1238.36 828.126
threshold=-0.23936965564886725 0.76088268061478925 2.0163204788100901 -14.499999999999998 0.011117971295851107 -3.6880094395743455 -5.2916666666666652 3.2131253344338173 0.15583381790202114
decision_type=8 10 10 8 8 8 10 10 10
left_child=1 -1 3 4 -2 -5 7 -4 -8
right_child=2 -3 6 5 -6 -7 8 -9 -10
leaf_value=-0.38965964095933098 0.030412693349820264 0.071287144191803473 0.12258386432702811 0.08379196880710843 -0.30748367256601344 -0.020853241083893814 0.057904393920166934 -0.22123936020697538 0.2580624487691669
leaf_weight=30 48 26 48 344 59 1278 127 47 88
leaf_count=30 48 26 48 344 59 1278 127 47 88
internal_value=-0.000105187 -0.186528 0.0054341 -0.00895524 -0.160867 0.00149889 0.0847165 -0.049575 0.14406
internal_weight=2095 56 2039 1729 107 1622 310 95 215
internal_count=2095 56 2039 1729 107 1622 310 95 215
is_linear=0
shrinkage=0.05


Tree=57
num_leaves=9
num_cat=0
split_feature=16 2 43 73 68 28 78 58
split_gain=798.923 1362.39 1228.09 1072.76 970.688 649.365 556.307 378.539
threshold=-0.23936965564886725 -0.29763025813736016 0.76088268061478925 -2395.7999999999997 2.0163204788100901 0.031205938352892797 0.56696428571428581 0.022608868777751926
decision_type=8 8 10 8 10 8 2 8
left_child=2 5 -1 7 -5 6 -2 -3
right_child=1 3 -4 4 -6 -7 -8 -9
leaf_value=-0.37295994809695654 0.090084262591387548 -0.36298464205529957 0.06829768284674613 -0.012445562751322917 0.086091206789774416 0.0018200265709310771 0.44115715627558533 -0.055609204411506657
leaf_weight=30 23 22 26 1630 290 27 27 20
leaf_count=30 23 22 26 1630 290 27 27 20
internal_value=-0.000133879 0.005164 -0.178465 -0.00314815 0.00259658 0.204849 0.303443 -0.239166
internal_weight=2095 2039 56 1962 1920 77 50 42
internal_count=2095 2039 56 1962 1920 77 50 42
is_linear=0
shrinkage=0.05


Tree=58
num_leaves=12
num_cat=0
split_feature=47 69 66 49 47 19 79 38 53 41 54
split_gain=775.62 1003.63 1766.2 1449.05 1048.69 1003.3 1202.8 1069.82 906.605 786.736 338.093
threshold=-1.9999999999999996 0.0046164773404598026 -4.7188161363204308 -24.416666666666661 0.74999999999999989 0.0066706913212935216 6.5000000000000009 -0.37944351974874729 0.80000000000000016 -0.08084698968256511 -0.0037682773714715757
decision_type=8 8 10 10 10 10 8 8 10 8 10
left_child=8 2 4 -4 -2 7 -7 -3 9 -1 -11
right_child=1 5 3 -5 -6 6 -8 -9 -10 10 -12
leaf_value=0.00054926658670107528 0.0067088998854160312 -0.299342956090415 0.34677280301964564 0.048025284807523154 -0.4134089963976294 -0.17645122442921304 0.0031018915358516906 0.02150385804773465 0.066505586338185138 -0.14456013606654272 -0.46119000069026295
leaf_weight=25 27 22 38 825 27 193 175 680 37 22 24
leaf_count=25 27 22 38 825 27 193 175 680 37 22 24
internal_value=-0.000138679 0.00706661 0.0453447 0.0631592 -0.219736 -0.0257499 -0.0920349 0.00933222 -0.127592 -0.22712 -0.339758
internal_weight=2095 1987 917 863 54 1070 368 702 108 71 46
internal_count=2095 1987 917 863 54 1070 368 702 108 71 46
is_linear=0
shrinkage=0.05


Tree=59
num_leaves=15
num_cat=0
split_feature=61 63 12 56 79 57 28 77 13 72 63 61 28 10
split_gain=747.726 816.394 1435.17 1096.34 1031.51 952.956 800.025 739.045 1196.64 1103.68 1284.6 982.801 864.308 705.824
threshold=11.500000000000002 -0.12500000000000003 -0.092199691881736087 0.058029597252607347 1.5000000000000002 0.0089760720729827621 -0.15565395914018151 1849.7500000000002 -0.28472222222222215 -0.048378910403698676 0.50952380952380971 -15.499999999999998 0.29059022758156067 -0.28101827111095184
decision_type=10 10 10 10 10 10 10 10 8 10 10 8 10 10
left_child=7 3 4 13 -3 -4 -5 9 -9 11 -11 -1 -10 -2
right_child=1 2 5 6 -6 -7 -8 8 12 10 -12 -13 -14 -15
leaf_value=-0.15002889508631692 0.14466189376465727 -0.37889655890396323 0.16649402180703077 0.50283626616001131 -0.01733809751553499 -0.023813616827060031 0.12414693967547528 0.16804751604795456 -0.18497267661663563 -0.077154223986440285 0.27743915087646909 0.050121608768630456 0.12509145107534198 -0.061780233318224936
leaf_weight=62 84 32 108 23 44 154 38 31 172 502 22 728 22 73
leaf_count=62 84 32 108 23 44 154 38 31 172 502 22 728 22 73
internal_value=-0.000247434 0.0491667 2.54225e-05 0.123425 -0.184182 0.0560954 0.294966 -0.0182332 -0.100926 -0.0037067 -0.0596906 0.0335059 -0.1473 0.0494201
internal_weight=2095 556 338 218 76 262 61 1539 225 1314 524 790 194 157
internal_count=2095 556 338 218 76 262 61 1539 225 1314 524 790 194 157
is_linear=0
shrinkage=0.05


Tree=60
num_leaves=9
num_cat=0
split_feature=7 54 63 9 2 62 15 35
split_gain=937.146 814.022 1057.17 1560.78 1119.99 695.431 939.618 848.592
threshold=2.4083333333333337 -0.022481883255143952 -0.028192791005291037 -0.18333333333333532 -0.28635896772417857 0.11974796037296033 -0.023540057241916681 0.37717860937118536
decision_type=10 8 10 10 8 10 10 10
left_child=1 5 4 -4 -3 7 -7 -1
right_child=-2 2 3 -5 -6 6 -8 -9
leaf_value=-0.021720524669370869 0.23952749546617272 0.26003269299187443 0.0094907661264561349 -0.13945912217732856 0.0014405122570160704 -0.044250788636829547 0.23696042877681395 0.19675738923075908
leaf_weight=270 35 39 338 359 876 41 89 48
leaf_count=270 35 39 338 359 876 41 89 48
internal_value=-0.000153532 -0.0048201 -0.0214269 -0.0676037 0.0138701 0.0544012 0.149546 0.0136378
internal_weight=2095 2060 1612 697 915 448 130 318
internal_count=2095 2060 1612 697 915 448 130 318
is_linear=0
shrinkage=0.05


Tree=61
num_leaves=12
num_cat=0
split_feature=47 69 66 29 47 26 6 53 78 44 76
split_gain=723.838 907.004 1599.18 1089.58 951.591 909.334 859.661 804.165 735.086 729.262 452.888
threshold=-1.9999999999999996 0.0046164773404598026 -4.7188161363204308 0.04614282011364898 0.74999999999999989 -0.49999999751647306 0.039185805498192075 0.80000000000000016 0.30384615384615393 -0.099132915306836364 44.750000000000007
decision_type=8 8 10 8 10 8 10 10 2 10 10
left_child=7 2 4 -4 -2 8 -7 9 -3 -1 -11
right_child=1 5 3 -5 -6 6 -8 -9 -10 10 -12
leaf_value=-0.019861469481672559 0.0066434381529688839 0.045319305554680202 0.0075337946833743527 0.12001840426549866 -0.39342617858201268 0.012411791448251398 -0.14151523971071869 0.059836062168081607 -0.19325769954631408 -0.12190485692024232 -0.48614132152153894
leaf_weight=30 27 41 462 401 27 813 97 37 119 20 21
leaf_count=30 27 41 462 401 27 813 97 37 119 20 21
internal_value=-5.31437e-05 0.00690649 0.0432958 0.0602486 -0.208933 -0.0242893 -0.00462482 -0.12318 -0.132299 -0.216874 -0.342115
internal_weight=2095 1987 917 863 54 1070 910 108 160 71 41
internal_count=2095 1987 917 863 54 1070 910 108 160 71 41
is_linear=0
shrinkage=0.05


Tree=62
num_leaves=9
num_cat=0
split_feature=7 19 26 76 12 54 47 0
split_gain=853.54 770.036 1179.02 1196.95 1139.22 1751.8 1019.8 908.94
threshold=2.4083333333333337 0.038710682769306011 -0.49444442987442011 43.750000000000007 0.044148818589746959 0.023326321887091189 -0.74166666666666681 -8.7083333333333304
decision_type=10 8 8 10 10 10 10 8
left_child=1 4 3 -3 6 -6 -1 -4
right_child=-2 2 7 -5 5 -7 -8 -9
leaf_value=-0.052172967536400439 0.22855801559984684 -0.0013542801620704788 -0.14266421042887842 -0.28799973751551339 -0.12246053052096539 0.17345778843531243 0.098029052489391783 0.0050527409262071223
leaf_weight=141 35 65 113 79 214 60 508 880
leaf_count=141 35 65 113 79 214 60 508 880
internal_value=-0.000180765 -0.00463532 -0.0321361 -0.163334 0.0291784 -0.0555344 0.0651707 -0.0123374
internal_weight=2095 2060 1137 144 923 274 649 993
internal_count=2095 2060 1137 144 923 274 649 993
is_linear=0
shrinkage=0.05


Tree=63
num_leaves=9
num_cat=0
split_feature=7 54 63 3 51 19 10 67
split_gain=780.576 750.25 952.003 1535.3 1058.93 657.074 1109.6 572.016
threshold=2.4083333333333337 -0.022481883255143952 -0.028192791005291037 -0.15934247771898905 0.02629652175713668 -0.52778942510485638 -0.63546783042450727 2.3311419920491789
decision_type=10 8 10 8 10 10 10 8
left_child=1 5 4 -4 -3 7 -7 -1
right_child=-2 2 3 -5 -6 6 -8 -9
leaf_value=0.011010606150016373 0.21855860264622606 -0.02251877778597676 -0.19408627814764895 -0.021761027757931397 0.093451910933584612 0.37133814687690431 0.055937541905427129 -0.25214393926518308
leaf_weight=76 35 636 167 530 279 26 323 23
leaf_count=76 35 636 167 530 279 26 323 23
internal_value=-0.000183816 -0.00444473 -0.0203891 -0.0642094 0.0131041 0.052408 0.0844887 -0.0588286
internal_weight=2095 2060 1612 697 915 448 349 99
internal_count=2095 2060 1612 697 915 448 349 99
is_linear=0
shrinkage=0.05


Tree=64
num_leaves=8
num_cat=0
split_feature=7 34 69 68 64 61 31
split_gain=713.541 733.193 773.705 750.251 1629.37 1204.05 563.119
threshold=2.4083333333333337 0.55250288359820854 -0.65510184088100976 -2.3627831136447726 -0.18227513227513226 5.5000000000000009 -0.20833329359690286
decision_type=10 10 10 8 8 8 10
left_child=1 3 -3 4 -1 -5 -4
right_child=-2 2 6 5 -6 -7 -8
leaf_value=-0.16190658860529464 0.208996660951525 0.072146425014588886 -0.301727594856946 -0.056593290588596384 0.1729229119783568 0.027784409121999028 -0.053826728974487273
leaf_weight=43 35 36 48 712 150 1025 46
leaf_count=43 35 36 48 712 150 1025 46
internal_value=-0.000141318 -0.00421629 -0.116879 0.00362899 0.0958663 -0.00683665 -0.189765
internal_weight=2095 2060 130 1930 193 1737 94
internal_count=2095 2060 130 1930 193 1737 94
is_linear=0
shrinkage=0.05


Tree=65
num_leaves=14
num_cat=0
split_feature=39 39 2 8 0 68 68 18 64 47 61 64 0
split_gain=664.737 1079.02 1190.4 1093.48 1060.49 893.325 1826.28 1198.81 1023.12 1096.57 969.904 819.516 811.961
threshold=0.01412358788074926 -0.038277741754427545 -0.30602116489899339 -1.1477272727272723 -7.083333333333333 -1.0851080132501238 -1.3194006179086968 0.0035302146958808085 -0.13449074074074074 -1.2222222222222219 4.5000000000000009 0.49953703703703706 3.9166666666666674
decision_type=8 10 10 10 10 8 10 10 8 10 8 10 10
left_child=1 2 4 -4 -1 6 7 -2 9 -7 -10 12 -3
right_child=5 11 3 -5 -6 8 -8 -9 10 -11 -12 -13 -14
leaf_value=-0.058427892243250824 0.035475491671488175 0.089888036931387902 -0.23162766641070107 -0.004070151511354282 0.2760621609972484 -0.1494557325904434 -0.40943077745891759 -0.20079194367470513 -0.10509247273769018 0.15454440643513426 0.017566970503084856 -0.15466646033525466 0.314307435203729
leaf_weight=34 148 159 53 596 62 32 37 78 260 156 407 20 53
leaf_count=34 148 159 53 596 62 32 37 78 260 156 407 20 53
internal_value=-0.000144038 0.0298796 0.000249215 -0.0243587 0.160074 -0.0264419 -0.106097 -0.0484328 -0.00140712 0.100009 -0.0305981 0.122805 0.152173
internal_weight=2095 977 745 649 96 1118 263 226 855 188 667 232 212
internal_count=2095 977 745 649 96 1118 263 226 855 188 667 232 212
is_linear=0
shrinkage=0.05


Tree=66
num_leaves=13
num_cat=0
split_feature=9 33 66 51 19 26 49 50 50 57 10 56
split_gain=716.695 1052.13 964.19 1333.55 1142.57 1171.3 1056.12 791.013 915.736 730.193 708.131 706.842
threshold=10.750000000000004 0.22212301587301583 -4.2055554787317897 -0.075912875586595277 0.040849099587649117 -0.49444442987442011 -21.916666666666661 -0.1006702021363058 -0.16006433491768093 0.16857944801449778 -0.31274892979611951 0.014188581013253767
decision_type=10 10 8 10 8 8 10 10 10 10 10 10
left_child=2 7 3 -1 6 -6 -4 8 -2 -9 -5 -3
right_child=1 11 4 10 5 -7 -8 9 -10 -11 -12 -13
leaf_value=0.15080349082409159 -0.10711009481604745 -0.047739946739426976 0.31763002809137109 0.0064247259387263545 -0.16241490743866488 0.0054133647276709482 0.05229844077796221 -0.19713299039989537 0.24313529153023997 0.090997110527974601 -0.32084486344065821 0.31522894899050397
leaf_weight=27 42 24 35 22 114 817 721 167 26 22 56 22
leaf_count=27 42 24 35 22 114 817 721 167 26 22 56 22
internal_value=-0.000188708 -0.0706825 0.0118664 -0.131567 0.0211857 -0.0158414 0.0666542 -0.110294 0.033603 -0.161855 -0.233109 0.138759
internal_weight=2095 303 1792 105 1687 931 756 257 68 189 78 46
internal_count=2095 303 1792 105 1687 931 756 257 68 189 78 46
is_linear=0
shrinkage=0.05


Tree=67
num_leaves=8
num_cat=0
split_feature=16 43 73 39 70 67 25
split_gain=701.043 1086.88 804.778 810.428 1305.07 695.221 395.236
threshold=-0.23936965564886725 0.76088268061478925 -2395.7999999999997 0.01412358788074926 -0.18024758869983751 1.2979045557865734 0.01297498797498796
decision_type=8 10 8 8 10 8 10
left_child=1 -1 6 4 -4 -5 -2
right_child=2 -3 3 5 -6 -7 -8
leaf_value=-0.35018711136920117 -0.028570013169061256 0.064782842128507559 0.12175148968686614 -0.054643058422405945 -0.0016570346568187235 0.025519850757742719 -0.32407774285033897
leaf_weight=30 22 26 337 608 571 479 22
leaf_count=30 22 26 337 608 571 479 22
internal_value=-0.000133238 -0.167185 0.00482802 0.00974499 0.0445066 -0.0193174 -0.195337
internal_weight=2095 56 2039 1995 908 1087 44
internal_count=2095 56 2039 1995 908 1087 44
is_linear=0
shrinkage=0.05


Tree=68
num_leaves=9
num_cat=0
split_feature=16 2 73 68 26 38 10 58
split_gain=641.186 1055.5 868.58 729.037 705.878 636.384 575.343 294.531
threshold=-0.23936965564886725 -0.29763025813736016 -2395.7999999999997 2.1650616605807413 -0.37638888508081431 -0.22549564542714504 -0.21632980508729813 0.022608868777751926
decision_type=8 8 8 10 10 10 10 8
left_child=5 4 7 -4 -2 -1 -6 -3
right_child=1 2 3 -5 6 -7 -8 -9
leaf_value=-0.016778587298467759 -0.044043200492991937 -0.32456540928946603 -0.0097278406666095139 0.080128732581276785 0.10682278250318927 -0.34754132834764628 0.4469068726869645 -0.051925933010876182
leaf_weight=35 23 22 1664 256 32 21 22 20
leaf_count=35 23 22 1664 256 32 21 22 20
internal_value=-0.000192895 0.00455095 -0.00276237 0.00240407 0.180314 -0.159954 0.272355 -0.215136
internal_weight=2095 2039 1962 1920 77 56 54 42
internal_count=2095 2039 1962 1920 77 56 54 42
is_linear=0
shrinkage=0.05


Tree=69
num_leaves=9
num_cat=0
split_feature=7 69 61 47 54 39 72 10
split_gain=640.725 642.342 1013.46 958.658 929.428 856.986 760.243 375.194
threshold=2.4083333333333337 0.57749999985098854 -13.499999999999998 -1.1999999999999997 -0.007613112750862328 0.012692449614405634 -0.046957321992764867 0.054583324398845445
decision_type=10 10 8 8 8 8 8 10
left_child=1 3 7 5 -5 -1 -4 -3
right_child=-2 2 6 4 -6 -7 -8 -9
leaf_value=0.021562757946013176 0.1979734630137682 -0.074480953693389904 0.056784710460920741 0.078832249887139411 -0.0050477899674832918 -0.18168719960943513 -0.087220570332915665 -0.3798282783839011
leaf_weight=92 35 20 148 504 936 110 224 26
leaf_count=92 35 20 148 504 936 110 224 26
internal_value=-0.000204765 -0.00406729 -0.0590358 0.0100323 0.0244468 -0.0905915 -0.0298023 -0.268367
internal_weight=2095 2060 418 1642 1440 202 372 46
internal_count=2095 2060 418 1642 1440 202 372 46
is_linear=0
shrinkage=0.05


Tree=70
num_leaves=15
num_cat=0
split_feature=9 3 21 43 53 19 74 49 76 36 9 12 14 3
split_gain=625.393 1257.75 1368.66 1259.07 1054.64 782.429 1095.38 1053.28 858.129 823.488 802.573 698.971 584.161 332.22
threshold=10.750000000000004 0.011604005548482144 -0.080128205128204941 1.3450507943828904 0.25227272727272726 0.040849099587649117 -3.4999999999999996 -21.916666666666661 48.250000000000007 0.024167564697563652 -22.291666666666664 -0.092199691881736087 -0.0067050155873099966 0.10757304805641375
decision_type=10 10 10 10 10 8 8 10 10 10 8 10 10 10
left_child=5 3 13 4 -2 7 8 -1 -7 -9 -8 -5 -4 -3
right_child=1 2 12 11 -6 6 10 9 -10 -11 -12 -13 -14 -15
leaf_value=0.28862790304214453 -0.14036106875784501 -0.12615759255630629 -0.51794744547336335 -0.032155609324574473 0.17732945996172289 -0.081251951963033364 -0.2035397946665233 -0.0099363528742649407 -0.39224539122411184 0.094422340648964542 0.015814858443871049 0.31894155572304822 -0.16734089859434076 0.11143104967571074
leaf_weight=38 111 23 26 20 29 133 39 450 23 319 790 36 32 26
leaf_count=38 111 23 26 20 29 133 39 450 23 319 790 36 32 26
internal_value=-0.000238945 -0.0660909 -0.199786 0.00980115 -0.0703633 0.0110207 -0.0188167 0.0473926 -0.138172 0.0336199 0.00427705 0.200372 -0.353936 -0.000519445
internal_weight=2095 303 107 196 140 1792 985 807 156 769 829 56 58 49
internal_count=2095 303 107 196 140 1792 985 807 156 769 829 56 58 49
is_linear=0
shrinkage=0.05


Tree=71
num_leaves=13
num_cat=0
split_feature=34 52 29 0 61 32 2 13 68 8 27 26
split_gain=594.518 934.173 942.069 700.988 1217.87 1314.45 1195.94 1042.61 958.279 950.329 431.51 350.248
threshold=0.55250288359820854 0.044444444444444432 0.018019928596913818 -7.7499999999999991 17.500000000000004 0.10317460317460324 -0.28635896772417857 -0.23333333333333328 2.0163204788100901 -0.36607142857142855 0.14999999552965168 -0.25000000372529024
decision_type=10 10 10 10 8 8 10 8 8 8 10 10
left_child=3 2 11 4 7 -6 9 -1 -8 -5 -3 -2
right_child=1 10 -4 6 5 -7 8 -9 -10 -11 -12 -13
leaf_value=-0.29644664953014366 0.013859594821929933 -0.33899795718309361 0.19400399222970011 0.28369258555813109 -0.076033134975781055 0.30086854634725535 -0.014199474118951054 -0.054183065094687836 0.10258210624586075 0.058245601096167804 -0.05206151881388256 -0.25897524629074792
leaf_weight=49 20 36 35 64 43 41 1124 277 203 159 23 21
leaf_count=49 20 36 35 64 43 41 1124 277 203 159 23 21
internal_value=-0.00030847 -0.099881 0.0169542 0.0067611 -0.0509575 0.113937 0.0221755 -0.094676 0.00394585 0.12797 -0.240729 -0.137758
internal_weight=2095 135 76 1960 410 84 1550 326 1327 223 59 41
internal_count=2095 135 76 1960 410 84 1550 326 1327 223 59 41
is_linear=0
shrinkage=0.05


Tree=72
num_leaves=15
num_cat=0
split_feature=66 72 50 29 21 18 67 0 11 43 8 61 8 69
split_gain=608.738 915.898 1194.87 1166.18 1080.86 1437.31 971.666 845.341 1126.6 1211.39 1005.54 1133.49 754.588 558.805
threshold=-0.66011904428402568 0.095831694057172498 -0.10263864958408073 0.0048413040537741954 0.71269841269841283 0.070923289672161161 -2.9549948540178419 -8.2083333333333304 0.17002165565888092 -5.2390484561522799 0.39722222222222237 -7.4999999999999991 -0.32403846153846144 0.18813811194151644
decision_type=8 10 10 8 8 8 10 10 10 8 10 10 10 10
left_child=1 2 3 -1 5 -3 -4 10 9 -9 11 -2 -10 -12
right_child=7 4 6 -5 -6 -7 -8 8 12 -11 13 -13 -14 -15
leaf_value=0.031712486203444211 0.10551002097449132 -0.26559332122057677 0.30011966018115777 -0.2793033240391658 0.14744628026017123 -0.0051682536219417744 0.019775142876582719 -0.057323913047799761 -0.18461740525984549 0.092187449274093669 0.31701836216449741 -0.1508756897327575 0.015158507910867534 -0.010374219667526984
leaf_weight=54 51 120 29 60 30 93 358 163 77 712 20 193 109 26
leaf_count=54 51 120 29 60 30 93 358 163 77 712 20 193 109 26
internal_value=-0.000309433 -0.0365104 0.00227029 -0.136417 -0.115101 -0.154842 0.0444705 0.0196508 0.0403447 0.0641113 -0.0552914 -0.0960435 -0.0699506 0.148115
internal_weight=2095 744 501 114 243 213 387 1351 1061 875 290 244 186 46
internal_count=2095 744 501 114 243 213 387 1351 1061 875 290 244 186 46
is_linear=0
shrinkage=0.05


Tree=73
num_leaves=15
num_cat=0
split_feature=9 3 21 43 53 66 51 65 14 64 72 12 14 44
split_gain=572.822 1148.65 1269.38 1125.54 955.657 855.935 1209.86 856.576 1288.26 825.197 709.586 642.555 593.22 295.728
threshold=10.750000000000004 0.012264180491911249 -0.24053030303030307 1.3450507943828904 0.25227272727272726 -4.2055554787317897 -0.075912875586595277 -2.6111110597848888 0.022705097217112787 0.224404761904762 -0.1910556526854634 -0.092199691881736087 -0.0078707889964183195 0.072307394817471518
decision_type=10 10 10 10 10 8 10 8 10 8 10 10 10 10
left_child=5 3 13 4 -2 6 -1 8 -7 -9 -8 -5 -4 -3
right_child=1 2 12 11 -6 7 10 9 -10 -11 -12 -13 -14 -15
leaf_value=0.1442071259371005 -0.13275609499114191 -0.094823589563369753 -0.48705799863673749 -0.03323957216739655 0.16933340079644149 0.028560842830981866 -0.021528607111956394 0.035244917724577877 0.29470218161570383 -0.041215745528754982 -0.33154515601554008 0.30283913336149082 -0.15945781990885735 0.14855269122123718
leaf_weight=27 112 20 27 20 29 147 30 908 62 570 48 36 39 20
leaf_count=27 112 20 27 20 29 147 30 908 62 570 48 36 39 20
internal_value=-0.000282572 -0.0633068 -0.191971 0.0087143 -0.0666105 0.0104925 -0.124643 0.0192765 0.112786 0.00568412 -0.22139 0.189105 -0.319042 0.0287384
internal_weight=2095 303 106 197 141 1792 105 1687 209 1478 78 56 66 40
internal_count=2095 303 106 197 141 1792 105 1687 209 1478 78 56 66 40
is_linear=0
shrinkage=0.05


Tree=74
num_leaves=9
num_cat=0
split_feature=7 34 52 68 64 61 21 12
split_gain=582.428 584.208 957.696 705.884 1438.26 910.877 703.627 646.218
threshold=2.4083333333333337 0.55250288359820854 0.044444444444444432 -2.3627831136447726 -0.18227513227513226 -5.4999999999999991 -0.12202380952380952 0.063760296262875979
decision_type=10 10 10 8 8 8 10 10
left_child=1 3 7 4 -1 -5 -4 -3
right_child=-2 2 6 5 -6 -7 -8 -9
leaf_value=-0.14977648699035248 0.1886562990397215 0.11210596026254022 -0.39881345442363192 -0.075485468735940406 0.16486462650520187 0.011935344333849074 -0.04006245863934358 -0.17864069650913109
leaf_weight=43 35 51 30 376 150 1361 25 24
leaf_count=43 35 51 30 376 150 1361 25 24
internal_value=-0.000289656 -0.00397314 -0.104541 0.00302763 0.0924987 -0.00712186 -0.253506 0.0130919
internal_weight=2095 2060 130 1930 193 1737 55 75
internal_count=2095 2060 130 1930 193 1737 55 75
is_linear=0
shrinkage=0.05


Tree=75
num_leaves=9
num_cat=0
split_feature=16 2 73 48 38 63 14 66
split_gain=573.594 864.049 775.86 656.401 564.674 524.811 419.45 278.383
threshold=-0.23936965564886725 -0.29763025813736016 -2395.7999999999997 -20.833333333333329 -0.22549564542714504 1.0000000180025095e-35 0.0245311304461211 -0.82341274619102445
decision_type=8 8 8 8 10 8 10 8
left_child=4 5 7 -4 -1 -2 -7 -3
right_child=1 2 3 -5 -6 6 -8 -9
leaf_value=-0.016379055678844453 0.29998466170539984 -0.31428924521001489 -0.078628390048086916 0.012938363850784297 -0.32814493477344514 0.1663087166075049 -0.11361995458602905 -0.051052995498936916
leaf_weight=35 33 21 216 1704 21 24 20 21
leaf_count=35 33 21 216 1704 21 24 20 21
internal_value=-0.000318651 0.0041672 -0.00244744 0.00243366 -0.151425 0.163194 0.0394378 -0.203168
internal_weight=2095 2039 1962 1920 56 77 44 42
internal_count=2095 2039 1962 1920 56 77 44 42
is_linear=0
shrinkage=0.05


Tree=76
num_leaves=15
num_cat=0
split_feature=66 17 17 50 51 63 0 15 72 10 51 7 3 79
split_gain=549.201 1149.26 1870.92 1101.08 939.077 753.638 740.963 1066.17 919.364 1084.36 1031.24 870.189 703.715 690.041
threshold=-0.66011904428402568 0.058554843848961514 0.10600233100233104 -0.19592174029509932 -0.095703285630969762 0.50041666666666673 -8.2083333333333304 -0.035616161922613791 0.15140176701000504 0.19912563792119428 0.074459988490811438 0.20000000000000054 -0.089965109286519365 10.500000000000002
decision_type=8 10 10 10 10 8 10 8 8 10 10 10 10 10
left_child=1 3 12 -1 -5 -4 7 11 10 -10 -8 -2 -3 -9
right_child=6 2 5 4 -6 -7 8 13 9 -11 -12 -13 -14 -15
leaf_value=-0.33964270970651084 -0.41251390612486638 0.38604619300791199 -0.20927372597298532 0.077648242136352089 -0.08156068314087811 0.12307883844925807 -0.032753744525124126 -0.042385778287469783 0.14177411158190165 -0.039196534984205902 0.12084521564165894 0 0.093502805368466821 0.18408860892057421
leaf_weight=30 28 37 48 112 446 21 506 206 312 109 134 21 50 35
leaf_count=30 28 37 48 112 446 21 506 206 312 109 134 21 50 35
internal_value=-0.000355443 -0.0347415 0.0839449 -0.0667564 -0.0491102 -0.105966 0.0186025 -0.0515571 0.0379778 0.094892 1.60024e-05 -0.252398 0.23268 -0.00621892
internal_weight=2095 744 156 588 558 69 1351 290 1061 421 640 49 87 241
internal_count=2095 744 156 588 558 69 1351 290 1061 421 640 49 87 241
is_linear=0
shrinkage=0.05


Tree=77
num_leaves=12
num_cat=0
split_feature=56 45 61 38 59 63 34 39 6 7 63
split_gain=540.597 756.572 954.889 873.057 850.522 623.422 464.025 423.908 412.274 354.518 335.76
threshold=0.09958191439509391 0.071471902450163327 20.500000000000004 -0.0049198362976312629 -0.15330334195718809 0.14515256734006735 -1.6115478314459322 -0.013478036038577555 -0.011118300438827075 0.14999999999999983 -0.045976631393298058
decision_type=10 10 10 10 8 8 10 8 10 10 10
left_child=1 2 4 8 -1 -4 -2 -8 -3 -9 -5
right_child=6 3 5 10 -6 -7 7 9 -10 -11 -12
leaf_value=-0.20311472947812745 0.24213803912081372 -0.095256414598432093 0.030466719344258309 0.13070814172426859 -0.0016062795504529254 0.27787987869613023 -0.13523868134728187 -0.03195659679174423 -0.40403667092323303 0.24165225964784623 -0.11737407302856447
leaf_weight=49 36 24 57 25 1753 44 22 20 25 20 20
leaf_count=49 36 24 57 25 1753 44 22 20 25 20 20
internal_value=-0.000340486 -0.0061107 0.000871602 -0.140875 -0.00766023 0.146746 0.111346 0.0222529 -0.276547 0.115386 0.0187378
internal_weight=2095 1997 1903 94 1802 101 98 62 49 40 45
internal_count=2095 1997 1903 94 1802 101 98 62 49 40 45
is_linear=0
shrinkage=0.05


Tree=78
num_leaves=9
num_cat=0
split_feature=7 69 41 68 47 47 9 62
split_gain=534.619 537.676 1104.59 1323.05 916.94 826.53 843.544 792.429
threshold=2.4083333333333337 0.57749999985098854 0.051752964756451553 -2.9920008640815734 -0.3371212121212121 -1.1999999999999997 6.9999999999999991 -0.18333333333333335
decision_type=10 10 10 10 10 8 10 10
left_child=1 5 3 -3 -4 6 -1 -7
right_child=-2 2 4 -5 -6 7 -8 -9
leaf_value=-0.020337269893037038 0.18069135300815106 0.17450820358621111 0.23194774982391619 -0.14741450083157961 -0.03366056370835465 -0.02199529157406635 -0.24633310609336556 0.053172819772691719
leaf_weight=149 35 32 46 254 86 589 53 851
leaf_count=149 35 32 46 254 86 589 53 851
internal_value=-0.000332478 -0.0038624 -0.0541544 -0.108844 0.0636221 0.0090355 -0.0843926 0.0224227
internal_weight=2095 2060 418 286 132 1642 202 1440
internal_count=2095 2060 418 286 132 1642 202 1440
is_linear=0
shrinkage=0.05


Tree=79
num_leaves=12
num_cat=0
split_feature=49 48 0 77 1 70 51 51 25 32 34
split_gain=536.678 1280.69 818.858 779.246 883.949 688.031 1285.68 828.618 652.619 583.046 497.906
threshold=-22.416666666666661 -20.833333333333329 6.5833333333333348 533.4000000000002 -0.044983157732834407 -0.14211752238328609 0.18937138294180236 0.034873233238856029 -0.056666065416065413 0.088888888888888892 0.011939775819579767
decision_type=8 8 10 10 10 8 10 8 10 10 8
left_child=2 3 8 10 -5 6 -3 -7 -1 -10 -2
right_child=1 5 -4 4 -6 7 -8 -9 9 -11 -12
leaf_value=0.24016704827547075 -0.44739339593797922 0.068425420867744044 0.3194495583884418 0.20987187770009041 -0.13343439133543719 -0.055188074884705167 -0.19367049745484896 0.027289020895682969 -0.15993606112897396 0.12812165963862623 -0.12550524747552905
leaf_weight=20 23 576 27 20 71 650 46 564 43 23 32
leaf_count=20 23 576 27 20 71 650 46 564 43 23 32
internal_value=-0.000295548 -0.0064709 0.10328 -0.146456 -0.0504606 0.00500122 0.0475725 -0.0168751 0.0210401 -0.0568947 -0.287012
internal_weight=2095 1982 113 146 91 1836 622 1214 86 66 55
internal_count=2095 1982 113 146 91 1836 622 1214 86 66 55
is_linear=0
shrinkage=0.05


Tree=80
num_leaves=10
num_cat=0
split_feature=31 41 55 44 53 6 17 55 63
split_gain=525.687 1390.77 1042.22 1144.07 751.52 823.496 894.764 894.615 455.327
threshold=-3.6880094395743455 -0.26230589300394053 0.22202272682140275 0.1466119717692588 1.8944444444444448 0.035873458264762619 0.11332422207422209 0.016537447498800845 -0.094257706028539348
decision_type=8 8 10 10 10 10 10 8 10
left_child=1 -1 3 -3 5 6 -2 -7 -6
right_child=4 2 -4 -5 8 7 -8 -9 -10
leaf_value=-0.22822289417630862 0.0077351798792783429 0.059107630169906084 -0.18167520165443421 0.29677404690472808 0.25790884097106759 -0.20537168262526395 -0.13417616792645334 -0.010517425946597977 -0.022607292578770564
leaf_weight=37 1233 331 32 56 35 111 117 122 21
leaf_count=37 1233 331 32 56 35 111 117 122 21
internal_value=-0.00029408 0.0468678 0.0736825 0.0969729 -0.0135484 -0.0201525 -0.00497663 -0.105919 0.158665
internal_weight=2095 456 419 387 1639 1583 1350 233 56
internal_count=2095 456 419 387 1639 1583 1350 233 56
is_linear=0
shrinkage=0.05


Tree=81
num_leaves=10
num_cat=0
split_feature=9 13 0 31 49 32 63 6 26
split_gain=507.99 574.88 1157.88 1023.04 939.404 786.191 731.979 619.497 448.328
threshold=-22.291666666666664 -0.30952380952380942 -1.4166666666666663 0.69262832983946165 -5.1166666666666645 0.49801587301587308 -0.15868055555555549 0.0019782663062017651 -0.24722220997015634
decision_type=8 8 10 8 10 10 10 10 10
left_child=8 2 4 -4 -2 6 -3 -7 -1
right_child=1 5 3 -5 -6 7 -8 -9 -10
leaf_value=-0.26296131998738825 -0.21690092155628882 0.024530217439674706 0.32052230635308665 0.03384270048227863 0.075097689421280575 0.34576979697282828 -0.039980216301941818 -0.0018973520823887418 0.020461278353576307
leaf_weight=29 41 787 59 64 64 23 983 23 22
leaf_count=29 41 787 59 64 64 23 983 23 22
internal_value=-0.000299739 0.00373781 0.0776947 0.178895 -0.0431427 -0.0057079 -0.0112803 0.187812 -0.148897
internal_weight=2095 2044 228 123 105 1816 1770 46 51
internal_count=2095 2044 228 123 105 1816 1770 46 51
is_linear=0
shrinkage=0.05


Tree=82
num_leaves=14
num_cat=0
split_feature=9 32 64 66 51 19 78 15 72 76 23 32 19
split_gain=493.184 794.556 1014.19 735.24 1040.23 925.898 1055.13 1000.33 605.412 558.611 627.276 537.314 434.76
threshold=10.750000000000004 0.11111111111111101 -0.029931257014590287 -4.2055554787317897 -0.075912875586595277 0.01661254151258618 0.39230769230769241 -0.013330578804016112 -0.1910556526854634 45.750000000000007 -0.4107142857142857 -0.18888888888888883 -0.26373503070014209
decision_type=10 10 8 8 10 8 2 8 10 8 10 10 10
left_child=3 9 -3 4 -1 6 -5 -7 -6 11 -11 -2 -4
right_child=1 2 12 5 8 7 -8 -9 -10 10 -12 -13 -14
leaf_value=0.13372460734099151 -0.14100318022218405 -0.20759781442869168 0.29217451431534508 0.17448906203340969 -0.020379618133551311 -0.10415016509106625 0.027804189548960759 0.01432417349318113 -0.30697986460730153 -0.060034275560321974 -0.29858095323046052 0.079756362984577819 0.039350466065936618
leaf_weight=27 46 21 28 157 30 225 520 785 48 58 55 55 40
leaf_count=27 46 21 28 157 30 225 520 785 48 58 55 55 40
internal_value=-0.000245646 -0.0587267 0.0639892 0.00975067 -0.115491 0.0178936 0.0629244 -0.0124024 -0.20522 -0.110287 -0.184297 -0.0222243 0.157021
internal_weight=2095 303 89 1792 105 1687 677 1010 78 214 113 101 68
internal_count=2095 303 89 1792 105 1687 677 1010 78 214 113 101 68
is_linear=0
shrinkage=0.05


Tree=83
num_leaves=13
num_cat=0
split_feature=34 52 50 15 21 76 68 46 35 37 15 37
split_gain=482.525 745.344 763.179 797.337 667.819 635.082 1047.01 1560.28 1099.51 792.348 876.708 802.021
threshold=0.55250288359820854 0.044444444444444432 0.043273318471619866 -0.011209134012460707 -0.16538461538461521 48.250000000000007 -0.65694708576015259 -0.048792221342331479 -0.43745523365214461 0.0088185047109921883 -0.022606454789638488 -0.030927914820957015
decision_type=10 10 10 10 10 10 8 10 8 10 10 10
left_child=5 2 3 -2 -3 9 7 -7 -8 11 -11 -1
right_child=1 4 -4 -5 -6 6 8 -9 -10 10 -12 -13
leaf_value=0.0056150682514212111 0.33137027208621683 -0.35853653632932242 -0.17007891009835638 -0.050645009308092064 -0.025862087038430299 0.09371177376584805 -0.31274382197856904 -0.25630528675914505 0.032098131850240082 -0.020726224887616856 0.10931852769368051 -0.17784653287526453
leaf_weight=853 21 31 29 26 28 42 20 102 301 189 394 59
leaf_count=853 21 31 29 26 28 42 20 102 301 189 394 59
internal_value=-0.000277066 -0.0899844 0.0143574 0.134531 -0.215793 0.00608956 -0.0446102 -0.154162 0.00599213 0.0219885 0.0672572 -0.00710409
internal_weight=2095 135 76 47 59 1960 465 144 321 1495 583 912
internal_count=2095 135 76 47 59 1960 465 144 321 1495 583 912
is_linear=0
shrinkage=0.05


Tree=84
num_leaves=9
num_cat=0
split_feature=7 54 35 36 34 15 7 52
split_gain=496.863 498.05 764.349 1748.59 1363.78 650.942 1080 827.369
threshold=2.4083333333333337 -0.022481883255143952 0.33588642627000814 0.39760578852146872 -0.19308944651857016 -0.023540057241916681 -0.46666666666666623 -0.25555555555555554
decision_type=10 8 10 10 8 10 10 10
left_child=1 5 3 -3 -4 7 -7 -1
right_child=-2 2 4 -5 -6 6 -8 -9
leaf_value=0.19132804123143998 0.17415256708860399 -0.015920669630489454 0.11250548241315064 0.24761091922268724 -0.18147524065011508 -0.040246699608664602 0.15480495403159639 -0.096868993466705439
leaf_weight=26 35 1353 49 61 149 108 191 123
leaf_count=26 35 1353 49 61 149 108 191 123
internal_value=-0.000360907 -0.00376465 -0.0167593 -0.00368425 -0.107497 0.0425515 0.0846839 -0.0416757
internal_weight=2095 2060 1612 1414 198 448 299 149
internal_count=2095 2060 1612 1414 198 448 299 149
is_linear=0
shrinkage=0.05


Tree=85
num_leaves=12
num_cat=0
split_feature=49 48 61 8 0 77 75 77 16 25 69
split_gain=489.153 1149.98 984.015 1044.23 746.336 651.727 860.391 789.626 626.232 591.792 558.323
threshold=-22.416666666666661 -20.833333333333329 8.5000000000000018 -0.22430555555555556 6.5833333333333348 1849.7500000000002 -1.4707658262147258 1634.0000000000002 -0.06014356017112734 -0.056666065416065413 -0.21465247303044052
decision_type=8 8 10 10 10 10 10 8 10 10 10
left_child=4 2 3 -2 9 7 -7 -3 -4 -1 -11
right_child=1 5 8 -5 -6 6 -8 -9 -10 10 -12
leaf_value=0.22874818651378154 -0.40039101848378778 0.0066671835255190789 0.22393528485298156 -0.064565108594569307 0.30498700845055282 -0.17997945771337703 0.0043291671720869611 0.14017400225624441 -0.098440645821392544 0.11256145421535738 -0.16404683092402089
leaf_weight=20 43 1462 20 50 27 99 160 115 33 26 40
leaf_count=20 43 1462 20 50 27 99 160 115 33 26 40
internal_value=-0.000275494 -0.00617218 -0.138823 -0.232856 0.0986067 0.00469749 -0.0680059 0.0168468 0.0311662 0.020066 -0.0541226
internal_weight=2095 1982 146 93 113 1836 259 1577 53 86 66
internal_count=2095 1982 146 93 113 1836 259 1577 53 86 66
is_linear=0
shrinkage=0.05


Tree=86
num_leaves=14
num_cat=0
split_feature=62 63 45 43 72 55 33 10 3 18 10 48 37
split_gain=472.29 939.653 1008.64 929.267 1261.14 1053.94 1001.2 806.216 802.227 796.158 738.464 734.381 522.767
threshold=-0.20393518518518522 -0.12499999999999997 0.069213963883775223 -2.4311199933290477 0.47646304061636335 -0.10706818332740416 0.0089880952380951857 0.64187257755547777 -0.22277421667240557 -0.089751591905951486 0.13795983170469606 -20.583333333333329 0.38271233532466886
decision_type=8 8 10 10 8 10 10 10 8 8 10 10 8
left_child=3 7 8 5 6 10 -5 11 -3 -7 -1 -2 -4
right_child=1 2 12 4 -6 9 -8 -9 -10 -11 -12 -13 -14
leaf_value=-0.14978406387248208 -0.089424938524496705 -0.10103275759122621 -0.25668794229879216 -0.15673119698504084 0.2517562964253805 -0.0090713076569415903 0.086202081317057866 -0.17806881572361347 0.017468062071180401 -0.36599055246402656 0.18249655440449716 0.13840199570809858 0.00074068921453812543
leaf_weight=30 37 157 54 90 39 22 72 22 1200 54 27 262 29
leaf_count=30 37 157 54 90 39 22 72 22 1200 54 27 262 29
internal_value=-0.000244579 0.0101087 -0.00718872 -0.0543231 0.0137154 -0.154282 -0.0491132 0.086778 0.00340067 -0.270227 0.0088298 0.109038 -0.171243
internal_weight=2095 1761 1440 334 201 133 162 321 1357 76 57 299 83
internal_count=2095 1761 1440 334 201 133 162 321 1357 76 57 299 83
is_linear=0
shrinkage=0.05


Tree=87
num_leaves=13
num_cat=0
split_feature=31 52 64 48 51 76 2 31 79 34 52 7
split_gain=469.149 864.38 918.392 931.934 800.037 1069.15 1422.36 1136.29 813.254 777.268 757.18 245.021
threshold=-3.6880094395743455 0.47361111111111115 -0.06541005291005296 10.166666666666666 0.034873233238856029 44.250000000000007 0.095944760988156005 -1.8396826131003239 22.500000000000004 0.45512409104655188 0.25277777777777793 -0.31666666666666643
decision_type=8 10 10 10 8 8 10 8 8 10 10 10
left_child=1 2 10 -4 5 7 -7 -2 9 -6 -1 -10
right_child=4 -3 3 -5 8 6 -8 -9 11 -11 -12 -13
leaf_value=-0.054186060322124675 -0.20483654471843141 -0.24248263967037201 0.065562649765891629 0.29416779620993522 0.055209353459269472 -0.038888122126633347 -0.22019144872418878 0.062382364210246483 -0.22914617132199441 -0.14594194184129056 0.2293441796468364 -0.0081285973787307755
leaf_weight=179 41 20 178 57 641 425 142 290 33 47 22 20
leaf_count=179 41 20 178 57 641 425 142 290 33 47 22 20
internal_value=-0.000308508 0.0442437 0.0601098 0.126193 -0.012831 -0.0444737 -0.0859092 0.0265783 0.0254899 0.0404419 -0.0180968 -0.154496
internal_weight=2095 456 436 235 1639 898 567 331 741 688 201 53
internal_count=2095 456 436 235 1639 898 567 331 741 688 201 53
is_linear=0
shrinkage=0.05


Tree=88
num_leaves=9
num_cat=0
split_feature=16 2 26 36 27 2 38 10
split_gain=485.138 739.732 607.526 554.818 940.205 820.268 519.396 488.948
threshold=-0.23936965564886725 -0.29763025813736016 -0.37638888508081431 0.0023260815069079403 0.53333332836627967 0.26570934305588412 -0.22549564542714504 -0.21632980508729813
decision_type=8 8 10 8 8 10 10 10
left_child=6 2 -2 4 -3 -5 -1 -4
right_child=1 3 7 5 -6 -7 -8 -9
leaf_value=-0.010539941228926182 -0.054765426394130505 -0.017447072807837874 0.086453139620858266 0.029083080059105468 -0.20643197885931355 -0.14492903286591172 -0.30871930443323575 0.39666895369688671
leaf_weight=35 23 693 32 1134 68 67 21 22
leaf_count=35 23 693 32 1134 68 67 21 22
internal_value=-0.000347503 0.00377619 0.150919 -0.00234207 -0.0356365 0.0187734 -0.139316 0.23659
internal_weight=2095 2039 77 1962 761 1201 56 54
internal_count=2095 2039 77 1962 761 1201 56 54
is_linear=0
shrinkage=0.05


end of trees

feature_importances:
diff_opening_spread=94
ats_margin_avg3_away=29
diff_off_sack_rate_std=28
diff_rb_weighted_epa_roll6=28
diff_def_injury_impact_roll3=26
diff_def_injury_impact_std=21
diff_def_penalty_yards_drawn_roll6=21
diff_off_penalties_std=20
diff_skill_injury_impact_roll3=20
diff_away_off_epa_roll6=19
travel_miles_away=19
diff_def_rz_epa_roll6=18
diff_div_def_epa_std=18
diff_ko_return_avg_std=18
diff_leading_def_epa_roll3=18
diff_opp_fumble_recovery_rate_std_roll6=18
diff_leading_off_epa_std=17
diff_off_success_rate_std=17
diff_own_fumble_recovery_rate_std_roll3=17
diff_rb_weighted_epa_roll3=17
diff_away_def_epa_roll6=16
diff_def_explosive_rush_rate_std=16
diff_fg_att_std=16
diff_off_explosive_pass_rate_roll3=16
diff_off_rz_success_rate_std=16
diff_nondiv_def_epa_roll6=15
diff_punt_return_avg_roll6=15
opening_total_away=15
diff_nondiv_def_epa_roll3=14
diff_off_cpoe_roll6=14
diff_off_sos_score_roll3=14
diff_off_third_down_rate_roll3=14
diff_off_three_and_out_rate_std=14
diff_travel_miles=14
diff_def_rz_td_rate_roll3=13
diff_fourth_down_success_rate_roll3=13
diff_off_rz_trips_std=13
diff_off_third_down_rate_roll6=13
diff_off_rz_td_rate_roll3=12
diff_punt_return_avg_roll3=12
diff_def_third_down_rate_roll3=11
diff_div_def_epa_roll6=11
diff_off_explosive_rush_rate_roll3=11
diff_off_penalty_yards_drawn_roll3=11
diff_def_rz_success_rate_std=10
diff_def_three_and_out_rate_std=10
diff_home_def_epa_std=10
diff_leading_off_epa_roll3=10
diff_nondiv_off_epa_std=10
diff_off_penalty_yards_drawn_roll6=10
diff_off_top_seconds_std=10
diff_trailing_off_epa_roll6=10
diff_def_sack_rate_roll6=9
diff_def_success_rate_roll6=9
diff_home_off_epa_roll6=9
diff_leading_off_epa_roll6=9
diff_off_epa_per_play_roll6=9
diff_opp_fumble_recovery_rate_std=9
diff_skill_injury_impact_roll6=9
diff_ko_touchback_rate_roll3=8
diff_off_avg_drive_plays_std=8
wind_speed_away=8
diff_def_rz_success_rate_roll3=7
diff_div_off_epa_roll6=7
win_pct_home=7
diff_adj_off_epa_std=6
diff_off_rush_epa_std=6
diff_win_streak=6
diff_wr_te_weighted_epa_std=6
diff_fourth_down_go_rate_std=5
diff_fourth_down_success_rate_roll6=5
diff_def_avg_drive_plays_roll3=4
diff_fg_pct_50plus_std=4
diff_ko_touchback_rate_roll6=4
diff_nondiv_off_epa_roll3=4
diff_trailing_def_epa_std=4
diff_home_def_epa_roll6=3
diff_fg_pct_50plus_roll6=2
diff_def_epa_per_play_roll6=1
diff_fourth_down_go_rate_roll3=1

parameters:
[boosting: gbdt]
[objective: regression]
[metric: l2]
[tree_learner: serial]
[device_type: cpu]
[data_sample_strategy: bagging]
[data: ]
[valid: ]
[num_iterations: 500]
[learning_rate: 0.05]
[num_leaves: 31]
[num_threads: 16]
[seed: 42]
[deterministic: 0]
[force_col_wise: 1]
[force_row_wise: 0]
[histogram_pool_size: -1]
[max_depth: 4]
[min_data_in_leaf: 20]
[min_sum_hessian_in_leaf: 0.001]
[bagging_fraction: 0.8]
[pos_bagging_fraction: 1]
[neg_bagging_fraction: 1]
[bagging_freq: 0]
[bagging_seed: 400]
[bagging_by_query: 0]
[feature_fraction: 0.7]
[feature_fraction_bynode: 1]
[feature_fraction_seed: 30056]
[extra_trees: 0]
[extra_seed: 12879]
[early_stopping_round: 0]
[early_stopping_min_delta: 0]
[first_metric_only: 0]
[max_delta_step: 0]
[lambda_l1: 1]
[lambda_l2: 5]
[linear_lambda: 0]
[min_gain_to_split: 0]
[drop_rate: 0.1]
[max_drop: 50]
[skip_drop: 0.5]
[xgboost_dart_mode: 0]
[uniform_drop: 0]
[drop_seed: 17869]
[top_rate: 0.2]
[other_rate: 0.1]
[min_data_per_group: 100]
[max_cat_threshold: 32]
[cat_l2: 10]
[cat_smooth: 10]
[max_cat_to_onehot: 4]
[top_k: 20]
[monotone_constraints: ]
[monotone_constraints_method: basic]
[monotone_penalty: 0]
[feature_contri: ]
[forcedsplits_filename: ]
[refit_decay_rate: 0.9]
[cegb_tradeoff: 1]
[cegb_penalty_split: 0]
[cegb_penalty_feature_lazy: ]
[cegb_penalty_feature_coupled: ]
[path_smooth: 0]
[interaction_constraints: ]
[verbosity: -1]
[saved_feature_importance_type: 0]
[use_quantized_grad: 0]
[num_grad_quant_bins: 4]
[quant_train_renew_leaf: 0]
[stochastic_rounding: 1]
[linear_tree: 0]
[max_bin: 255]
[max_bin_by_feature: ]
[min_data_in_bin: 3]
[bin_construct_sample_cnt: 200000]
[data_random_seed: 175]
[is_enable_sparse: 1]
[enable_bundle: 1]
[use_missing: 1]
[zero_as_missing: 0]
[feature_pre_filter: 1]
[pre_partition: 0]
[two_round: 0]
[header: 0]
[label_column: ]
[weight_column: ]
[group_column: ]
[ignore_column: ]
[categorical_feature: ]
[forcedbins_filename: ]
[precise_float_parser: 0]
[parser_config_file: ]
[objective_seed: 16083]
[num_class: 1]
[is_unbalance: 0]
[scale_pos_weight: 1]
[sigmoid: 1]
[boost_from_average: 1]
[reg_sqrt: 0]
[alpha: 0.9]
[fair_c: 1]
[poisson_max_delta_step: 0.7]
[tweedie_variance_power: 1.5]
[lambdarank_truncation_level: 30]
[lambdarank_norm: 1]
[label_gain: ]
[lambdarank_position_bias_regularization: 0]
[eval_at: ]
[multi_error_top_k: 1]
[auc_mu_weights: ]
[num_machines: 1]
[local_listen_port: 12400]
[time_out: 120]
[machine_list_filename: ]
[machines: ]
[gpu_platform_id: -1]
[gpu_device_id: -1]
[gpu_use_dp: 0]
[num_gpu: 1]

end of parameters

pandas_categorical:[]
